0 510 -0.0186776
0.01 510 1.68569e-05
0.02 510 0.0187113
0.03 510 0.0374058
0.04 510.001 0.0561003
0.05 510.002 0.0747948
0.06 510.003 0.0934893
0.07 510.004 0.112184
0.08 510.005 0.130878
0.09 510.007 0.149573
0.1 510.008 0.168267
0.11 510.01 0.186962
0.12 510.012 0.205656
0.13 510.014 0.224351
0.14 510.017 0.243045
0.15 510.019 0.261739
0.16 510.022 0.280434
0.17 510.025 0.299128
0.18 510.028 0.317823
0.19 510.032 0.336517
0.2 510.035 0.355211
0.21 510.039 0.373906
0.22 510.043 0.3926
0.23 510.047 0.411294
0.24 510.051 0.429989
0.25 510.056 0.448683
0.26 510.061 0.467377
0.27 510.065 0.486071
0.28 510.07 0.504765
0.29 510.076 0.52346
0.3 510.081 0.542154
0.31 510.087 0.560848
0.32 510.093 0.579542
0.33 510.099 0.598236
0.34 510.105 0.61693
0.35 510.111 0.635624
0.36 510.118 0.654318
0.37 510.124 0.673012
0.38 510.131 0.691706
0.39 510.138 0.7104
0.4 510.146 0.729094
0.41 510.153 0.747788
0.42 510.161 0.766481
0.43 510.169 0.785175
0.44 510.177 0.803869
0.45 510.185 0.822562
0.46 510.193 0.841256
0.47 510.202 0.85995
0.48 510.211 0.878643
0.49 510.22 0.897337
0.5 510.229 0.91603
0.51 510.238 0.934724
0.52 510.248 0.953417
0.53 510.257 0.97211
0.54 510.267 0.990804
0.55 510.277 1.0095
0.56 510.288 1.02819
0.57 510.298 1.04688
0.58 510.309 1.06558
0.59 510.32 1.08427
0.6 510.331 1.10296
0.61 510.342 1.12166
0.62 510.353 1.14035
0.63 510.365 1.15904
0.64 510.377 1.17773
0.65 510.389 1.19643
0.66 510.401 1.21512
0.67 510.413 1.23381
0.68 510.426 1.2525
0.69 510.438 1.2712
0.7 510.451 1.28989
0.71 510.464 1.30858
0.72 510.478 1.32727
0.73 510.491 1.34597
0.74 510.505 1.36466
0.75 510.519 1.38335
0.76 510.533 1.40204
0.77 510.547 1.42073
0.78 510.561 1.43943
0.79 510.576 1.45812
0.8 510.591 1.47681
0.81 510.606 1.4955
0.82 510.621 1.51419
0.83 510.636 1.53289
0.84 510.651 1.55158
0.85 510.667 1.57027
0.86 510.683 1.58896
0.87 510.699 1.60765
0.88 510.715 1.62634
0.89 510.732 1.64503
0.9 510.749 1.66372
0.91 510.765 1.68242
0.92 510.782 1.70111
0.93 510.8 1.7198
0.94 510.817 1.73849
0.95 510.835 1.75718
0.96 510.852 1.77587
0.97 510.87 1.79456
0.98 510.888 1.81325
0.99 510.907 1.83194
1 510.925 1.85063
1.01 510.944 1.86932
1.02 510.963 1.88801
1.03 510.982 1.9067
1.04 511.001 1.92539
1.05 511.021 1.94408
1.06 511.04 1.96277
1.07 511.06 1.98146
1.08 511.08 2.00015
1.09 511.1 2.01884
1.1 511.121 2.03753
1.11 511.141 2.05622
1.12 511.162 2.07491
1.13 511.183 2.0936
1.14 511.204 2.11228
1.15 511.225 2.13097
1.16 511.247 2.14966
1.17 511.268 2.16835
1.18 511.29 2.18704
1.19 511.312 2.20573
1.2 511.335 2.22442
1.21 511.357 2.2431
1.22 511.38 2.26179
1.23 511.402 2.28048
1.24 511.425 2.29917
1.25 511.449 2.31786
1.26 511.472 2.33654
1.27 511.495 2.35523
1.28 511.519 2.37392
1.29 511.543 2.39261
1.3 511.567 2.41129
1.31 511.592 2.42998
1.32 511.616 2.44867
1.33 511.641 2.46735
1.34 511.666 2.48604
1.35 511.691 2.50473
1.36 511.716 2.52341
1.37 511.741 2.5421
1.38 511.767 2.56079
1.39 511.793 2.57947
1.4 511.819 2.59816
1.41 511.845 2.61684
1.42 511.871 2.63553
1.43 511.898 2.65422
1.44 511.924 2.6729
1.45 511.951 2.69159
1.46 511.978 2.71027
1.47 512.006 2.72896
1.48 512.033 2.74764
1.49 512.061 2.76633
1.5 512.089 2.78501
1.51 512.117 2.8037
1.52 512.145 2.82238
1.53 512.173 2.84107
1.54 512.202 2.85975
1.55 512.231 2.87843
1.56 512.26 2.89712
1.57 512.289 2.9158
1.58 512.318 2.93449
1.59 512.348 2.95317
1.6 512.378 2.97185
1.61 512.407 2.99054
1.62 512.438 3.00922
1.63 512.468 3.0279
1.64 512.498 3.04659
1.65 512.529 3.06527
1.66 512.56 3.08395
1.67 512.591 3.10263
1.68 512.622 3.12132
1.69 512.653 3.14
1.7 512.685 3.15868
1.71 512.717 3.17736
1.72 512.749 3.19604
1.73 512.781 3.21472
1.74 512.813 3.23341
1.75 512.846 3.25209
1.76 512.878 3.27077
1.77 512.911 3.28945
1.78 512.944 3.30813
1.79 512.978 3.32681
1.8 513.011 3.34549
1.81 513.045 3.36417
1.82 513.079 3.38285
1.83 513.113 3.40153
1.84 513.147 3.42021
1.85 513.181 3.43889
1.86 513.216 3.45757
1.87 513.251 3.47625
1.88 513.286 3.49493
1.89 513.321 3.51361
1.9 513.356 3.53229
1.91 513.391 3.55097
1.92 513.427 3.56964
1.93 513.463 3.58832
1.94 513.499 3.607
1.95 513.535 3.62568
1.96 513.572 3.64436
1.97 513.608 3.66303
1.98 513.645 3.68171
1.99 513.682 3.70039
2 513.719 3.71907
2.01 513.757 3.73774
2.02 513.794 3.75642
2.03 513.832 3.7751
2.04 513.87 3.79377
2.05 513.908 3.81245
2.06 513.947 3.83113
2.07 513.985 3.8498
2.08 514.024 3.86848
2.09 514.063 3.88715
2.1 514.102 3.90583
2.11 514.141 3.9245
2.12 514.18 3.94318
2.13 514.22 3.96185
2.14 514.26 3.98053
2.15 514.3 3.9992
2.16 514.34 4.01788
2.17 514.38 4.03655
2.18 514.421 4.05522
2.19 514.462 4.0739
2.2 514.503 4.09257
2.21 514.544 4.11124
2.22 514.585 4.12992
2.23 514.626 4.14859
2.24 514.668 4.16726
2.25 514.71 4.18594
2.26 514.752 4.20461
2.27 514.794 4.22328
2.28 514.837 4.24195
2.29 514.879 4.26062
2.3 514.922 4.27929
2.31 514.965 4.29797
2.32 515.008 4.31664
2.33 515.052 4.33531
2.34 515.095 4.35398
2.35 515.139 4.37265
2.36 515.183 4.39132
2.37 515.227 4.40999
2.38 515.271 4.42866
2.39 515.316 4.44733
2.4 515.36 4.466
2.41 515.405 4.48467
2.42 515.45 4.50334
2.43 515.495 4.52201
2.44 515.541 4.54067
2.45 515.586 4.55934
2.46 515.632 4.57801
2.47 515.678 4.59668
2.48 515.724 4.61535
2.49 515.771 4.63401
2.5 515.817 4.65268
2.51 515.864 4.67135
2.52 515.911 4.69001
2.53 515.958 4.70868
2.54 516.005 4.72735
2.55 516.053 4.74601
2.56 516.1 4.76468
2.57 516.148 4.78335
2.58 516.196 4.80201
2.59 516.244 4.82068
2.6 516.293 4.83934
2.61 516.341 4.85801
2.62 516.39 4.87667
2.63 516.439 4.89533
2.64 516.488 4.914
2.65 516.537 4.93266
2.66 516.587 4.95133
2.67 516.637 4.96999
2.68 516.686 4.98865
2.69 516.737 5.00732
2.7 516.787 5.02598
2.71 516.837 5.04464
2.72 516.888 5.0633
2.73 516.939 5.08197
2.74 516.99 5.10063
2.75 517.041 5.11929
2.76 517.092 5.13795
2.77 517.144 5.15661
2.78 517.196 5.17527
2.79 517.248 5.19393
2.8 517.3 5.21259
2.81 517.352 5.23125
2.82 517.405 5.24991
2.83 517.457 5.26857
2.84 517.51 5.28723
2.85 517.563 5.30589
2.86 517.616 5.32455
2.87 517.67 5.34321
2.88 517.723 5.36187
2.89 517.777 5.38052
2.9 517.831 5.39918
2.91 517.885 5.41784
2.92 517.94 5.4365
2.93 517.994 5.45515
2.94 518.049 5.47381
2.95 518.104 5.49247
2.96 518.159 5.51112
2.97 518.214 5.52978
2.98 518.27 5.54843
2.99 518.326 5.56709
3 518.381 5.58575
3.01 518.437 5.6044
3.02 518.494 5.62305
3.03 518.55 5.64171
3.04 518.607 5.66036
3.05 518.663 5.67902
3.06 518.72 5.69767
3.07 518.778 5.71632
3.08 518.835 5.73498
3.09 518.893 5.75363
3.1 518.95 5.77228
3.11 519.008 5.79093
3.12 519.066 5.80959
3.13 519.125 5.82824
3.14 519.183 5.84689
3.15 519.242 5.86554
3.16 519.3 5.88419
3.17 519.36 5.90284
3.18 519.419 5.92149
3.19 519.478 5.94014
3.2 519.538 5.95879
3.21 519.597 5.97744
3.22 519.657 5.99609
3.23 519.718 6.01474
3.24 519.778 6.03339
3.25 519.838 6.05204
3.26 519.899 6.07069
3.27 519.96 6.08933
3.28 520.021 6.10798
3.29 520.082 6.12663
3.3 520.144 6.14527
3.31 520.205 6.16392
3.32 520.267 6.18257
3.33 520.329 6.20121
3.34 520.392 6.21986
3.35 520.454 6.23851
3.36 520.516 6.25715
3.37 520.579 6.2758
3.38 520.642 6.29444
3.39 520.705 6.31308
3.4 520.769 6.33173
3.41 520.832 6.35037
3.42 520.896 6.36902
3.43 520.96 6.38766
3.44 521.024 6.4063
3.45 521.088 6.42494
3.46 521.152 6.44359
3.47 521.217 6.46223
3.48 521.282 6.48087
3.49 521.347 6.49951
3.5 521.412 6.51815
3.51 521.477 6.53679
3.52 521.543 6.55543
3.53 521.609 6.57407
3.54 521.675 6.59271
3.55 521.741 6.61135
3.56 521.807 6.62999
3.57 521.874 6.64863
3.58 521.94 6.66727
3.59 522.007 6.68591
3.6 522.074 6.70454
3.61 522.141 6.72318
3.62 522.209 6.74182
3.63 522.276 6.76046
3.64 522.344 6.77909
3.65 522.412 6.79773
3.66 522.48 6.81636
3.67 522.549 6.835
3.68 522.617 6.85364
3.69 522.686 6.87227
3.7 522.755 6.8909
3.71 522.824 6.90954
3.72 522.893 6.92817
3.73 522.963 6.94681
3.74 523.032 6.96544
3.75 523.102 6.98407
3.76 523.172 7.00271
3.77 523.242 7.02134
3.78 523.313 7.03997
3.79 523.383 7.0586
3.8 523.454 7.07723
3.81 523.525 7.09586
3.82 523.596 7.11449
3.83 523.668 7.13313
3.84 523.739 7.15176
3.85 523.811 7.17039
3.86 523.883 7.18901
3.87 523.955 7.20764
3.88 524.027 7.22627
3.89 524.1 7.2449
3.9 524.172 7.26353
3.91 524.245 7.28216
3.92 524.318 7.30078
3.93 524.391 7.31941
3.94 524.465 7.33804
3.95 524.538 7.35666
3.96 524.612 7.37529
3.97 524.686 7.39391
3.98 524.76 7.41254
3.99 524.834 7.43116
4 524.909 7.44979
4.01 524.983 7.46841
4.02 525.058 7.48704
4.03 525.133 7.50566
4.04 525.209 7.52428
4.05 525.284 7.54291
4.06 525.36 7.56153
4.07 525.435 7.58015
4.08 525.511 7.59877
4.09 525.588 7.61739
4.1 525.664 7.63602
4.11 525.741 7.65464
4.12 525.817 7.67326
4.13 525.894 7.69188
4.14 525.971 7.7105
4.15 526.049 7.72911
4.16 526.126 7.74773
4.17 526.204 7.76635
4.18 526.282 7.78497
4.19 526.36 7.80359
4.2 526.438 7.82221
4.21 526.516 7.84082
4.22 526.595 7.85944
4.23 526.674 7.87805
4.24 526.753 7.89667
4.25 526.832 7.91529
4.26 526.911 7.9339
4.27 526.991 7.95252
4.28 527.07 7.97113
4.29 527.15 7.98974
4.3 527.23 8.00836
4.31 527.311 8.02697
4.32 527.391 8.04558
4.33 527.472 8.0642
4.34 527.552 8.08281
4.35 527.633 8.10142
4.36 527.715 8.12003
4.37 527.796 8.13864
4.38 527.878 8.15725
4.39 527.959 8.17586
4.4 528.041 8.19447
4.41 528.123 8.21308
4.42 528.206 8.23169
4.43 528.288 8.2503
4.44 528.371 8.26891
4.45 528.454 8.28752
4.46 528.537 8.30612
4.47 528.62 8.32473
4.48 528.704 8.34334
4.49 528.787 8.36194
4.5 528.871 8.38055
4.51 528.955 8.39916
4.52 529.039 8.41776
4.53 529.124 8.43637
4.54 529.208 8.45497
4.55 529.293 8.47357
4.56 529.378 8.49218
4.57 529.463 8.51078
4.58 529.548 8.52938
4.59 529.634 8.54799
4.6 529.719 8.56659
4.61 529.805 8.58519
4.62 529.891 8.60379
4.63 529.977 8.62239
4.64 530.064 8.64099
4.65 530.15 8.65959
4.66 530.237 8.67819
4.67 530.324 8.69679
4.68 530.411 8.71539
4.69 530.499 8.73399
4.7 530.586 8.75259
4.71 530.674 8.77118
4.72 530.762 8.78978
4.73 530.85 8.80838
4.74 530.938 8.82697
4.75 531.027 8.84557
4.76 531.115 8.86416
4.77 531.204 8.88276
4.78 531.293 8.90135
4.79 531.382 8.91995
4.8 531.472 8.93854
4.81 531.561 8.95713
4.82 531.651 8.97573
4.83 531.741 8.99432
4.84 531.831 9.01291
4.85 531.921 9.0315
4.86 532.012 9.0501
4.87 532.103 9.06869
4.88 532.193 9.08728
4.89 532.285 9.10587
4.9 532.376 9.12446
4.91 532.467 9.14304
4.92 532.559 9.16163
4.93 532.651 9.18022
4.94 532.743 9.19881
4.95 532.835 9.2174
4.96 532.927 9.23598
4.97 533.02 9.25457
4.98 533.112 9.27316
4.99 533.205 9.29174
5 533.298 9.31033
5.01 533.392 9.32891
5.02 533.485 9.3475
5.03 533.579 9.36608
5.04 533.673 9.38466
5.05 533.767 9.40325
5.06 533.861 9.42183
5.07 533.955 9.44041
5.08 534.05 9.45899
5.09 534.145 9.47757
5.1 534.24 9.49615
5.11 534.335 9.51474
5.12 534.43 9.53332
5.13 534.526 9.55189
5.14 534.621 9.57047
5.15 534.717 9.58905
5.16 534.813 9.60763
5.17 534.91 9.62621
5.18 535.006 9.64479
5.19 535.103 9.66336
5.2 535.2 9.68194
5.21 535.297 9.70051
5.22 535.394 9.71909
5.23 535.491 9.73766
5.24 535.589 9.75624
5.25 535.686 9.77481
5.26 535.784 9.79339
5.27 535.882 9.81196
5.28 535.981 9.83053
5.29 536.079 9.8491
5.3 536.178 9.86768
5.31 536.277 9.88625
5.32 536.376 9.90482
5.33 536.475 9.92339
5.34 536.574 9.94196
5.35 536.674 9.96053
5.36 536.774 9.9791
5.37 536.874 9.99767
5.38 536.974 10.0162
5.39 537.074 10.0348
5.4 537.175 10.0534
5.41 537.276 10.0719
5.42 537.377 10.0905
5.43 537.478 10.1091
5.44 537.579 10.1276
5.45 537.68 10.1462
5.46 537.782 10.1648
5.47 537.884 10.1833
5.48 537.986 10.2019
5.49 538.088 10.2204
5.5 538.19 10.239
5.51 538.293 10.2576
5.52 538.396 10.2761
5.53 538.499 10.2947
5.54 538.602 10.3133
5.55 538.705 10.3318
5.56 538.809 10.3504
5.57 538.912 10.3689
5.58 539.016 10.3875
5.59 539.12 10.4061
5.6 539.225 10.4246
5.61 539.329 10.4432
5.62 539.434 10.4617
5.63 539.538 10.4803
5.64 539.643 10.4988
5.65 539.749 10.5174
5.66 539.854 10.5359
5.67 539.959 10.5545
5.68 540.065 10.5731
5.69 540.171 10.5916
5.7 540.277 10.6102
5.71 540.384 10.6287
5.72 540.49 10.6473
5.73 540.597 10.6658
5.74 540.703 10.6844
5.75 540.811 10.7029
5.76 540.918 10.7215
5.77 541.025 10.74
5.78 541.133 10.7586
5.79 541.24 10.7771
5.8 541.348 10.7957
5.81 541.457 10.8142
5.82 541.565 10.8327
5.83 541.673 10.8513
5.84 541.782 10.8698
5.85 541.891 10.8884
5.86 542 10.9069
5.87 542.109 10.9255
5.88 542.219 10.944
5.89 542.328 10.9626
5.9 542.438 10.9811
5.91 542.548 10.9996
5.92 542.658 11.0182
5.93 542.769 11.0367
5.94 542.879 11.0553
5.95 542.99 11.0738
5.96 543.101 11.0923
5.97 543.212 11.1109
5.98 543.323 11.1294
5.99 543.435 11.148
6 543.547 11.1665
6.01 543.658 11.185
6.02 543.77 11.2036
6.03 543.883 11.2221
6.04 543.995 11.2406
6.05 544.108 11.2592
6.06 544.22 11.2777
6.07 544.333 11.2962
6.08 544.447 11.3148
6.09 544.56 11.3333
6.1 544.673 11.3518
6.11 544.787 11.3704
6.12 544.901 11.3889
6.13 545.015 11.4074
6.14 545.129 11.426
6.15 545.244 11.4445
6.16 545.358 11.463
6.17 545.473 11.4816
6.18 545.588 11.5001
6.19 545.703 11.5186
6.2 545.819 11.5371
6.21 545.934 11.5557
6.22 546.05 11.5742
6.23 546.166 11.5927
6.24 546.282 11.6112
6.25 546.398 11.6298
6.26 546.515 11.6483
6.27 546.632 11.6668
6.28 546.748 11.6853
6.29 546.865 11.7038
6.3 546.983 11.7224
6.31 547.1 11.7409
6.32 547.218 11.7594
6.33 547.335 11.7779
6.34 547.453 11.7965
6.35 547.572 11.815
6.36 547.69 11.8335
6.37 547.808 11.852
6.38 547.927 11.8705
6.39 548.046 11.889
6.4 548.165 11.9076
6.41 548.284 11.9261
6.42 548.404 11.9446
6.43 548.523 11.9631
6.44 548.643 11.9816
6.45 548.763 12.0001
6.46 548.883 12.0186
6.47 549.004 12.0371
6.48 549.124 12.0557
6.49 549.245 12.0742
6.5 549.366 12.0927
6.51 549.487 12.1112
6.52 549.608 12.1297
6.53 549.73 12.1482
6.54 549.852 12.1667
6.55 549.973 12.1852
6.56 550.095 12.2037
6.57 550.218 12.2222
6.58 550.34 12.2407
6.59 550.463 12.2592
6.6 550.585 12.2778
6.61 550.708 12.2963
6.62 550.832 12.3148
6.63 550.955 12.3333
6.64 551.078 12.3518
6.65 551.202 12.3703
6.66 551.326 12.3888
6.67 551.45 12.4073
6.68 551.574 12.4258
6.69 551.699 12.4443
6.7 551.823 12.4628
6.71 551.948 12.4813
6.72 552.073 12.4998
6.73 552.198 12.5183
6.74 552.324 12.5368
6.75 552.449 12.5553
6.76 552.575 12.5737
6.77 552.701 12.5922
6.78 552.827 12.6107
6.79 552.953 12.6292
6.8 553.08 12.6477
6.81 553.207 12.6662
6.82 553.333 12.6847
6.83 553.46 12.7032
6.84 553.588 12.7217
6.85 553.715 12.7402
6.86 553.843 12.7587
6.87 553.97 12.7772
6.88 554.098 12.7956
6.89 554.226 12.8141
6.9 554.355 12.8326
6.91 554.483 12.8511
6.92 554.612 12.8696
6.93 554.741 12.8881
6.94 554.87 12.9066
6.95 554.999 12.925
6.96 555.129 12.9435
6.97 555.258 12.962
6.98 555.388 12.9805
6.99 555.518 12.999
7 555.648 13.0175
7.01 555.779 13.0359
7.02 555.909 13.0544
7.03 556.04 13.0729
7.04 556.171 13.0914
7.05 556.302 13.1099
7.06 556.433 13.1283
7.07 556.565 13.1468
7.08 556.696 13.1653
7.09 556.828 13.1838
7.1 556.96 13.2022
7.11 557.092 13.2207
7.12 557.225 13.2392
7.13 557.357 13.2577
7.14 557.49 13.2761
7.15 557.623 13.2946
7.16 557.756 13.3131
7.17 557.889 13.3315
7.18 558.023 13.35
7.19 558.157 13.3685
7.2 558.291 13.3869
7.21 558.425 13.4054
7.22 558.559 13.4239
7.23 558.693 13.4423
7.24 558.828 13.4608
7.25 558.963 13.4793
7.26 559.098 13.4977
7.27 559.233 13.5162
7.28 559.368 13.5347
7.29 559.504 13.5531
7.3 559.639 13.5716
7.31 559.775 13.5901
7.32 559.911 13.6085
7.33 560.048 13.627
7.34 560.184 13.6454
7.35 560.321 13.6639
7.36 560.458 13.6824
7.37 560.595 13.7008
7.38 560.732 13.7193
7.39 560.869 13.7377
7.4 561.007 13.7562
7.41 561.144 13.7746
7.42 561.282 13.7931
7.43 561.42 13.8116
7.44 561.559 13.83
7.45 561.697 13.8485
7.46 561.836 13.8669
7.47 561.975 13.8854
7.48 562.114 13.9038
7.49 562.253 13.9223
7.5 562.392 13.9407
7.51 562.532 13.9592
7.52 562.672 13.9776
7.53 562.812 13.9961
7.54 562.952 14.0145
7.55 563.092 14.033
7.56 563.233 14.0514
7.57 563.373 14.0698
7.58 563.514 14.0883
7.59 563.655 14.1067
7.6 563.797 14.1252
7.61 563.938 14.1436
7.62 564.08 14.1621
7.63 564.222 14.1805
7.64 564.364 14.1989
7.65 564.506 14.2174
7.66 564.648 14.2358
7.67 564.791 14.2543
7.68 564.933 14.2727
7.69 565.076 14.2911
7.7 565.219 14.3096
7.71 565.363 14.328
7.72 565.506 14.3464
7.73 565.65 14.3649
7.74 565.794 14.3833
7.75 565.938 14.4017
7.76 566.082 14.4202
7.77 566.226 14.4386
7.78 566.371 14.457
7.79 566.515 14.4755
7.8 566.66 14.4939
7.81 566.806 14.5123
7.82 566.951 14.5308
7.83 567.096 14.5492
7.84 567.242 14.5676
7.85 567.388 14.586
7.86 567.534 14.6045
7.87 567.68 14.6229
7.88 567.827 14.6413
7.89 567.973 14.6597
7.9 568.12 14.6782
7.91 568.267 14.6966
7.92 568.414 14.715
7.93 568.561 14.7334
7.94 568.709 14.7519
7.95 568.857 14.7703
7.96 569.005 14.7887
7.97 569.153 14.8071
7.98 569.301 14.8255
7.99 569.449 14.8439
8 569.598 14.8624
8.01 569.747 14.8808
8.02 569.896 14.8992
8.03 570.045 14.9176
8.04 570.194 14.936
8.05 570.344 14.9544
8.06 570.494 14.9728
8.07 570.643 14.9913
8.08 570.794 15.0097
8.09 570.944 15.0281
8.1 571.094 15.0465
8.11 571.245 15.0649
8.12 571.396 15.0833
8.13 571.547 15.1017
8.14 571.698 15.1201
8.15 571.849 15.1385
8.16 572.001 15.1569
8.17 572.153 15.1753
8.18 572.305 15.1937
8.19 572.457 15.2121
8.2 572.609 15.2305
8.21 572.762 15.2489
8.22 572.914 15.2674
8.23 573.067 15.2858
8.24 573.22 15.3042
8.25 573.373 15.3225
8.26 573.527 15.3409
8.27 573.68 15.3593
8.28 573.834 15.3777
8.29 573.988 15.3961
8.3 574.142 15.4145
8.31 574.297 15.4329
8.32 574.451 15.4513
8.33 574.606 15.4697
8.34 574.761 15.4881
8.35 574.916 15.5065
8.36 575.071 15.5249
8.37 575.226 15.5433
8.38 575.382 15.5617
8.39 575.538 15.5801
8.4 575.694 15.5984
8.41 575.85 15.6168
8.42 576.006 15.6352
8.43 576.163 15.6536
8.44 576.32 15.672
8.45 576.476 15.6904
8.46 576.634 15.7088
8.47 576.791 15.7271
8.48 576.948 15.7455
8.49 577.106 15.7639
8.5 577.264 15.7823
8.51 577.422 15.8007
8.52 577.58 15.8191
8.53 577.738 15.8374
8.54 577.897 15.8558
8.55 578.056 15.8742
8.56 578.215 15.8926
8.57 578.374 15.9109
8.58 578.533 15.9293
8.59 578.692 15.9477
8.6 578.852 15.9661
8.61 579.012 15.9844
8.62 579.172 16.0028
8.63 579.332 16.0212
8.64 579.493 16.0396
8.65 579.653 16.0579
8.66 579.814 16.0763
8.67 579.975 16.0947
8.68 580.136 16.113
8.69 580.297 16.1314
8.7 580.459 16.1498
8.71 580.62 16.1681
8.72 580.782 16.1865
8.73 580.944 16.2049
8.74 581.107 16.2232
8.75 581.269 16.2416
8.76 581.432 16.2599
8.77 581.594 16.2783
8.78 581.757 16.2967
8.79 581.921 16.315
8.8 582.084 16.3334
8.81 582.247 16.3517
8.82 582.411 16.3701
8.83 582.575 16.3885
8.84 582.739 16.4068
8.85 582.903 16.4252
8.86 583.068 16.4435
8.87 583.232 16.4619
8.88 583.397 16.4802
8.89 583.562 16.4986
8.9 583.727 16.5169
8.91 583.893 16.5353
8.92 584.058 16.5536
8.93 584.224 16.572
8.94 584.39 16.5903
8.95 584.556 16.6087
8.96 584.722 16.627
8.97 584.889 16.6454
8.98 585.055 16.6637
8.99 585.222 16.6821
9 585.389 16.7004
9.01 585.556 16.7188
9.02 585.724 16.7371
9.03 585.891 16.7554
9.04 586.059 16.7738
9.05 586.227 16.7921
9.06 586.395 16.8105
9.07 586.563 16.8288
9.08 586.732 16.8471
9.09 586.9 16.8655
9.1 587.069 16.8838
9.11 587.238 16.9021
9.12 587.407 16.9205
9.13 587.577 16.9388
9.14 587.746 16.9571
9.15 587.916 16.9755
9.16 588.086 16.9938
9.17 588.256 17.0121
9.18 588.427 17.0305
9.19 588.597 17.0488
9.2 588.768 17.0671
9.21 588.939 17.0855
9.22 589.11 17.1038
9.23 589.281 17.1221
9.24 589.452 17.1404
9.25 589.624 17.1588
9.26 589.796 17.1771
9.27 589.967 17.1954
9.28 590.14 17.2137
9.29 590.312 17.232
9.3 590.484 17.2504
9.31 590.657 17.2687
9.32 590.83 17.287
9.33 591.003 17.3053
9.34 591.176 17.3236
9.35 591.35 17.342
9.36 591.523 17.3603
9.37 591.697 17.3786
9.38 591.871 17.3969
9.39 592.045 17.4152
9.4 592.22 17.4335
9.41 592.394 17.4518
9.42 592.569 17.4701
9.43 592.744 17.4885
9.44 592.919 17.5068
9.45 593.094 17.5251
9.46 593.269 17.5434
9.47 593.445 17.5617
9.48 593.621 17.58
9.49 593.797 17.5983
9.5 593.973 17.6166
9.51 594.149 17.6349
9.52 594.326 17.6532
9.53 594.503 17.6715
9.54 594.679 17.6898
9.55 594.857 17.7081
9.56 595.034 17.7264
9.57 595.211 17.7447
9.58 595.389 17.763
9.59 595.567 17.7813
9.6 595.745 17.7996
9.61 595.923 17.8179
9.62 596.101 17.8362
9.63 596.28 17.8545
9.64 596.459 17.8728
9.65 596.637 17.8911
9.66 596.817 17.9094
9.67 596.996 17.9277
9.68 597.175 17.946
9.69 597.355 17.9642
9.7 597.535 17.9825
9.71 597.715 18.0008
9.72 597.895 18.0191
9.73 598.075 18.0374
9.74 598.256 18.0557
9.75 598.437 18.074
9.76 598.618 18.0922
9.77 598.799 18.1105
9.78 598.98 18.1288
9.79 599.161 18.1471
9.8 599.343 18.1654
9.81 599.525 18.1836
9.82 599.707 18.2019
9.83 599.889 18.2202
9.84 600.071 18.2385
9.85 600.254 18.2568
9.86 600.437 18.275
9.87 600.62 18.2933
9.88 600.803 18.3116
9.89 600.986 18.3298
9.9 601.17 18.3481
9.91 601.353 18.3664
9.92 601.537 18.3847
9.93 601.721 18.4029
9.94 601.905 18.4212
9.95 602.09 18.4395
9.96 602.274 18.4577
9.97 602.459 18.476
9.98 602.644 18.4943
9.99 602.829 18.5125
10 603.014 18.5308
10.01 603.2 18.5491
10.02 603.386 18.5673
10.03 603.572 18.5856
10.04 603.758 18.6038
10.05 603.944 18.6221
10.06 604.13 18.6404
10.07 604.317 18.6586
10.08 604.504 18.6769
10.09 604.69 18.6951
10.1 604.878 18.7134
10.11 605.065 18.7316
10.12 605.252 18.7499
10.13 605.44 18.7681
10.14 605.628 18.7864
10.15 605.816 18.8046
10.16 606.004 18.8229
10.17 606.193 18.8411
10.18 606.381 18.8594
10.19 606.57 18.8776
10.2 606.759 18.8959
10.21 606.948 18.9141
10.22 607.137 18.9324
10.23 607.327 18.9506
10.24 607.517 18.9689
10.25 607.707 18.9871
10.26 607.897 19.0053
10.27 608.087 19.0236
10.28 608.277 19.0418
10.29 608.468 19.0601
10.3 608.659 19.0783
10.31 608.85 19.0965
10.32 609.041 19.1148
10.33 609.232 19.133
10.34 609.424 19.1512
10.35 609.615 19.1695
10.36 609.807 19.1877
10.37 609.999 19.2059
10.38 610.191 19.2242
10.39 610.384 19.2424
10.4 610.576 19.2606
10.41 610.769 19.2789
10.42 610.962 19.2971
10.43 611.155 19.3153
10.44 611.349 19.3335
10.45 611.542 19.3518
10.46 611.736 19.37
10.47 611.93 19.3882
10.48 612.124 19.4064
10.49 612.318 19.4246
10.5 612.513 19.4429
10.51 612.707 19.4611
10.52 612.902 19.4793
10.53 613.097 19.4975
10.54 613.292 19.5157
10.55 613.487 19.534
10.56 613.683 19.5522
10.57 613.879 19.5704
10.58 614.075 19.5886
10.59 614.271 19.6068
10.6 614.467 19.625
10.61 614.663 19.6432
10.62 614.86 19.6614
10.63 615.057 19.6797
10.64 615.254 19.6979
10.65 615.451 19.7161
10.66 615.648 19.7343
10.67 615.846 19.7525
10.68 616.043 19.7707
10.69 616.241 19.7889
10.7 616.439 19.8071
10.71 616.638 19.8253
10.72 616.836 19.8435
10.73 617.035 19.8617
10.74 617.233 19.8799
10.75 617.432 19.8981
10.76 617.632 19.9163
10.77 617.831 19.9345
10.78 618.031 19.9527
10.79 618.23 19.9709
10.8 618.43 19.9891
10.81 618.63 20.0073
10.82 618.83 20.0254
10.83 619.031 20.0436
10.84 619.231 20.0618
10.85 619.432 20.08
10.86 619.633 20.0982
10.87 619.834 20.1164
10.88 620.036 20.1346
10.89 620.237 20.1528
10.9 620.439 20.1709
10.91 620.641 20.1891
10.92 620.843 20.2073
10.93 621.045 20.2255
10.94 621.248 20.2437
10.95 621.45 20.2619
10.96 621.653 20.28
10.97 621.856 20.2982
10.98 622.059 20.3164
10.99 622.263 20.3346
11 622.466 20.3527
11.01 622.67 20.3709
11.02 622.874 20.3891
11.03 623.078 20.4073
11.04 623.282 20.4254
11.05 623.486 20.4436
11.06 623.691 20.4618
11.07 623.896 20.4799
11.08 624.101 20.4981
11.09 624.306 20.5163
11.1 624.511 20.5344
11.11 624.717 20.5526
11.12 624.923 20.5708
11.13 625.129 20.5889
11.14 625.335 20.6071
11.15 625.541 20.6253
11.16 625.747 20.6434
11.17 625.954 20.6616
11.18 626.161 20.6797
11.19 626.368 20.6979
11.2 626.575 20.7161
11.21 626.782 20.7342
11.22 626.99 20.7524
11.23 627.197 20.7705
11.24 627.405 20.7887
11.25 627.613 20.8068
11.26 627.822 20.825
11.27 628.03 20.8431
11.28 628.239 20.8613
11.29 628.447 20.8794
11.3 628.656 20.8976
11.31 628.866 20.9157
11.32 629.075 20.9339
11.33 629.284 20.952
11.34 629.494 20.9701
11.35 629.704 20.9883
11.36 629.914 21.0064
11.37 630.124 21.0246
11.38 630.335 21.0427
11.39 630.545 21.0609
11.4 630.756 21.079
11.41 630.967 21.0971
11.42 631.178 21.1153
11.43 631.39 21.1334
11.44 631.601 21.1515
11.45 631.813 21.1697
11.46 632.025 21.1878
11.47 632.237 21.2059
11.48 632.449 21.2241
11.49 632.661 21.2422
11.5 632.874 21.2603
11.51 633.087 21.2784
11.52 633.3 21.2966
11.53 633.513 21.3147
11.54 633.726 21.3328
11.55 633.94 21.3509
11.56 634.153 21.3691
11.57 634.367 21.3872
11.58 634.581 21.4053
11.59 634.796 21.4234
11.6 635.01 21.4415
11.61 635.225 21.4597
11.62 635.439 21.4778
11.63 635.654 21.4959
11.64 635.869 21.514
11.65 636.085 21.5321
11.66 636.3 21.5502
11.67 636.516 21.5684
11.68 636.732 21.5865
11.69 636.948 21.6046
11.7 637.164 21.6227
11.71 637.381 21.6408
11.72 637.597 21.6589
11.73 637.814 21.677
11.74 638.031 21.6951
11.75 638.248 21.7132
11.76 638.465 21.7313
11.77 638.683 21.7494
11.78 638.9 21.7675
11.79 639.118 21.7856
11.8 639.336 21.8037
11.81 639.555 21.8218
11.82 639.773 21.8399
11.83 639.992 21.858
11.84 640.21 21.8761
11.85 640.429 21.8942
11.86 640.648 21.9123
11.87 640.868 21.9304
11.88 641.087 21.9485
11.89 641.307 21.9666
11.9 641.527 21.9847
11.91 641.747 22.0028
11.92 641.967 22.0208
11.93 642.187 22.0389
11.94 642.408 22.057
11.95 642.629 22.0751
11.96 642.85 22.0932
11.97 643.071 22.1113
11.98 643.292 22.1293
11.99 643.513 22.1474
12 643.735 22.1655
12.01 643.957 22.1836
12.02 644.179 22.2017
12.03 644.401 22.2197
12.04 644.624 22.2378
12.05 644.846 22.2559
12.06 645.069 22.274
12.07 645.292 22.292
12.08 645.515 22.3101
12.09 645.738 22.3282
12.1 645.962 22.3462
12.11 646.185 22.3643
12.12 646.409 22.3824
12.13 646.633 22.4005
12.14 646.857 22.4185
12.15 647.082 22.4366
12.16 647.306 22.4546
12.17 647.531 22.4727
12.18 647.756 22.4908
12.19 647.981 22.5088
12.2 648.206 22.5269
12.21 648.432 22.5449
12.22 648.657 22.563
12.23 648.883 22.5811
12.24 649.109 22.5991
12.25 649.335 22.6172
12.26 649.562 22.6352
12.27 649.788 22.6533
12.28 650.015 22.6713
12.29 650.242 22.6894
12.3 650.469 22.7074
12.31 650.696 22.7255
12.32 650.923 22.7435
12.33 651.151 22.7616
12.34 651.379 22.7796
12.35 651.607 22.7977
12.36 651.835 22.8157
12.37 652.063 22.8331
12.38 652.292 22.8491
12.39 652.52 22.8639
12.4 652.749 22.8773
12.41 652.978 22.8894
12.42 653.207 22.9002
12.43 653.436 22.9097
12.44 653.665 22.918
12.45 653.895 22.925
12.46 654.124 22.9308
12.47 654.353 22.9354
12.48 654.583 22.9387
12.49 654.812 22.9408
12.5 655.042 22.9418
12.51 655.271 22.9416
12.52 655.5 22.9402
12.53 655.73 22.9376
12.54 655.959 22.9339
12.55 656.188 22.9291
12.56 656.418 22.9231
12.57 656.647 22.916
12.58 656.876 22.9079
12.59 657.105 22.8986
12.6 657.334 22.8883
12.61 657.562 22.8769
12.62 657.791 22.8645
12.63 658.02 22.851
12.64 658.248 22.8365
12.65 658.476 22.8209
12.66 658.704 22.8044
12.67 658.932 22.7869
12.68 659.16 22.7683
12.69 659.387 22.7488
12.7 659.615 22.7284
12.71 659.842 22.707
12.72 660.068 22.6846
12.73 660.295 22.6613
12.74 660.521 22.6371
12.75 660.748 22.612
12.76 660.973 22.5859
12.77 661.199 22.559
12.78 661.424 22.5312
12.79 661.649 22.5026
12.8 661.874 22.473
12.81 662.099 22.4426
12.82 662.323 22.4114
12.83 662.546 22.3794
12.84 662.77 22.3465
12.85 662.993 22.3128
12.86 663.216 22.2783
12.87 663.438 22.2431
12.88 663.66 22.207
12.89 663.882 22.1702
12.9 664.103 22.1326
12.91 664.324 22.0947
12.92 664.545 22.0567
12.93 664.765 22.0187
12.94 664.985 21.9808
12.95 665.204 21.9428
12.96 665.423 21.9048
12.97 665.642 21.8669
12.98 665.86 21.8289
12.99 666.078 21.791
13 666.296 21.753
13.01 666.513 21.7151
13.02 666.73 21.6772
13.03 666.946 21.6392
13.04 667.162 21.6013
13.05 667.378 21.5633
13.06 667.593 21.5254
13.07 667.808 21.4875
13.08 668.022 21.4495
13.09 668.236 21.4116
13.1 668.45 21.3737
13.11 668.664 21.3357
13.12 668.876 21.2978
13.13 669.089 21.2599
13.14 669.301 21.222
13.15 669.513 21.1841
13.16 669.725 21.1461
13.17 669.936 21.1082
13.18 670.146 21.0703
13.19 670.357 21.0324
13.2 670.567 20.9945
13.21 670.776 20.9566
13.22 670.985 20.9187
13.23 671.194 20.8808
13.24 671.403 20.8429
13.25 671.611 20.805
13.26 671.818 20.7671
13.27 672.026 20.7292
13.28 672.233 20.6913
13.29 672.439 20.6534
13.3 672.645 20.6155
13.31 672.851 20.5777
13.32 673.056 20.5398
13.33 673.261 20.5019
13.34 673.466 20.464
13.35 673.67 20.4261
13.36 673.874 20.3883
13.37 674.078 20.3504
13.38 674.281 20.3125
13.39 674.484 20.2746
13.4 674.686 20.2368
13.41 674.888 20.1989
13.42 675.09 20.161
13.43 675.291 20.1232
13.44 675.492 20.0853
13.45 675.692 20.0475
13.46 675.892 20.0096
13.47 676.092 19.9718
13.48 676.291 19.9339
13.49 676.49 19.8961
13.5 676.689 19.8582
13.51 676.887 19.8204
13.52 677.085 19.7825
13.53 677.282 19.7447
13.54 677.479 19.7068
13.55 677.676 19.669
13.56 677.872 19.6312
13.57 678.068 19.5933
13.58 678.264 19.5555
13.59 678.459 19.5177
13.6 678.654 19.4798
13.61 678.848 19.442
13.62 679.042 19.4042
13.63 679.236 19.3663
13.64 679.429 19.3285
13.65 679.622 19.2907
13.66 679.815 19.2529
13.67 680.007 19.2151
13.68 680.199 19.1773
13.69 680.39 19.1394
13.7 680.581 19.1016
13.71 680.772 19.0638
13.72 680.962 19.026
13.73 681.152 18.9882
13.74 681.341 18.9504
13.75 681.53 18.9126
13.76 681.719 18.8748
13.77 681.908 18.837
13.78 682.096 18.7992
13.79 682.283 18.7614
13.8 682.47 18.7236
13.81 682.657 18.6858
13.82 682.844 18.648
13.83 683.03 18.6102
13.84 683.216 18.5725
13.85 683.401 18.5347
13.86 683.586 18.4969
13.87 683.77 18.4591
13.88 683.955 18.4213
13.89 684.139 18.3836
13.9 684.322 18.3458
13.91 684.505 18.308
13.92 684.688 18.2702
13.93 684.87 18.2325
13.94 685.052 18.1947
13.95 685.234 18.1569
13.96 685.415 18.1192
13.97 685.596 18.0814
13.98 685.776 18.0436
13.99 685.956 18.0059
14 686.136 17.9681
14.01 686.315 17.9304
14.02 686.494 17.8926
14.03 686.673 17.8549
14.04 686.851 17.8171
14.05 687.029 17.7794
14.06 687.206 17.7416
14.07 687.383 17.7039
14.08 687.56 17.6661
14.09 687.736 17.6284
14.1 687.912 17.5906
14.11 688.087 17.5529
14.12 688.263 17.5152
14.13 688.437 17.4774
14.14 688.612 17.4397
14.15 688.786 17.402
14.16 688.959 17.3642
14.17 689.133 17.3265
14.18 689.306 17.2888
14.19 689.478 17.251
14.2 689.65 17.2133
14.21 689.822 17.1756
14.22 689.993 17.1379
14.23 690.164 17.1002
14.24 690.335 17.0624
14.25 690.505 17.0247
14.26 690.675 16.987
14.27 690.845 16.9493
14.28 691.014 16.9116
14.29 691.182 16.8739
14.3 691.351 16.8362
14.31 691.519 16.7985
14.32 691.686 16.7607
14.33 691.854 16.723
14.34 692.02 16.6853
14.35 692.187 16.6476
14.36 692.353 16.6099
14.37 692.519 16.5722
14.38 692.684 16.5346
14.39 692.849 16.4969
14.4 693.014 16.4592
14.41 693.178 16.4215
14.42 693.342 16.3838
14.43 693.505 16.3461
14.44 693.668 16.3084
14.45 693.831 16.2707
14.46 693.993 16.233
14.47 694.155 16.1954
14.48 694.317 16.1577
14.49 694.478 16.12
14.5 694.639 16.0823
14.51 694.799 16.0447
14.52 694.959 16.007
14.53 695.119 15.9693
14.54 695.278 15.9316
14.55 695.437 15.894
14.56 695.596 15.8563
14.57 695.754 15.8186
14.58 695.912 15.781
14.59 696.069 15.7433
14.6 696.226 15.7056
14.61 696.383 15.668
14.62 696.539 15.6303
14.63 696.695 15.5927
14.64 696.851 15.555
14.65 697.006 15.5174
14.66 697.161 15.4797
14.67 697.315 15.4421
14.68 697.469 15.4044
14.69 697.623 15.3668
14.7 697.776 15.3291
14.71 697.929 15.2915
14.72 698.082 15.2538
14.73 698.234 15.2162
14.74 698.386 15.1785
14.75 698.537 15.1409
14.76 698.688 15.1033
14.77 698.839 15.0656
14.78 698.989 15.028
14.79 699.139 14.9903
14.8 699.288 14.9527
14.81 699.438 14.9151
14.82 699.586 14.8775
14.83 699.735 14.8398
14.84 699.883 14.8022
14.85 700.03 14.7646
14.86 700.178 14.7269
14.87 700.325 14.6893
14.88 700.471 14.6517
14.89 700.617 14.6141
14.9 700.763 14.5765
14.91 700.908 14.5388
14.92 701.053 14.5012
14.93 701.198 14.4636
14.94 701.342 14.426
14.95 701.486 14.3884
14.96 701.63 14.3508
14.97 701.773 14.3132
14.98 701.916 14.2756
14.99 702.058 14.238
15 702.2 14.2004
15.01 702.342 14.1628
15.02 702.483 14.1252
15.03 702.624 14.0875
15.04 702.764 14.05
15.05 702.904 14.0124
15.06 703.044 13.9748
15.07 703.183 13.9372
15.08 703.322 13.8996
15.09 703.461 13.862
15.1 703.599 13.8244
15.11 703.737 13.7868
15.12 703.875 13.7492
15.13 704.012 13.7116
15.14 704.148 13.674
15.15 704.285 13.6364
15.16 704.421 13.5989
15.17 704.556 13.5613
15.18 704.692 13.5237
15.19 704.827 13.4861
15.2 704.961 13.4485
15.21 705.095 13.411
15.22 705.229 13.3734
15.23 705.362 13.3358
15.24 705.495 13.2982
15.25 705.628 13.2607
15.26 705.76 13.2231
15.27 705.892 13.1855
15.28 706.023 13.148
15.29 706.155 13.1104
15.3 706.285 13.0728
15.31 706.416 13.0353
15.32 706.546 12.9977
15.33 706.675 12.9601
15.34 706.804 12.9226
15.35 706.933 12.885
15.36 707.062 12.8474
15.37 707.19 12.8099
15.38 707.318 12.7723
15.39 707.445 12.7348
15.4 707.572 12.6972
15.41 707.698 12.6597
15.42 707.825 12.6221
15.43 707.951 12.5846
15.44 708.076 12.547
15.45 708.201 12.5095
15.46 708.326 12.4719
15.47 708.45 12.4344
15.48 708.574 12.3968
15.49 708.698 12.3593
15.5 708.821 12.3218
15.51 708.944 12.2842
15.52 709.066 12.2467
15.53 709.188 12.2091
15.54 709.31 12.1716
15.55 709.431 12.1341
15.56 709.552 12.0965
15.57 709.673 12.059
15.58 709.793 12.0215
15.59 709.913 11.9839
15.6 710.032 11.9464
15.61 710.152 11.9089
15.62 710.27 11.8713
15.63 710.389 11.8338
15.64 710.507 11.7963
15.65 710.624 11.7588
15.66 710.741 11.7212
15.67 710.858 11.6837
15.68 710.975 11.6462
15.69 711.091 11.6087
15.7 711.206 11.5711
15.71 711.322 11.5336
15.72 711.437 11.4961
15.73 711.551 11.4586
15.74 711.666 11.4211
15.75 711.779 11.3836
15.76 711.893 11.3461
15.77 712.006 11.3085
15.78 712.119 11.271
15.79 712.231 11.2335
15.8 712.343 11.196
15.81 712.455 11.1585
15.82 712.566 11.121
15.83 712.677 11.0835
15.84 712.787 11.046
15.85 712.897 11.0085
15.86 713.007 10.971
15.87 713.116 10.9335
15.88 713.225 10.896
15.89 713.334 10.8585
15.9 713.442 10.821
15.91 713.55 10.7835
15.92 713.657 10.746
15.93 713.764 10.7085
15.94 713.871 10.671
15.95 713.977 10.6335
15.96 714.083 10.596
15.97 714.189 10.5585
15.98 714.294 10.521
15.99 714.399 10.4835
16 714.503 10.4461
16.01 714.607 10.4086
16.02 714.711 10.3711
16.03 714.815 10.3336
16.04 714.917 10.2961
16.05 715.02 10.2586
16.06 715.122 10.2211
16.07 715.224 10.1837
16.08 715.326 10.1462
16.09 715.427 10.1087
16.1 715.527 10.0712
16.11 715.628 10.0338
16.12 715.728 9.99627
16.13 715.827 9.9588
16.14 715.926 9.92132
16.15 716.025 9.88385
16.16 716.124 9.84638
16.17 716.222 9.8089
16.18 716.32 9.77143
16.19 716.417 9.73396
16.2 716.514 9.69649
16.21 716.61 9.65903
16.22 716.707 9.62156
16.23 716.803 9.58409
16.24 716.898 9.54663
16.25 716.993 9.50916
16.26 717.088 9.4717
16.27 717.182 9.43424
16.28 717.276 9.39677
16.29 717.37 9.35931
16.3 717.463 9.32185
16.31 717.556 9.28439
16.32 717.648 9.24693
16.33 717.74 9.20948
16.34 717.832 9.17202
16.35 717.923 9.13456
16.36 718.014 9.09711
16.37 718.105 9.05965
16.38 718.195 9.0222
16.39 718.285 8.98475
16.4 718.375 8.9473
16.41 718.464 8.90985
16.42 718.552 8.8724
16.43 718.641 8.83495
16.44 718.729 8.7975
16.45 718.816 8.76005
16.46 718.903 8.72261
16.47 718.99 8.68516
16.48 719.077 8.64771
16.49 719.163 8.61027
16.5 719.249 8.57283
16.51 719.334 8.53538
16.52 719.419 8.49794
16.53 719.504 8.4605
16.54 719.588 8.42306
16.55 719.672 8.38562
16.56 719.755 8.34818
16.57 719.838 8.31075
16.58 719.921 8.27331
16.59 720.003 8.23587
16.6 720.085 8.19844
16.61 720.167 8.161
16.62 720.248 8.12357
16.63 720.329 8.08614
16.64 720.41 8.0487
16.65 720.49 8.01127
16.66 720.569 7.97384
16.67 720.649 7.93641
16.68 720.728 7.89898
16.69 720.806 7.86155
16.7 720.885 7.82413
16.71 720.962 7.7867
16.72 721.04 7.74927
16.73 721.117 7.71185
16.74 721.194 7.67442
16.75 721.27 7.637
16.76 721.346 7.59957
16.77 721.422 7.56215
16.78 721.497 7.52473
16.79 721.572 7.48731
16.8 721.646 7.44989
16.81 721.721 7.41247
16.82 721.794 7.37505
16.83 721.868 7.33763
16.84 721.941 7.30021
16.85 722.013 7.26279
16.86 722.086 7.22538
16.87 722.157 7.18796
16.88 722.229 7.15055
16.89 722.3 7.11313
16.9 722.371 7.07572
16.91 722.441 7.0383
16.92 722.511 7.00089
16.93 722.581 6.96348
16.94 722.65 6.92607
16.95 722.719 6.88866
16.96 722.788 6.85125
16.97 722.856 6.81384
16.98 722.923 6.77643
16.99 722.991 6.73902
17 723.058 6.70162
17.01 723.124 6.66421
17.02 723.191 6.6268
17.03 723.257 6.5894
17.04 723.322 6.55199
17.05 723.387 6.51459
17.06 723.452 6.47718
17.07 723.516 6.43978
17.08 723.58 6.40238
17.09 723.644 6.36498
17.1 723.707 6.32758
17.11 723.77 6.29018
17.12 723.833 6.25278
17.13 723.895 6.21538
17.14 723.957 6.17798
17.15 724.018 6.14058
17.16 724.079 6.10318
17.17 724.14 6.06578
17.18 724.2 6.02839
17.19 724.26 5.99099
17.2 724.32 5.9536
17.21 724.379 5.9162
17.22 724.438 5.87881
17.23 724.496 5.84141
17.24 724.554 5.80402
17.25 724.612 5.76663
17.26 724.669 5.72924
17.27 724.726 5.69184
17.28 724.782 5.65445
17.29 724.839 5.61706
17.3 724.894 5.57967
17.31 724.95 5.54228
17.32 725.005 5.5049
17.33 725.06 5.46751
17.34 725.114 5.43012
17.35 725.168 5.39273
17.36 725.221 5.35534
17.37 725.275 5.31796
17.38 725.327 5.28057
17.39 725.38 5.24319
17.4 725.432 5.2058
17.41 725.483 5.16842
17.42 725.535 5.13103
17.43 725.586 5.09365
17.44 725.636 5.05627
17.45 725.686 5.01889
17.46 725.736 4.9815
17.47 725.786 4.94412
17.48 725.835 4.90674
17.49 725.884 4.86936
17.5 725.932 4.83198
17.51 725.98 4.7946
17.52 726.027 4.75722
17.53 726.075 4.71984
17.54 726.121 4.68246
17.55 726.168 4.64509
17.56 726.214 4.60771
17.57 726.26 4.57033
17.58 726.305 4.53296
17.59 726.35 4.49558
17.6 726.394 4.4582
17.61 726.439 4.42083
17.62 726.483 4.38345
17.63 726.526 4.34608
17.64 726.569 4.30871
17.65 726.612 4.27133
17.66 726.654 4.23396
17.67 726.696 4.19659
17.68 726.738 4.15921
17.69 726.779 4.12184
17.7 726.82 4.08447
17.71 726.86 4.0471
17.72 726.9 4.00973
17.73 726.94 3.97236
17.74 726.979 3.93499
17.75 727.018 3.89762
17.76 727.057 3.86025
17.77 727.095 3.82288
17.78 727.133 3.78551
17.79 727.171 3.74814
17.8 727.208 3.71077
17.81 727.244 3.67341
17.82 727.281 3.63604
17.83 727.317 3.59867
17.84 727.352 3.5613
17.85 727.388 3.52394
17.86 727.422 3.48657
17.87 727.457 3.44921
17.88 727.491 3.41184
17.89 727.525 3.37448
17.9 727.558 3.33711
17.91 727.591 3.29975
17.92 727.624 3.26238
17.93 727.656 3.22502
17.94 727.688 3.18766
17.95 727.719 3.15029
17.96 727.751 3.11293
17.97 727.781 3.07557
17.98 727.812 3.03821
17.99 727.842 3.00084
18 727.871 2.96348
18.01 727.901 2.92612
18.02 727.929 2.88876
18.03 727.958 2.8514
18.04 727.986 2.81404
18.05 728.014 2.77668
18.06 728.041 2.73932
18.07 728.068 2.70196
18.08 728.095 2.6646
18.09 728.121 2.62724
18.1 728.147 2.58988
18.11 728.173 2.55252
18.12 728.198 2.51516
18.13 728.223 2.4778
18.14 728.247 2.44045
18.15 728.271 2.40309
18.16 728.295 2.36573
18.17 728.318 2.32837
18.18 728.341 2.29102
18.19 728.363 2.25366
18.2 728.386 2.2163
18.21 728.407 2.17895
18.22 728.429 2.14159
18.23 728.45 2.10423
18.24 728.47 2.06688
18.25 728.491 2.02952
18.26 728.511 1.99217
18.27 728.53 1.95481
18.28 728.549 1.91745
18.29 728.568 1.8801
18.3 728.587 1.84275
18.31 728.605 1.80539
18.32 728.622 1.76804
18.33 728.64 1.73068
18.34 728.657 1.69333
18.35 728.673 1.65597
18.36 728.689 1.61862
18.37 728.705 1.58127
18.38 728.721 1.54391
18.39 728.736 1.50656
18.4 728.75 1.46921
18.41 728.765 1.43185
18.42 728.779 1.3945
18.43 728.792 1.35715
18.44 728.805 1.31979
18.45 728.818 1.28244
18.46 728.831 1.24509
18.47 728.843 1.20774
18.48 728.854 1.17038
18.49 728.866 1.13303
18.5 728.877 1.09568
18.51 728.887 1.05833
18.52 728.898 1.02098
18.53 728.907 0.983625
18.54 728.917 0.946273
18.55 728.926 0.908922
18.56 728.935 0.871571
18.57 728.943 0.834219
18.58 728.951 0.796868
18.59 728.959 0.759517
18.6 728.966 0.722166
18.61 728.973 0.684815
18.62 728.979 0.647464
18.63 728.985 0.610113
18.64 728.991 0.572762
18.65 728.996 0.535411
18.66 729.001 0.49806
18.67 729.006 0.460709
18.68 729.01 0.423359
18.69 729.014 0.386008
18.7 729.017 0.348658
18.71 729.021 0.311307
18.72 729.023 0.273957
18.73 729.026 0.236606
18.74 729.028 0.199256
18.75 729.029 0.161905
18.76 729.031 0.124555
18.77 729.031 0.0872043
18.78 729.032 0.0498539
18.79 729.032 0.0125035
18.8 729.032 -0.0248469
18.81 729.031 -0.0621974
18.82 729.03 -0.0995478
18.83 729.029 -0.136898
18.84 729.027 -0.174248
18.85 729.025 -0.211599
18.86 729.022 -0.248949
18.87 729.02 -0.2863
18.88 729.016 -0.32365
18.89 729.013 -0.361
18.9 729.009 -0.39835
18.91 729.004 -0.435701
18.92 729 -0.473051
18.93 728.995 -0.510401
18.94 728.989 -0.547751
18.95 728.983 -0.585101
18.96 728.977 -0.622451
18.97 728.97 -0.659801
18.98 728.963 -0.697151
18.99 728.956 -0.734501
19 728.948 -0.77185
19.01 728.94 -0.8092
19.02 728.932 -0.846549
19.03 728.923 -0.883899
19.04 728.914 -0.921248
19.05 728.904 -0.958598
19.06 728.894 -0.995947
19.07 728.884 -1.0333
19.08 728.873 -1.07065
19.09 728.862 -1.10799
19.1 728.851 -1.14534
19.11 728.839 -1.18269
19.12 728.827 -1.22004
19.13 728.814 -1.25739
19.14 728.801 -1.29474
19.15 728.788 -1.33209
19.16 728.774 -1.36943
19.17 728.76 -1.40678
19.18 728.746 -1.44413
19.19 728.731 -1.48148
19.2 728.716 -1.51883
19.21 728.7 -1.55617
19.22 728.684 -1.59352
19.23 728.668 -1.63087
19.24 728.651 -1.66821
19.25 728.634 -1.70556
19.26 728.617 -1.74291
19.27 728.599 -1.78026
19.28 728.581 -1.8176
19.29 728.562 -1.85495
19.3 728.543 -1.89229
19.31 728.524 -1.92964
19.32 728.504 -1.96699
19.33 728.484 -2.00433
19.34 728.464 -2.04168
19.35 728.443 -2.07902
19.36 728.422 -2.11637
19.37 728.4 -2.15371
19.38 728.378 -2.19106
19.39 728.356 -2.2284
19.4 728.333 -2.26574
19.41 728.31 -2.30309
19.42 728.287 -2.34043
19.43 728.263 -2.37778
19.44 728.239 -2.41512
19.45 728.214 -2.45246
19.46 728.19 -2.48981
19.47 728.164 -2.52715
19.48 728.139 -2.56449
19.49 728.113 -2.60183
19.5 728.086 -2.63917
19.51 728.059 -2.67652
19.52 728.032 -2.71386
19.53 728.005 -2.7512
19.54 727.977 -2.78854
19.55 727.949 -2.82588
19.56 727.92 -2.86322
19.57 727.891 -2.90056
19.58 727.862 -2.9379
19.59 727.832 -2.97524
19.6 727.802 -3.01258
19.61 727.771 -3.04992
19.62 727.74 -3.08726
19.63 727.709 -3.1246
19.64 727.678 -3.16194
19.65 727.646 -3.19927
19.66 727.613 -3.23661
19.67 727.58 -3.27395
19.68 727.547 -3.31129
19.69 727.514 -3.34862
19.7 727.48 -3.38596
19.71 727.446 -3.42329
19.72 727.411 -3.46063
19.73 727.376 -3.49797
19.74 727.341 -3.5353
19.75 727.305 -3.57264
19.76 727.269 -3.60997
19.77 727.233 -3.6473
19.78 727.196 -3.68464
19.79 727.158 -3.72197
19.8 727.121 -3.7593
19.81 727.083 -3.79664
19.82 727.045 -3.83397
19.83 727.006 -3.8713
19.84 726.967 -3.90863
19.85 726.927 -3.94597
19.86 726.887 -3.9833
19.87 726.847 -4.02063
19.88 726.807 -4.05796
19.89 726.766 -4.09529
19.9 726.724 -4.13262
19.91 726.683 -4.16995
19.92 726.641 -4.20727
19.93 726.598 -4.2446
19.94 726.555 -4.28193
19.95 726.512 -4.31926
19.96 726.469 -4.35659
19.97 726.425 -4.39391
19.98 726.38 -4.43124
19.99 726.336 -4.46856
20 726.291 -4.50589
20.01 726.245 -4.54321
20.02 726.199 -4.58054
20.03 726.153 -4.61786
20.04 726.107 -4.65519
20.05 726.06 -4.69251
20.06 726.012 -4.72983
20.07 725.965 -4.76716
20.08 725.917 -4.80448
20.09 725.868 -4.8418
20.1 725.819 -4.87912
20.11 725.77 -4.91644
20.12 725.721 -4.95376
20.13 725.671 -4.99108
20.14 725.621 -5.0284
20.15 725.57 -5.06572
20.16 725.519 -5.10304
20.17 725.468 -5.14036
20.18 725.416 -5.17767
20.19 725.364 -5.21499
20.2 725.311 -5.25231
20.21 725.258 -5.28962
20.22 725.205 -5.32694
20.23 725.151 -5.36425
20.24 725.097 -5.40157
20.25 725.043 -5.43888
20.26 724.988 -5.4762
20.27 724.933 -5.51351
20.28 724.877 -5.55082
20.29 724.822 -5.58813
20.3 724.765 -5.62544
20.31 724.709 -5.66276
20.32 724.652 -5.70007
20.33 724.594 -5.73738
20.34 724.537 -5.77469
20.35 724.478 -5.81199
20.36 724.42 -5.8493
20.37 724.361 -5.88661
20.38 724.302 -5.92392
20.39 724.242 -5.96122
20.4 724.182 -5.99853
20.41 724.122 -6.03584
20.42 724.061 -6.07314
20.43 724 -6.11044
20.44 723.939 -6.14775
20.45 723.877 -6.18505
20.46 723.814 -6.22235
20.47 723.752 -6.25966
20.48 723.689 -6.29696
20.49 723.626 -6.33426
20.5 723.562 -6.37156
20.51 723.498 -6.40886
20.52 723.433 -6.44616
20.53 723.368 -6.48346
20.54 723.303 -6.52076
20.55 723.238 -6.55805
20.56 723.172 -6.59535
20.57 723.105 -6.63265
20.58 723.039 -6.66994
20.59 722.972 -6.70724
20.6 722.904 -6.74453
20.61 722.836 -6.78182
20.62 722.768 -6.81912
20.63 722.7 -6.85641
20.64 722.631 -6.8937
20.65 722.561 -6.93099
20.66 722.492 -6.96828
20.67 722.422 -7.00557
20.68 722.351 -7.04286
20.69 722.28 -7.08015
20.7 722.209 -7.11744
20.71 722.138 -7.15473
20.72 722.066 -7.19201
20.73 721.993 -7.2293
20.74 721.921 -7.26658
20.75 721.848 -7.30387
20.76 721.774 -7.34115
20.77 721.701 -7.37843
20.78 721.626 -7.41543
20.79 721.552 -7.45168
20.8 721.477 -7.48719
20.81 721.402 -7.52196
20.82 721.326 -7.556
20.83 721.25 -7.58932
20.84 721.174 -7.62191
20.85 721.098 -7.65379
20.86 721.021 -7.68496
20.87 720.944 -7.71543
20.88 720.866 -7.7452
20.89 720.788 -7.77427
20.9 720.71 -7.80266
20.91 720.632 -7.83037
20.92 720.553 -7.8574
20.93 720.475 -7.88376
20.94 720.396 -7.90945
20.95 720.316 -7.93449
20.96 720.237 -7.95887
20.97 720.157 -7.9826
20.98 720.077 -8.00568
20.99 719.996 -8.02813
21 719.916 -8.04994
21.01 719.835 -8.07112
21.02 719.754 -8.09168
21.03 719.673 -8.11162
21.04 719.592 -8.13095
21.05 719.51 -8.14967
21.06 719.429 -8.16779
21.07 719.347 -8.18531
21.08 719.265 -8.20224
21.09 719.183 -8.21858
21.1 719.1 -8.23434
21.11 719.018 -8.24952
21.12 718.935 -8.26412
21.13 718.852 -8.27816
21.14 718.77 -8.29164
21.15 718.686 -8.30456
21.16 718.603 -8.31693
21.17 718.52 -8.32874
21.18 718.437 -8.34002
21.19 718.353 -8.35076
21.2 718.269 -8.36096
21.21 718.186 -8.37064
21.22 718.102 -8.37979
21.23 718.018 -8.38842
21.24 717.934 -8.39654
21.25 717.85 -8.40415
21.26 717.766 -8.41126
21.27 717.682 -8.41786
21.28 717.598 -8.42397
21.29 717.513 -8.42959
21.3 717.429 -8.43473
21.31 717.345 -8.43938
21.32 717.26 -8.44355
21.33 717.176 -8.44725
21.34 717.091 -8.45049
21.35 717.007 -8.45326
21.36 716.922 -8.45557
21.37 716.837 -8.45743
21.38 716.753 -8.45883
21.39 716.668 -8.4598
21.4 716.584 -8.46032
21.41 716.499 -8.4604
21.42 716.414 -8.46005
21.43 716.33 -8.45928
21.44 716.245 -8.45808
21.45 716.161 -8.45646
21.46 716.076 -8.45442
21.47 715.992 -8.45198
21.48 715.907 -8.44913
21.49 715.823 -8.44587
21.5 715.738 -8.44222
21.51 715.654 -8.43817
21.52 715.57 -8.43374
21.53 715.485 -8.42891
21.54 715.401 -8.42371
21.55 715.317 -8.41813
21.56 715.233 -8.41217
21.57 715.149 -8.40585
21.58 715.065 -8.39916
21.59 714.981 -8.3921
21.6 714.897 -8.38469
21.61 714.813 -8.37693
21.62 714.729 -8.36882
21.63 714.646 -8.36036
21.64 714.562 -8.35156
21.65 714.479 -8.34242
21.66 714.396 -8.33295
21.67 714.312 -8.32315
21.68 714.229 -8.31302
21.69 714.146 -8.30257
21.7 714.063 -8.29179
21.71 713.98 -8.28071
21.72 713.898 -8.26931
21.73 713.815 -8.2576
21.74 713.733 -8.2456
21.75 713.65 -8.23328
21.76 713.568 -8.22068
21.77 713.486 -8.20778
21.78 713.404 -8.19459
21.79 713.322 -8.18111
21.8 713.241 -8.16735
21.81 713.159 -8.15331
21.82 713.078 -8.139
21.83 712.997 -8.12442
21.84 712.915 -8.10956
21.85 712.834 -8.09444
21.86 712.754 -8.07906
21.87 712.673 -8.06342
21.88 712.593 -8.04753
21.89 712.512 -8.03138
21.9 712.432 -8.01499
21.91 712.352 -7.99835
21.92 712.272 -7.98147
21.93 712.193 -7.96435
21.94 712.113 -7.947
21.95 712.034 -7.92941
21.96 711.955 -7.9116
21.97 711.876 -7.89356
21.98 711.797 -7.8753
21.99 711.719 -7.85682
22 711.64 -7.83812
22.01 711.562 -7.81934
22.02 711.484 -7.80057
22.03 711.406 -7.78179
22.04 711.329 -7.76302
22.05 711.251 -7.74424
22.06 711.174 -7.72547
22.07 711.097 -7.7067
22.08 711.02 -7.68792
22.09 710.943 -7.66915
22.1 710.867 -7.65038
22.11 710.79 -7.63161
22.12 710.714 -7.61283
22.13 710.638 -7.59406
22.14 710.563 -7.57529
22.15 710.487 -7.55652
22.16 710.412 -7.53775
22.17 710.336 -7.51898
22.18 710.261 -7.50021
22.19 710.187 -7.48144
22.2 710.112 -7.46267
22.21 710.038 -7.4439
22.22 709.963 -7.42514
22.23 709.889 -7.40637
22.24 709.815 -7.3876
22.25 709.742 -7.36883
22.26 709.668 -7.35007
22.27 709.595 -7.3313
22.28 709.522 -7.31253
22.29 709.449 -7.29377
22.3 709.376 -7.275
22.31 709.303 -7.25624
22.32 709.231 -7.23747
22.33 709.159 -7.21871
22.34 709.087 -7.19994
22.35 709.015 -7.18118
22.36 708.943 -7.16242
22.37 708.872 -7.14365
22.38 708.801 -7.12489
22.39 708.73 -7.10613
22.4 708.659 -7.08737
22.41 708.588 -7.0686
22.42 708.518 -7.04984
22.43 708.447 -7.03108
22.44 708.377 -7.01232
22.45 708.307 -6.99356
22.46 708.238 -6.9748
22.47 708.168 -6.95604
22.48 708.099 -6.93728
22.49 708.029 -6.91852
22.5 707.96 -6.89976
22.51 707.892 -6.881
22.52 707.823 -6.86225
22.53 707.755 -6.84349
22.54 707.686 -6.82473
22.55 707.618 -6.80597
22.56 707.55 -6.78722
22.57 707.483 -6.76846
22.58 707.415 -6.7497
22.59 707.348 -6.73095
22.6 707.281 -6.71219
22.61 707.214 -6.69344
22.62 707.147 -6.67468
22.63 707.081 -6.65593
22.64 707.014 -6.63717
22.65 706.948 -6.61842
22.66 706.882 -6.59967
22.67 706.816 -6.58091
22.68 706.751 -6.56216
22.69 706.685 -6.54341
22.7 706.62 -6.52465
22.71 706.555 -6.5059
22.72 706.49 -6.48715
22.73 706.425 -6.4684
22.74 706.361 -6.44965
22.75 706.296 -6.4309
22.76 706.232 -6.41215
22.77 706.168 -6.3934
22.78 706.105 -6.37465
22.79 706.041 -6.3559
22.8 705.978 -6.33715
22.81 705.915 -6.3184
22.82 705.852 -6.29965
22.83 705.789 -6.2809
22.84 705.726 -6.26215
22.85 705.664 -6.2434
22.86 705.601 -6.22466
22.87 705.539 -6.20591
22.88 705.477 -6.18716
22.89 705.416 -6.16842
22.9 705.354 -6.14967
22.91 705.293 -6.13092
22.92 705.232 -6.11218
22.93 705.171 -6.09343
22.94 705.11 -6.07469
22.95 705.05 -6.05594
22.96 704.989 -6.0372
22.97 704.929 -6.01845
22.98 704.869 -5.99971
22.99 704.809 -5.98096
23 704.75 -5.96222
23.01 704.69 -5.94348
23.02 704.631 -5.92473
23.03 704.572 -5.90599
23.04 704.513 -5.88725
23.05 704.454 -5.86851
23.06 704.396 -5.84976
23.07 704.338 -5.83102
23.08 704.279 -5.81228
23.09 704.221 -5.79354
23.1 704.164 -5.7748
23.11 704.106 -5.75606
23.12 704.049 -5.73732
23.13 703.992 -5.71858
23.14 703.935 -5.69984
23.15 703.878 -5.6811
23.16 703.821 -5.66236
23.17 703.765 -5.64362
23.18 703.708 -5.62488
23.19 703.652 -5.60614
23.2 703.597 -5.58741
23.21 703.541 -5.56867
23.22 703.485 -5.54993
23.23 703.43 -5.53119
23.24 703.375 -5.51246
23.25 703.32 -5.49372
23.26 703.265 -5.47498
23.27 703.211 -5.45625
23.28 703.156 -5.43751
23.29 703.102 -5.41878
23.3 703.048 -5.40004
23.31 702.994 -5.3813
23.32 702.941 -5.36257
23.33 702.887 -5.34383
23.34 702.834 -5.3251
23.35 702.781 -5.30637
23.36 702.728 -5.28763
23.37 702.675 -5.2689
23.38 702.623 -5.25016
23.39 702.571 -5.23143
23.4 702.518 -5.2127
23.41 702.466 -5.19397
23.42 702.415 -5.17523
23.43 702.363 -5.1565
23.44 702.312 -5.13777
23.45 702.261 -5.11904
23.46 702.21 -5.10031
23.47 702.159 -5.08157
23.48 702.108 -5.06284
23.49 702.058 -5.04411
23.5 702.007 -5.02538
23.51 701.957 -5.00665
23.52 701.908 -4.98792
23.53 701.858 -4.96919
23.54 701.808 -4.95046
23.55 701.759 -4.93173
23.56 701.71 -4.913
23.57 701.661 -4.89427
23.58 701.612 -4.87554
23.59 701.564 -4.85682
23.6 701.515 -4.83809
23.61 701.467 -4.81936
23.62 701.419 -4.80063
23.63 701.371 -4.7819
23.64 701.324 -4.76318
23.65 701.276 -4.74445
23.66 701.229 -4.72572
23.67 701.182 -4.707
23.68 701.135 -4.68827
23.69 701.088 -4.66954
23.7 701.042 -4.65082
23.71 700.995 -4.63209
23.72 700.949 -4.61337
23.73 700.903 -4.59464
23.74 700.858 -4.57592
23.75 700.812 -4.55719
23.76 700.767 -4.53847
23.77 700.721 -4.51974
23.78 700.676 -4.50102
23.79 700.632 -4.48229
23.8 700.587 -4.46357
23.81 700.542 -4.44485
23.82 700.498 -4.42612
23.83 700.454 -4.4074
23.84 700.41 -4.38868
23.85 700.367 -4.36995
23.86 700.323 -4.35123
23.87 700.28 -4.33251
23.88 700.237 -4.31379
23.89 700.194 -4.29506
23.9 700.151 -4.27634
23.91 700.108 -4.25762
23.92 700.066 -4.2389
23.93 700.024 -4.22018
23.94 699.982 -4.20146
23.95 699.94 -4.18274
23.96 699.898 -4.16402
23.97 699.857 -4.1453
23.98 699.815 -4.12657
23.99 699.774 -4.10785
24 699.734 -4.08914
24.01 699.693 -4.07042
24.02 699.652 -4.0517
24.03 699.612 -4.03298
24.04 699.572 -4.01426
24.05 699.532 -3.99554
24.06 699.492 -3.97682
24.07 699.453 -3.9581
24.08 699.413 -3.93938
24.09 699.374 -3.92067
24.1 699.335 -3.90195
24.11 699.296 -3.88323
24.12 699.257 -3.86451
24.13 699.219 -3.84579
24.14 699.181 -3.82708
24.15 699.143 -3.80836
24.16 699.105 -3.78964
24.17 699.067 -3.77093
24.18 699.029 -3.75221
24.19 698.992 -3.73349
24.2 698.955 -3.71478
24.21 698.918 -3.69606
24.22 698.881 -3.67735
24.23 698.845 -3.65863
24.24 698.808 -3.63992
24.25 698.772 -3.6212
24.26 698.736 -3.60248
24.27 698.7 -3.58377
24.28 698.665 -3.56506
24.29 698.629 -3.54634
24.3 698.594 -3.52763
24.31 698.559 -3.50891
24.32 698.524 -3.4902
24.33 698.489 -3.47148
24.34 698.455 -3.45277
24.35 698.42 -3.43406
24.36 698.386 -3.41534
24.37 698.352 -3.39663
24.38 698.318 -3.37792
24.39 698.285 -3.3592
24.4 698.251 -3.34049
24.41 698.218 -3.32178
24.42 698.185 -3.30307
24.43 698.152 -3.28435
24.44 698.12 -3.26564
24.45 698.087 -3.24693
24.46 698.055 -3.22822
24.47 698.023 -3.20951
24.48 697.991 -3.19079
24.49 697.959 -3.17208
24.5 697.928 -3.15337
24.51 697.896 -3.13466
24.52 697.865 -3.11595
24.53 697.834 -3.09724
24.54 697.803 -3.07853
24.55 697.773 -3.05982
24.56 697.742 -3.04111
24.57 697.712 -3.0224
24.58 697.682 -3.00369
24.59 697.652 -2.98498
24.6 697.623 -2.96627
24.61 697.593 -2.94756
24.62 697.564 -2.92885
24.63 697.535 -2.91014
24.64 697.506 -2.89143
24.65 697.477 -2.87272
24.66 697.449 -2.85401
24.67 697.42 -2.8353
24.68 697.392 -2.81659
24.69 697.364 -2.79789
24.7 697.336 -2.77918
24.71 697.309 -2.76047
24.72 697.281 -2.74176
24.73 697.254 -2.72305
24.74 697.227 -2.70434
24.75 697.2 -2.68564
24.76 697.173 -2.66693
24.77 697.147 -2.64822
24.78 697.121 -2.62951
24.79 697.095 -2.61081
24.8 697.069 -2.5921
24.81 697.043 -2.57339
24.82 697.017 -2.55469
24.83 696.992 -2.53598
24.84 696.967 -2.51727
24.85 696.942 -2.49857
24.86 696.917 -2.47986
24.87 696.892 -2.46115
24.88 696.868 -2.44245
24.89 696.844 -2.42374
24.9 696.82 -2.40503
24.91 696.796 -2.38633
24.92 696.772 -2.36762
24.93 696.749 -2.34892
24.94 696.725 -2.33021
24.95 696.702 -2.31151
24.96 696.679 -2.2928
24.97 696.657 -2.2741
24.98 696.634 -2.25539
24.99 696.612 -2.23669
25 696.589 -2.21798
25.01 696.567 -2.19928
25.02 696.546 -2.18057
25.03 696.524 -2.16187
25.04 696.503 -2.14316
25.05 696.481 -2.12446
25.06 696.46 -2.10575
25.07 696.439 -2.08705
25.08 696.419 -2.06835
25.09 696.398 -2.04964
25.1 696.378 -2.03094
25.11 696.358 -2.01223
25.12 696.338 -1.99353
25.13 696.318 -1.97483
25.14 696.299 -1.95612
25.15 696.279 -1.93742
25.16 696.26 -1.91872
25.17 696.241 -1.90001
25.18 696.222 -1.88131
25.19 696.204 -1.86261
25.2 696.185 -1.8439
25.21 696.167 -1.8252
25.22 696.149 -1.8065
25.23 696.131 -1.7878
25.24 696.113 -1.76909
25.25 696.096 -1.75039
25.26 696.078 -1.73169
25.27 696.061 -1.71299
25.28 696.044 -1.69428
25.29 696.028 -1.67558
25.3 696.011 -1.65688
25.31 695.995 -1.63818
25.32 695.978 -1.61947
25.33 695.962 -1.60077
25.34 695.947 -1.58207
25.35 695.931 -1.56337
25.36 695.916 -1.54467
25.37 695.9 -1.52597
25.38 695.885 -1.50726
25.39 695.87 -1.48856
25.4 695.856 -1.46986
25.41 695.841 -1.45116
25.42 695.827 -1.43246
25.43 695.813 -1.41376
25.44 695.799 -1.39506
25.45 695.785 -1.37636
25.46 695.771 -1.35766
25.47 695.758 -1.33895
25.48 695.745 -1.32025
25.49 695.732 -1.30155
25.5 695.719 -1.28285
25.51 695.706 -1.26415
25.52 695.694 -1.24545
25.53 695.682 -1.22675
25.54 695.669 -1.20805
25.55 695.658 -1.18935
25.56 695.646 -1.17065
25.57 695.634 -1.15195
25.58 695.623 -1.13325
25.59 695.612 -1.11455
25.6 695.601 -1.09585
25.61 695.59 -1.07715
25.62 695.58 -1.05845
25.63 695.569 -1.03975
25.64 695.559 -1.02105
25.65 695.549 -1.00235
25.66 695.539 -0.983648
25.67 695.529 -0.964948
25.68 695.52 -0.946249
25.69 695.511 -0.927549
25.7 695.502 -0.908849
25.71 695.493 -0.89015
25.72 695.484 -0.87145
25.73 695.475 -0.85275
25.74 695.467 -0.834051
25.75 695.459 -0.815351
25.76 695.451 -0.796652
25.77 695.443 -0.777953
25.78 695.436 -0.759253
25.79 695.428 -0.740554
25.8 695.421 -0.721855
25.81 695.414 -0.703155
25.82 695.407 -0.684456
25.83 695.4 -0.665757
25.84 695.394 -0.647058
25.85 695.388 -0.628359
25.86 695.382 -0.60966
25.87 695.376 -0.590961
25.88 695.37 -0.572262
25.89 695.364 -0.553563
25.9 695.359 -0.534864
25.91 695.354 -0.516165
25.92 695.349 -0.497466
25.93 695.344 -0.478767
25.94 695.34 -0.460068
25.95 695.335 -0.441369
25.96 695.331 -0.42267
25.97 695.327 -0.403972
25.98 695.323 -0.385273
25.99 695.319 -0.366574
26 695.316 -0.347875
26.01 695.313 -0.329177
26.02 695.31 -0.310478
26.03 695.307 -0.291779
26.04 695.304 -0.27308
26.05 695.301 -0.254382
26.06 695.299 -0.235683
26.07 695.297 -0.216984
26.08 695.295 -0.198286
26.09 695.293 -0.179587
26.1 695.291 -0.160889
26.11 695.29 -0.14219
26.12 695.289 -0.123491
26.13 695.288 -0.104793
26.14 695.287 -0.0860942
26.15 695.286 -0.0673956
26.16 695.286 -0.048697
26.17 695.285 -0.0299984
26.18 695.285 -0.0112998
26.19 695.285 0.00739875
26.2 695.286 0.0260973
26.21 695.286 0.0447959
26.22 695.287 0.0634945
26.23 695.288 0.0821931
26.24 695.289 0.100892
26.25 695.29 0.11959
26.26 695.291 0.138289
26.27 695.293 0.156987
26.28 695.294 0.175686
26.29 695.296 0.194384
26.3 695.299 0.213083
26.31 695.301 0.231782
26.32 695.303 0.25048
26.33 695.306 0.269179
26.34 695.309 0.287877
26.35 695.312 0.306576
26.36 695.315 0.325274
26.37 695.319 0.343972
26.38 695.322 0.362671
26.39 695.326 0.381369
26.4 695.33 0.400068
26.41 695.334 0.418766
26.42 695.339 0.437464
26.43 695.343 0.456163
26.44 695.348 0.474861
26.45 695.353 0.493559
26.46 695.358 0.512258
26.47 695.363 0.530827
26.48 695.369 0.549184
26.49 695.375 0.56733
26.5 695.38 0.585265
26.51 695.386 0.602992
26.52 695.393 0.620512
26.53 695.399 0.637824
26.54 695.406 0.654932
26.55 695.412 0.671835
26.56 695.419 0.688536
26.57 695.426 0.705035
26.58 695.433 0.721333
26.59 695.441 0.737431
26.6 695.448 0.753332
26.61 695.456 0.769035
26.62 695.464 0.784543
26.63 695.472 0.799855
26.64 695.48 0.814974
26.65 695.488 0.829901
26.66 695.497 0.844636
26.67 695.505 0.859182
26.68 695.514 0.873538
26.69 695.523 0.887706
26.7 695.532 0.901688
26.71 695.541 0.915484
26.72 695.55 0.929096
26.73 695.56 0.942525
26.74 695.569 0.955771
26.75 695.579 0.968837
26.76 695.589 0.981723
26.77 695.599 0.99443
26.78 695.609 1.00696
26.79 695.619 1.01931
26.8 695.629 1.03149
26.81 695.64 1.04349
26.82 695.65 1.05533
26.83 695.661 1.06698
26.84 695.672 1.07847
26.85 695.683 1.08979
26.86 695.694 1.10094
26.87 695.705 1.11192
26.88 695.716 1.12274
26.89 695.727 1.13339
26.9 695.739 1.14388
26.91 695.75 1.1542
26.92 695.762 1.16436
26.93 695.774 1.17437
26.94 695.786 1.18421
26.95 695.798 1.19389
26.96 695.81 1.20341
26.97 695.822 1.21278
26.98 695.834 1.222
26.99 695.846 1.23106
27 695.859 1.23996
27.01 695.871 1.24872
27.02 695.884 1.25732
27.03 695.896 1.26577
27.04 695.909 1.27408
27.05 695.922 1.28223
27.06 695.935 1.29024
27.07 695.948 1.29811
27.08 695.961 1.30582
27.09 695.974 1.3134
27.1 695.987 1.32083
27.11 696.001 1.32812
27.12 696.014 1.33527
27.13 696.027 1.34229
27.14 696.041 1.34916
27.15 696.054 1.35589
27.16 696.068 1.36249
27.17 696.082 1.36896
27.18 696.095 1.37529
27.19 696.109 1.38148
27.2 696.123 1.38754
27.21 696.137 1.39348
27.22 696.151 1.39928
27.23 696.165 1.40495
27.24 696.179 1.4105
27.25 696.193 1.41591
27.26 696.208 1.4212
27.27 696.222 1.42637
27.28 696.236 1.43141
27.29 696.25 1.43633
27.3 696.265 1.44113
27.31 696.279 1.4458
27.32 696.294 1.45035
27.33 696.308 1.45479
27.34 696.323 1.4591
27.35 696.338 1.4633
27.36 696.352 1.46738
27.37 696.367 1.47135
27.38 696.382 1.4752
27.39 696.397 1.47894
27.4 696.411 1.48257
27.41 696.426 1.48608
27.42 696.441 1.48948
27.43 696.456 1.49277
27.44 696.471 1.49596
27.45 696.486 1.49903
27.46 696.501 1.502
27.47 696.516 1.50487
27.48 696.531 1.50762
27.49 696.546 1.51027
27.5 696.561 1.51282
27.51 696.577 1.51527
27.52 696.592 1.51761
27.53 696.607 1.51986
27.54 696.622 1.522
27.55 696.637 1.52405
27.56 696.653 1.52599
27.57 696.668 1.52784
27.58 696.683 1.5296
27.59 696.699 1.53125
27.6 696.714 1.53282
27.61 696.729 1.53429
27.62 696.745 1.53566
27.63 696.76 1.53695
27.64 696.775 1.53814
27.65 696.791 1.53924
27.66 696.806 1.54026
27.67 696.822 1.54118
27.68 696.837 1.54202
27.69 696.852 1.54277
27.7 696.868 1.54343
27.71 696.883 1.54401
27.72 696.899 1.5445
27.73 696.914 1.54491
27.74 696.93 1.54524
27.75 696.945 1.54548
27.76 696.961 1.54565
27.77 696.976 1.54573
27.78 696.991 1.54574
27.79 697.007 1.54566
27.8 697.022 1.54551
27.81 697.038 1.54528
27.82 697.053 1.54497
27.83 697.069 1.54459
27.84 697.084 1.54413
27.85 697.1 1.5436
27.86 697.115 1.54299
27.87 697.13 1.54231
27.88 697.146 1.54156
27.89 697.161 1.54074
27.9 697.177 1.53985
27.91 697.192 1.53889
27.92 697.207 1.53786
27.93 697.223 1.53676
27.94 697.238 1.53559
27.95 697.253 1.53436
27.96 697.269 1.53306
27.97 697.284 1.5317
27.98 697.299 1.53027
27.99 697.315 1.52878
28 697.33 1.52722
28.01 697.345 1.52561
28.02 697.36 1.52393
28.03 697.376 1.52219
28.04 697.391 1.52039
28.05 697.406 1.51853
28.06 697.421 1.51661
28.07 697.436 1.51463
28.08 697.452 1.5126
28.09 697.467 1.51051
28.1 697.482 1.50836
28.11 697.497 1.50615
28.12 697.512 1.5039
28.13 697.527 1.50158
28.14 697.542 1.49922
28.15 697.557 1.4968
28.16 697.572 1.49433
28.17 697.587 1.49181
28.18 697.602 1.48924
28.19 697.616 1.48661
28.2 697.631 1.48394
28.21 697.646 1.48122
28.22 697.661 1.47845
28.23 697.676 1.47563
28.24 697.69 1.47276
28.25 697.705 1.46985
28.26 697.72 1.46689
28.27 697.734 1.46389
28.28 697.749 1.46084
28.29 697.764 1.45775
28.3 697.778 1.45462
28.31 697.793 1.45144
28.32 697.807 1.44822
28.33 697.822 1.44495
28.34 697.836 1.44165
28.35 697.85 1.43831
28.36 697.865 1.43492
28.37 697.879 1.4315
28.38 697.893 1.42804
28.39 697.908 1.42454
28.4 697.922 1.421
28.41 697.936 1.41742
28.42 697.95 1.41381
28.43 697.964 1.41016
28.44 697.978 1.40648
28.45 697.992 1.40276
28.46 698.006 1.39901
28.47 698.02 1.39522
28.48 698.034 1.3914
28.49 698.048 1.38755
28.5 698.062 1.38366
28.51 698.076 1.37975
28.52 698.089 1.3758
28.53 698.103 1.37182
28.54 698.117 1.36781
28.55 698.13 1.36377
28.56 698.144 1.3597
28.57 698.158 1.3556
28.58 698.171 1.35148
28.59 698.185 1.34733
28.6 698.198 1.34314
28.61 698.211 1.33894
28.62 698.225 1.3347
28.63 698.238 1.33044
28.64 698.251 1.32616
28.65 698.264 1.32185
28.66 698.278 1.31752
28.67 698.291 1.31316
28.68 698.304 1.30878
28.69 698.317 1.30437
28.7 698.33 1.29994
28.71 698.343 1.2955
28.72 698.356 1.29102
28.73 698.369 1.28653
28.74 698.381 1.28202
28.75 698.394 1.27749
28.76 698.407 1.27293
28.77 698.42 1.26836
28.78 698.432 1.26377
28.79 698.445 1.25916
28.8 698.457 1.25453
28.81 698.47 1.24988
28.82 698.482 1.24522
28.83 698.495 1.24054
28.84 698.507 1.23584
28.85 698.519 1.23113
28.86 698.532 1.2264
28.87 698.544 1.22166
28.88 698.556 1.2169
28.89 698.568 1.21212
28.9 698.58 1.20733
28.91 698.592 1.20253
28.92 698.604 1.19772
28.93 698.616 1.19289
28.94 698.628 1.18805
28.95 698.64 1.18319
28.96 698.652 1.17833
28.97 698.663 1.17345
28.98 698.675 1.16856
28.99 698.687 1.16366
29 698.698 1.15875
29.01 698.71 1.15384
29.02 698.721 1.14891
29.03 698.733 1.14397
29.04 698.744 1.13902
29.05 698.756 1.13406
29.06 698.767 1.1291
29.07 698.778 1.12413
29.08 698.789 1.11915
29.09 698.8 1.11416
29.1 698.812 1.10916
29.11 698.823 1.10416
29.12 698.834 1.09915
29.13 698.844 1.09414
29.14 698.855 1.08912
29.15 698.866 1.08409
29.16 698.877 1.07906
29.17 698.888 1.07403
29.18 698.898 1.06899
29.19 698.909 1.06394
29.2 698.92 1.0589
29.21 698.93 1.05384
29.22 698.941 1.04879
29.23 698.951 1.04373
29.24 698.962 1.03867
29.25 698.972 1.03361
29.26 698.982 1.02854
29.27 698.992 1.02347
29.28 699.003 1.0184
29.29 699.013 1.01333
29.3 699.023 1.00826
29.31 699.033 1.00319
29.32 699.043 0.998118
29.33 699.053 0.993044
29.34 699.063 0.987971
29.35 699.072 0.982898
29.36 699.082 0.977826
29.37 699.092 0.972754
29.38 699.102 0.967684
29.39 699.111 0.962614
29.4 699.121 0.957546
29.41 699.13 0.95248
29.42 699.14 0.947416
29.43 699.149 0.942354
29.44 699.159 0.937294
29.45 699.168 0.932237
29.46 699.177 0.927183
29.47 699.186 0.922133
29.48 699.196 0.917085
29.49 699.205 0.912041
29.5 699.214 0.907001
29.51 699.223 0.901965
29.52 699.232 0.896933
29.53 699.241 0.891906
29.54 699.25 0.886884
29.55 699.258 0.881866
29.56 699.267 0.876853
29.57 699.276 0.871846
29.58 699.285 0.866844
29.59 699.293 0.861848
29.6 699.302 0.856858
29.61 699.31 0.851873
29.62 699.319 0.846896
29.63 699.327 0.841924
29.64 699.336 0.836959
29.65 699.344 0.832002
29.66 699.352 0.827051
29.67 699.36 0.822107
29.68 699.368 0.817171
29.69 699.377 0.812242
29.7 699.385 0.807321
29.71 699.393 0.802408
29.72 699.401 0.797504
29.73 699.409 0.792607
29.74 699.416 0.787719
29.75 699.424 0.782839
29.76 699.432 0.777969
29.77 699.44 0.773107
29.78 699.448 0.768254
29.79 699.455 0.76341
29.8 699.463 0.758576
29.81 699.47 0.753752
29.82 699.478 0.748937
29.83 699.485 0.744132
29.84 699.493 0.739337
29.85 699.5 0.734552
29.86 699.507 0.729777
29.87 699.514 0.725013
29.88 699.522 0.720259
29.89 699.529 0.715516
29.9 699.536 0.710784
29.91 699.543 0.706063
29.92 699.55 0.701353
29.93 699.557 0.696654
29.94 699.564 0.691967
29.95 699.571 0.687291
29.96 699.578 0.682626
29.97 699.584 0.677974
29.98 699.591 0.673333
29.99 699.598 0.668704
30 699.604 0.664087
30.01 699.611 0.659483
30.02 699.618 0.65489
30.03 699.624 0.650311
30.04 699.631 0.645743
30.05 699.637 0.641189
30.06 699.643 0.636647
30.07 699.65 0.632118
30.08 699.656 0.627601
30.09 699.662 0.623098
30.1 699.668 0.618608
30.11 699.674 0.614132
30.12 699.681 0.609668
30.13 699.687 0.605219
30.14 699.693 0.600782
30.15 699.699 0.59636
30.16 699.705 0.59195
30.17 699.71 0.587555
30.18 699.716 0.583174
30.19 699.722 0.578807
30.2 699.728 0.574453
30.21 699.733 0.570114
30.22 699.739 0.565789
30.23 699.745 0.561479
30.24 699.75 0.557182
30.25 699.756 0.552901
30.26 699.761 0.548633
30.27 699.767 0.544381
30.28 699.772 0.540143
30.29 699.778 0.535919
30.3 699.783 0.531711
30.31 699.788 0.527517
30.32 699.793 0.523339
30.33 699.799 0.519175
30.34 699.804 0.515026
30.35 699.809 0.510893
30.36 699.814 0.506775
30.37 699.819 0.502671
30.38 699.824 0.498584
30.39 699.829 0.494511
30.4 699.834 0.490454
30.41 699.839 0.486413
30.42 699.843 0.482387
30.43 699.848 0.478376
30.44 699.853 0.474382
30.45 699.858 0.470403
30.46 699.862 0.466439
30.47 699.867 0.462491
30.48 699.872 0.45856
30.49 699.876 0.454644
30.5 699.881 0.450743
30.51 699.885 0.446859
30.52 699.889 0.442991
30.53 699.894 0.439139
30.54 699.898 0.435302
30.55 699.903 0.431482
30.56 699.907 0.427678
30.57 699.911 0.42389
30.58 699.915 0.420119
30.59 699.919 0.416363
30.6 699.924 0.412624
30.61 699.928 0.408901
30.62 699.932 0.405194
30.63 699.936 0.401504
30.64 699.94 0.39783
30.65 699.944 0.394172
30.66 699.948 0.390531
30.67 699.951 0.386906
30.68 699.955 0.383297
30.69 699.959 0.379705
30.7 699.963 0.37613
30.71 699.967 0.372571
30.72 699.97 0.369028
30.73 699.974 0.365502
30.74 699.977 0.361993
30.75 699.981 0.3585
30.76 699.985 0.355024
30.77 699.988 0.351564
30.78 699.992 0.348121
30.79 699.995 0.344694
30.8 699.998 0.341284
30.81 700.002 0.337891
30.82 700.005 0.334514
30.83 700.009 0.331154
30.84 700.012 0.327811
30.85 700.015 0.324484
30.86 700.018 0.321174
30.87 700.021 0.31788
30.88 700.025 0.314603
30.89 700.028 0.311343
30.9 700.031 0.308099
30.91 700.034 0.304873
30.92 700.037 0.301662
30.93 700.04 0.298469
30.94 700.043 0.295292
30.95 700.046 0.292131
30.96 700.049 0.288988
30.97 700.051 0.28586
30.98 700.054 0.28275
30.99 700.057 0.279656
31 700.06 0.276579
31.01 700.063 0.273518
31.02 700.065 0.270474
31.03 700.068 0.267447
31.04 700.071 0.264436
31.05 700.073 0.261441
31.06 700.076 0.258463
31.07 700.078 0.255502
31.08 700.081 0.252557
31.09 700.083 0.249629
31.1 700.086 0.246717
31.11 700.088 0.243822
31.12 700.091 0.240943
31.13 700.093 0.238081
31.14 700.095 0.235234
31.15 700.098 0.232405
31.16 700.1 0.229592
31.17 700.102 0.226795
31.18 700.105 0.224014
31.19 700.107 0.22125
31.2 700.109 0.218502
31.21 700.111 0.21577
31.22 700.113 0.213055
31.23 700.115 0.210356
31.24 700.117 0.207673
31.25 700.119 0.205006
31.26 700.121 0.202355
31.27 700.123 0.199721
31.28 700.125 0.197102
31.29 700.127 0.1945
31.3 700.129 0.191913
31.31 700.131 0.189343
31.32 700.133 0.186789
31.33 700.135 0.18425
31.34 700.137 0.181728
31.35 700.139 0.179221
31.36 700.14 0.176731
31.37 700.142 0.174256
31.38 700.144 0.171797
31.39 700.145 0.169354
31.4 700.147 0.166926
31.41 700.149 0.164514
31.42 700.15 0.162118
31.43 700.152 0.159738
31.44 700.154 0.157373
31.45 700.155 0.155023
31.46 700.157 0.152689
31.47 700.158 0.150371
31.48 700.16 0.148068
31.49 700.161 0.145781
31.5 700.163 0.143509
31.51 700.164 0.141252
31.52 700.165 0.139011
31.53 700.167 0.136785
31.54 700.168 0.134574
31.55 700.169 0.132378
31.56 700.171 0.130198
31.57 700.172 0.128032
31.58 700.173 0.125882
31.59 700.174 0.123747
31.6 700.176 0.121626
31.61 700.177 0.119521
31.62 700.178 0.117431
31.63 700.179 0.115355
31.64 700.18 0.113294
31.65 700.181 0.111248
31.66 700.183 0.109217
31.67 700.184 0.1072
31.68 700.185 0.105199
31.69 700.186 0.103211
31.7 700.187 0.101239
31.71 700.188 0.0992803
31.72 700.189 0.0973366
31.73 700.19 0.0954073
31.74 700.191 0.0934924
31.75 700.191 0.0915918
31.76 700.192 0.0897055
31.77 700.193 0.0878335
31.78 700.194 0.0859756
31.79 700.195 0.084132
31.8 700.196 0.0823024
31.81 700.197 0.0804869
31.82 700.197 0.0786853
31.83 700.198 0.0768978
31.84 700.199 0.0751241
31.85 700.2 0.0733643
31.86 700.2 0.0716183
31.87 700.201 0.0698861
31.88 700.202 0.0681676
31.89 700.202 0.0664628
31.9 700.203 0.0647716
31.91 700.204 0.063094
31.92 700.204 0.0614299
31.93 700.205 0.0597792
31.94 700.205 0.058142
31.95 700.206 0.0565181
31.96 700.207 0.0549076
31.97 700.207 0.0533103
31.98 700.208 0.0517263
31.99 700.208 0.0501554
32 700.209 0.0485976
32.01 700.209 0.0470529
32.02 700.209 0.0455212
32.03 700.21 0.0440025
32.04 700.21 0.0424967
32.05 700.211 0.0410037
32.06 700.211 0.0395236
32.07 700.212 0.0380561
32.08 700.212 0.0366014
32.09 700.212 0.0351593
32.1 700.213 0.0337298
32.11 700.213 0.0323129
32.12 700.213 0.0309085
32.13 700.214 0.0295165
32.14 700.214 0.0281369
32.15 700.214 0.0267696
32.16 700.214 0.0254145
32.17 700.215 0.0240718
32.18 700.215 0.0227411
32.19 700.215 0.0214226
32.2 700.215 0.0201161
32.21 700.215 0.0188217
32.22 700.216 0.0175392
32.23 700.216 0.0162686
32.24 700.216 0.0150099
32.25 700.216 0.0137629
32.26 700.216 0.0125277
32.27 700.216 0.0113042
32.28 700.216 0.0100923
32.29 700.216 0.00889199
32.3 700.217 0.0077032
32.31 700.217 0.00652587
32.32 700.217 0.00535995
32.33 700.217 0.00420539
32.34 700.217 0.00306214
32.35 700.217 0.00193012
32.36 700.217 0.000809319
32.37 700.217 -0.000300352
32.38 700.217 -0.00139894
32.39 700.217 -0.00248649
32.4 700.217 -0.00356305
32.41 700.217 -0.00462872
32.42 700.217 -0.00568349
32.43 700.217 -0.00672746
32.44 700.216 -0.00776066
32.45 700.216 -0.00878316
32.46 700.216 -0.009795
32.47 700.216 -0.0107963
32.48 700.216 -0.011787
32.49 700.216 -0.0127672
32.5 700.216 -0.013737
32.51 700.216 -0.0146965
32.52 700.215 -0.0156456
32.53 700.215 -0.0165844
32.54 700.215 -0.017513
32.55 700.215 -0.0184315
32.56 700.215 -0.0193398
32.57 700.215 -0.0202382
32.58 700.214 -0.0211265
32.59 700.214 -0.0220049
32.6 700.214 -0.0228734
32.61 700.214 -0.0237321
32.62 700.213 -0.024581
32.63 700.213 -0.0254201
32.64 700.213 -0.0262496
32.65 700.213 -0.0270695
32.66 700.212 -0.0278798
32.67 700.212 -0.0286806
32.68 700.212 -0.029472
32.69 700.211 -0.030254
32.7 700.211 -0.0310266
32.71 700.211 -0.0317899
32.72 700.21 -0.032544
32.73 700.21 -0.0332889
32.74 700.21 -0.0340247
32.75 700.209 -0.0347514
32.76 700.209 -0.0354691
32.77 700.209 -0.0361778
32.78 700.208 -0.0368776
32.79 700.208 -0.0375685
32.8 700.208 -0.0382506
32.81 700.207 -0.038924
32.82 700.207 -0.0395886
32.83 700.206 -0.0402446
32.84 700.206 -0.040892
32.85 700.206 -0.0415309
32.86 700.205 -0.0421613
32.87 700.205 -0.0427832
32.88 700.204 -0.0433968
32.89 700.204 -0.044002
32.9 700.203 -0.0445989
32.91 700.203 -0.0451876
32.92 700.203 -0.0457682
32.93 700.202 -0.0463406
32.94 700.202 -0.0469049
32.95 700.201 -0.0474612
32.96 700.201 -0.0480095
32.97 700.2 -0.0485499
32.98 700.2 -0.0490824
32.99 700.199 -0.0496071
33 700.199 -0.0501241
33.01 700.198 -0.0506334
33.02 700.198 -0.0511349
33.03 700.197 -0.0516289
33.04 700.197 -0.0521153
33.05 700.196 -0.0525942
33.06 700.196 -0.0530656
33.07 700.195 -0.0535297
33.08 700.194 -0.0539863
33.09 700.194 -0.0544357
33.1 700.193 -0.0548778
33.11 700.193 -0.0553127
33.12 700.192 -0.0557404
33.13 700.192 -0.056161
33.14 700.191 -0.0565746
33.15 700.191 -0.0569811
33.16 700.19 -0.0573807
33.17 700.189 -0.0577734
33.18 700.189 -0.0581592
33.19 700.188 -0.0585382
33.2 700.188 -0.0589104
33.21 700.187 -0.0592759
33.22 700.186 -0.0596347
33.23 700.186 -0.059987
33.24 700.185 -0.0603326
33.25 700.185 -0.0606717
33.26 700.184 -0.0610043
33.27 700.183 -0.0613305
33.28 700.183 -0.0616503
33.29 700.182 -0.0619638
33.3 700.182 -0.062271
33.31 700.181 -0.062572
33.32 700.18 -0.0628667
33.33 700.18 -0.0631554
33.34 700.179 -0.0634379
33.35 700.178 -0.0637143
33.36 700.178 -0.0639848
33.37 700.177 -0.0642493
33.38 700.177 -0.0645079
33.39 700.176 -0.0647606
33.4 700.175 -0.0650075
33.41 700.175 -0.0652486
33.42 700.174 -0.0654839
33.43 700.173 -0.0657136
33.44 700.173 -0.0659376
33.45 700.172 -0.0661561
33.46 700.171 -0.066369
33.47 700.171 -0.0665763
33.48 700.17 -0.0667783
33.49 700.169 -0.0669748
33.5 700.169 -0.0671659
33.51 700.168 -0.0673517
33.52 700.167 -0.0675322
33.53 700.167 -0.0677074
33.54 700.166 -0.0678774
33.55 700.165 -0.0680423
33.56 700.165 -0.0682021
33.57 700.164 -0.0683568
33.58 700.163 -0.0685065
33.59 700.162 -0.0686511
33.6 700.162 -0.0687909
33.61 700.161 -0.0689257
33.62 700.16 -0.0690557
33.63 700.16 -0.0691809
33.64 700.159 -0.0693012
33.65 700.158 -0.0694169
33.66 700.158 -0.0695278
33.67 700.157 -0.0696342
33.68 700.156 -0.0697359
33.69 700.156 -0.0698329
33.7 700.155 -0.0699255
33.71 700.154 -0.0700136
33.72 700.153 -0.0700973
33.73 700.153 -0.0701765
33.74 700.152 -0.0702513
33.75 700.151 -0.0703219
33.76 700.151 -0.0703881
33.77 700.15 -0.0704501
33.78 700.149 -0.0705079
33.79 700.148 -0.0705615
33.8 700.148 -0.0706109
33.81 700.147 -0.0706563
33.82 700.146 -0.0706976
33.83 700.146 -0.0707349
33.84 700.145 -0.0707682
33.85 700.144 -0.0707976
33.86 700.144 -0.0708231
33.87 700.143 -0.0708447
33.88 700.142 -0.0708625
33.89 700.141 -0.0708764
33.9 700.141 -0.0708867
33.91 700.14 -0.0708932
33.92 700.139 -0.070896
33.93 700.139 -0.0708953
33.94 700.138 -0.0708908
33.95 700.137 -0.0708828
33.96 700.136 -0.0708713
33.97 700.136 -0.0708562
33.98 700.135 -0.0708377
33.99 700.134 -0.0708158
34 700.134 -0.0707905
34.01 700.133 -0.0707618
34.02 700.132 -0.0707298
34.03 700.132 -0.0706945
34.04 700.131 -0.070656
34.05 700.13 -0.0706142
34.06 700.129 -0.0705692
34.07 700.129 -0.0705211
34.08 700.128 -0.0704699
34.09 700.127 -0.0704156
34.1 700.127 -0.0703583
34.11 700.126 -0.070298
34.12 700.125 -0.0702346
34.13 700.124 -0.0701683
34.14 700.124 -0.0700991
34.15 700.123 -0.070027
34.16 700.122 -0.0699521
34.17 700.122 -0.0698743
34.18 700.121 -0.0697938
34.19 700.12 -0.0697105
34.2 700.12 -0.0696244
34.21 700.119 -0.0695357
34.22 700.118 -0.0694443
34.23 700.117 -0.0693503
34.24 700.117 -0.0692537
34.25 700.116 -0.0691545
34.26 700.115 -0.0690527
34.27 700.115 -0.0689485
34.28 700.114 -0.0688418
34.29 700.113 -0.0687326
34.3 700.113 -0.0686211
34.31 700.112 -0.0685071
34.32 700.111 -0.0683908
34.33 700.111 -0.0682721
34.34 700.11 -0.0681512
34.35 700.109 -0.068028
34.36 700.109 -0.0679025
34.37 700.108 -0.0677749
34.38 700.107 -0.067645
34.39 700.107 -0.067513
34.4 700.106 -0.0673789
34.41 700.105 -0.0672427
34.42 700.105 -0.0671044
34.43 700.104 -0.066964
34.44 700.103 -0.0668217
34.45 700.103 -0.0666773
34.46 700.102 -0.066531
34.47 700.101 -0.0663828
34.48 700.101 -0.0662327
34.49 700.1 -0.0660806
34.5 700.099 -0.0659267
34.51 700.099 -0.065771
34.52 700.098 -0.0656135
34.53 700.097 -0.0654542
34.54 700.097 -0.0652932
34.55 700.096 -0.0651305
34.56 700.095 -0.064966
34.57 700.095 -0.0647998
34.58 700.094 -0.0646321
34.59 700.093 -0.0644627
34.6 700.093 -0.0642917
34.61 700.092 -0.0641191
34.62 700.091 -0.063945
34.63 700.091 -0.0637693
34.64 700.09 -0.0635922
34.65 700.09 -0.0634136
34.66 700.089 -0.0632335
34.67 700.088 -0.063052
34.68 700.088 -0.0628691
34.69 700.087 -0.0626848
34.7 700.086 -0.0624991
34.71 700.086 -0.0623122
34.72 700.085 -0.0621239
34.73 700.085 -0.0619343
34.74 700.084 -0.0617435
34.75 700.083 -0.0615514
34.76 700.083 -0.0613581
34.77 700.082 -0.0611636
34.78 700.081 -0.0609679
34.79 700.081 -0.060771
34.8 700.08 -0.060573
34.81 700.08 -0.0603739
34.82 700.079 -0.0601737
34.83 700.078 -0.0599725
34.84 700.078 -0.0597701
34.85 700.077 -0.0595668
34.86 700.077 -0.0593624
34.87 700.076 -0.0591571
34.88 700.075 -0.0589507
34.89 700.075 -0.0587435
34.9 700.074 -0.0585353
34.91 700.074 -0.0583262
34.92 700.073 -0.0581162
34.93 700.073 -0.0579053
34.94 700.072 -0.0576936
34.95 700.071 -0.0574811
34.96 700.071 -0.0572677
34.97 700.07 -0.0570536
34.98 700.07 -0.0568387
34.99 700.069 -0.056623
35 700.069 -0.0564066
35.01 700.068 -0.0561894
35.02 700.067 -0.0559716
35.03 700.067 -0.0557531
35.04 700.066 -0.0555339
35.05 700.066 -0.0553141
35.06 700.065 -0.0550936
35.07 700.065 -0.0548726
35.08 700.064 -0.0546509
35.09 700.064 -0.0544287
35.1 700.063 -0.054206
35.11 700.062 -0.0539826
35.12 700.062 -0.0537588
35.13 700.061 -0.0535344
35.14 700.061 -0.0533096
35.15 700.06 -0.0530842
35.16 700.06 -0.0528584
35.17 700.059 -0.0526322
35.18 700.059 -0.0524056
35.19 700.058 -0.0521785
35.2 700.058 -0.051951
35.21 700.057 -0.0517232
35.22 700.057 -0.051495
35.23 700.056 -0.0512664
35.24 700.056 -0.0510375
35.25 700.055 -0.0508083
35.26 700.055 -0.0505788
35.27 700.054 -0.050349
35.28 700.054 -0.0501189
35.29 700.053 -0.0498886
35.3 700.053 -0.049658
35.31 700.052 -0.0494272
35.32 700.052 -0.0491961
35.33 700.051 -0.0489648
35.34 700.051 -0.0487334
35.35 700.05 -0.0485018
35.36 700.05 -0.04827
35.37 700.049 -0.0480381
35.38 700.049 -0.047806
35.39 700.048 -0.0475739
35.4 700.048 -0.0473416
35.41 700.047 -0.0471092
35.42 700.047 -0.0468767
35.43 700.046 -0.0466442
35.44 700.046 -0.0464116
35.45 700.045 -0.0461789
35.46 700.045 -0.0459462
35.47 700.045 -0.0457135
35.48 700.044 -0.0454808
35.49 700.044 -0.0452481
35.5 700.043 -0.0450154
35.51 700.043 -0.0447827
35.52 700.042 -0.04455
35.53 700.042 -0.0443175
35.54 700.041 -0.0440849
35.55 700.041 -0.0438524
35.56 700.041 -0.0436201
35.57 700.04 -0.0433878
35.58 700.04 -0.0431556
35.59 700.039 -0.0429235
35.6 700.039 -0.0426916
35.61 700.038 -0.0424598
35.62 700.038 -0.0422281
35.63 700.038 -0.0419966
35.64 700.037 -0.0417653
35.65 700.037 -0.0415341
35.66 700.036 -0.0413032
35.67 700.036 -0.0410724
35.68 700.036 -0.0408418
35.69 700.035 -0.0406115
35.7 700.035 -0.0403814
35.71 700.034 -0.0401515
35.72 700.034 -0.0399218
35.73 700.033 -0.0396925
35.74 700.033 -0.0394634
35.75 700.033 -0.0392345
35.76 700.032 -0.039006
35.77 700.032 -0.0387777
35.78 700.032 -0.0385497
35.79 700.031 -0.0383221
35.8 700.031 -0.0380947
35.81 700.03 -0.0378677
35.82 700.03 -0.037641
35.83 700.03 -0.0374147
35.84 700.029 -0.0371887
35.85 700.029 -0.0369631
35.86 700.029 -0.0367378
35.87 700.028 -0.0365129
35.88 700.028 -0.0362884
35.89 700.027 -0.0360643
35.9 700.027 -0.0358405
35.91 700.027 -0.0356172
35.92 700.026 -0.0353943
35.93 700.026 -0.0351718
35.94 700.026 -0.0349497
35.95 700.025 -0.034728
35.96 700.025 -0.0345069
35.97 700.025 -0.0342861
35.98 700.024 -0.0340658
35.99 700.024 -0.0338459
36 700.024 -0.0336266
36.01 700.023 -0.0334077
36.02 700.023 -0.0331893
36.03 700.023 -0.0329713
36.04 700.022 -0.0327539
36.05 700.022 -0.032537
36.06 700.022 -0.0323205
36.07 700.021 -0.0321046
36.08 700.021 -0.0318892
36.09 700.021 -0.0316743
36.1 700.02 -0.0314599
36.11 700.02 -0.0312461
36.12 700.02 -0.0310328
36.13 700.019 -0.0308201
36.14 700.019 -0.0306079
36.15 700.019 -0.0303963
36.16 700.019 -0.0301852
36.17 700.018 -0.0299747
36.18 700.018 -0.0297648
36.19 700.018 -0.0295554
36.2 700.017 -0.0293467
36.21 700.017 -0.0291385
36.22 700.017 -0.0289309
36.23 700.016 -0.0287239
36.24 700.016 -0.0285175
36.25 700.016 -0.0283117
36.26 700.016 -0.0281066
36.27 700.015 -0.027902
36.28 700.015 -0.027698
36.29 700.015 -0.0274947
36.3 700.015 -0.027292
36.31 700.014 -0.0270899
36.32 700.014 -0.0268884
36.33 700.014 -0.0266877
36.34 700.013 -0.0264875
36.35 700.013 -0.026288
36.36 700.013 -0.0260891
36.37 700.013 -0.0258909
36.38 700.012 -0.0256933
36.39 700.012 -0.0254964
36.4 700.012 -0.0253002
36.41 700.012 -0.0251046
36.42 700.011 -0.0249098
36.43 700.011 -0.0247155
36.44 700.011 -0.024522
36.45 700.011 -0.0243291
36.46 700.01 -0.0241369
36.47 700.01 -0.0239455
36.48 700.01 -0.0237547
36.49 700.01 -0.0235646
36.5 700.009 -0.0233751
36.51 700.009 -0.0231864
36.52 700.009 -0.0229984
36.53 700.009 -0.022811
36.54 700.009 -0.0226244
36.55 700.008 -0.0224385
36.56 700.008 -0.0222533
36.57 700.008 -0.0220689
36.58 700.008 -0.0218851
36.59 700.007 -0.0217021
36.6 700.007 -0.0215197
36.61 700.007 -0.0213381
36.62 700.007 -0.0211573
36.63 700.007 -0.0209771
36.64 700.006 -0.0207977
36.65 700.006 -0.020619
36.66 700.006 -0.020441
36.67 700.006 -0.0202638
36.68 700.006 -0.0200873
36.69 700.005 -0.0199115
36.7 700.005 -0.0197364
36.71 700.005 -0.0195622
36.72 700.005 -0.0193886
36.73 700.005 -0.0192158
36.74 700.004 -0.0190437
36.75 700.004 -0.0188724
36.76 700.004 -0.0187018
36.77 700.004 -0.018532
36.78 700.004 -0.0183629
36.79 700.004 -0.0181946
36.8 700.003 -0.0180271
36.81 700.003 -0.0178603
36.82 700.003 -0.0176942
36.83 700.003 -0.0175289
36.84 700.003 -0.0173643
36.85 700.002 -0.0172005
36.86 700.002 -0.0170375
36.87 700.002 -0.0168752
36.88 700.002 -0.0167137
36.89 700.002 -0.0165529
36.9 700.002 -0.0163929
36.91 700.001 -0.0162337
36.92 700.001 -0.0160752
36.93 700.001 -0.0159175
36.94 700.001 -0.0157605
36.95 700.001 -0.0156043
36.96 700.001 -0.0154489
36.97 700.001 -0.0152942
36.98 700 -0.0151403
36.99 700 -0.0149871
37 700 -0.0148348
37.01 700 -0.0146831
37.02 700 -0.0145323
37.03 700 -0.0143822
37.04 699.999 -0.0142328
37.05 699.999 -0.0140843
37.06 699.999 -0.0139365
37.07 699.999 -0.0137894
37.08 699.999 -0.0136432
37.09 699.999 -0.0134977
37.1 699.999 -0.0133529
37.11 699.999 -0.0132089
37.12 699.998 -0.0130657
37.13 699.998 -0.0129233
37.14 699.998 -0.0127816
37.15 699.998 -0.0126406
37.16 699.998 -0.0125004
37.17 699.998 -0.012361
37.18 699.998 -0.0122224
37.19 699.998 -0.0120845
37.2 699.997 -0.0119473
37.21 699.997 -0.0118109
37.22 699.997 -0.0116753
37.23 699.997 -0.0115405
37.24 699.997 -0.0114064
37.25 699.997 -0.011273
37.26 699.997 -0.0111404
37.27 699.997 -0.0110086
37.28 699.997 -0.0108775
37.29 699.996 -0.0107472
37.3 699.996 -0.0106176
37.31 699.996 -0.0104888
37.32 699.996 -0.0103607
37.33 699.996 -0.0102334
37.34 699.996 -0.0101069
37.35 699.996 -0.00998103
37.36 699.996 -0.00985595
37.37 699.996 -0.00973162
37.38 699.995 -0.00960804
37.39 699.995 -0.00948519
37.4 699.995 -0.0093631
37.41 699.995 -0.00924175
37.42 699.995 -0.00912109
37.43 699.995 -0.00900119
37.44 699.995 -0.00888202
37.45 699.995 -0.00876361
37.46 699.995 -0.00864593
37.47 699.995 -0.00852901
37.48 699.995 -0.00841278
37.49 699.995 -0.00829729
37.5 699.994 -0.00818255
37.51 699.994 -0.00806851
37.52 699.994 -0.00795522
37.53 699.994 -0.00784262
37.54 699.994 -0.00773077
37.55 699.994 -0.00761962
37.56 699.994 -0.00750921
37.57 699.994 -0.0073995
37.58 699.994 -0.00729053
37.59 699.994 -0.00718227
37.6 699.994 -0.0070747
37.61 699.994 -0.00696788
37.62 699.994 -0.00686175
37.63 699.993 -0.00675633
37.64 699.993 -0.0066516
37.65 699.993 -0.00654757
37.66 699.993 -0.00644429
37.67 699.993 -0.0063417
37.68 699.993 -0.00623981
37.69 699.993 -0.00613863
37.7 699.993 -0.00603814
37.71 699.993 -0.00593835
37.72 699.993 -0.00583921
37.73 699.993 -0.00574077
37.74 699.993 -0.00564302
37.75 699.993 -0.00554598
37.76 699.993 -0.00544963
37.77 699.993 -0.00535394
37.78 699.993 -0.00525895
37.79 699.993 -0.0051646
37.8 699.992 -0.00507096
37.81 699.992 -0.00497801
37.82 699.992 -0.00488572
37.83 699.992 -0.00479408
37.84 699.992 -0.00470313
37.85 699.992 -0.00461284
37.86 699.992 -0.0045232
37.87 699.992 -0.00443426
37.88 699.992 -0.00434597
37.89 699.992 -0.00425833
37.9 699.992 -0.00417135
37.91 699.992 -0.00408501
37.92 699.992 -0.00399933
37.93 699.992 -0.0039143
37.94 699.992 -0.00382992
37.95 699.992 -0.0037462
37.96 699.992 -0.00366312
37.97 699.992 -0.0035807
37.98 699.992 -0.00349889
37.99 699.992 -0.00341772
38 699.992 -0.00333721
38.01 699.992 -0.0032573
38.02 699.992 -0.00317805
38.03 699.992 -0.00309939
38.04 699.992 -0.0030214
38.05 699.991 -0.002944
38.06 699.991 -0.00286726
38.07 699.991 -0.00279113
38.08 699.991 -0.0027156
38.09 699.991 -0.00264067
38.1 699.991 -0.00256635
38.11 699.991 -0.00249268
38.12 699.991 -0.00241962
38.13 699.991 -0.00234717
38.14 699.991 -0.00227531
38.15 699.991 -0.00220407
38.16 699.991 -0.00213338
38.17 699.991 -0.0020633
38.18 699.991 -0.00199382
38.19 699.991 -0.00192495
38.2 699.991 -0.00185664
38.21 699.991 -0.00178893
38.22 699.991 -0.00172178
38.23 699.991 -0.00165524
38.24 699.991 -0.00158926
38.25 699.991 -0.00152388
38.26 699.991 -0.00145906
38.27 699.991 -0.0013948
38.28 699.991 -0.00133114
38.29 699.991 -0.00126804
38.3 699.991 -0.0012055
38.31 699.991 -0.00114352
38.32 699.991 -0.0010821
38.33 699.991 -0.00102124
38.34 699.991 -0.000960939
38.35 699.991 -0.000901194
38.36 699.991 -0.000842009
38.37 699.991 -0.000783335
38.38 699.991 -0.000725221
38.39 699.991 -0.000667665
38.4 699.991 -0.000610622
38.41 699.991 -0.000554137
38.42 699.991 -0.000498164
38.43 699.991 -0.000442751
38.44 699.991 -0.000387849
38.45 699.991 -0.000333507
38.46 699.991 -0.000279676
38.47 699.991 -0.000226358
38.48 699.991 -0.000173552
38.49 699.991 -0.000121258
38.5 699.991 -6.94767e-05
38.51 699.991 -1.82074e-05
38.52 699.991 3.25497e-05
38.53 699.991 8.27946e-05
38.54 699.991 0.000132527
38.55 699.991 0.000181748
38.56 699.991 0.000230456
38.57 699.991 0.000278698
38.58 699.991 0.000326429
38.59 699.991 0.000373647
38.6 699.991 0.000420399
38.61 699.991 0.000466639
38.62 699.991 0.000512414
38.63 699.991 0.000557723
38.64 699.991 0.000602519
38.65 699.991 0.00064685
38.66 699.991 0.000690715
38.67 699.991 0.000734115
38.68 699.991 0.000777049
38.69 699.991 0.000819471
38.7 699.991 0.000861427
38.71 699.991 0.000902964
38.72 699.991 0.000944035
38.73 699.991 0.000984641
38.74 699.991 0.00102478
38.75 699.991 0.00106446
38.76 699.991 0.00110371
38.77 699.991 0.0011425
38.78 699.991 0.00118082
38.79 699.991 0.00121873
38.8 699.991 0.00125621
38.81 699.991 0.00129323
38.82 699.991 0.00132984
38.83 699.991 0.00136597
38.84 699.991 0.00140169
38.85 699.991 0.00143698
38.86 699.991 0.00147186
38.87 699.991 0.00150632
38.88 699.991 0.00154036
38.89 699.991 0.00157398
38.9 699.991 0.00160718
38.91 699.991 0.00163997
38.92 699.991 0.00167233
38.93 699.991 0.00170427
38.94 699.991 0.00173585
38.95 699.991 0.001767
38.96 699.991 0.00179773
38.97 699.991 0.00182809
38.98 699.991 0.00185804
38.99 699.991 0.0018876
39 699.991 0.0019168
39.01 699.991 0.00194558
39.02 699.991 0.00197398
39.03 699.991 0.00200202
39.04 699.991 0.00202963
39.05 699.991 0.00205687
39.06 699.992 0.00208374
39.07 699.992 0.00211024
39.08 699.992 0.00213636
39.09 699.992 0.00216211
39.1 699.992 0.00218749
39.11 699.992 0.0022125
39.12 699.992 0.00223718
39.13 699.992 0.00226148
39.14 699.992 0.00228542
39.15 699.992 0.00230903
39.16 699.992 0.00233226
39.17 699.992 0.00235518
39.18 699.992 0.00237771
39.19 699.992 0.00239993
39.2 699.992 0.00242176
39.21 699.992 0.00244328
39.22 699.992 0.00246447
39.23 699.992 0.00248528
39.24 699.992 0.00250577
39.25 699.992 0.00252593
39.26 699.992 0.00254577
39.27 699.992 0.00256528
39.28 699.992 0.00258447
39.29 699.992 0.00260333
39.3 699.992 0.00262186
39.31 699.992 0.00264007
39.32 699.992 0.00265795
39.33 699.992 0.00267555
39.34 699.992 0.00269283
39.35 699.992 0.00270978
39.36 699.992 0.00272645
39.37 699.992 0.00274279
39.38 699.992 0.00275886
39.39 699.992 0.0027746
39.4 699.992 0.00279006
39.41 699.992 0.00280519
39.42 699.992 0.00282004
39.43 699.992 0.00283462
39.44 699.992 0.00284892
39.45 699.992 0.00286289
39.46 699.993 0.00287658
39.47 699.993 0.00288999
39.48 699.993 0.00290312
39.49 699.993 0.00291597
39.5 699.993 0.00292854
39.51 699.993 0.00294084
39.52 699.993 0.0029529
39.53 699.993 0.00296468
39.54 699.993 0.00297618
39.55 699.993 0.0029874
39.56 699.993 0.00299839
39.57 699.993 0.0030091
39.58 699.993 0.00301953
39.59 699.993 0.00302973
39.6 699.993 0.00303965
39.61 699.993 0.00304934
39.62 699.993 0.00305874
39.63 699.993 0.00306792
39.64 699.993 0.00307686
39.65 699.993 0.00308552
39.66 699.993 0.00309395
39.67 699.993 0.00310214
39.68 699.993 0.00311011
39.69 699.993 0.00311784
39.7 699.993 0.00312533
39.71 699.993 0.0031326
39.72 699.993 0.00313963
39.73 699.993 0.00314643
39.74 699.993 0.00315299
39.75 699.993 0.00315933
39.76 699.993 0.00316543
39.77 699.993 0.00317129
39.78 699.993 0.00317697
39.79 699.994 0.00318242
39.8 699.994 0.00318764
39.81 699.994 0.00319267
39.82 699.994 0.00319746
39.83 699.994 0.00320207
39.84 699.994 0.00320645
39.85 699.994 0.00321064
39.86 699.994 0.0032146
39.87 699.994 0.00321837
39.88 699.994 0.00322191
39.89 699.994 0.00322526
39.9 699.994 0.00322843
39.91 699.994 0.00323141
39.92 699.994 0.0032342
39.93 699.994 0.00323677
39.94 699.994 0.00323914
39.95 699.994 0.00324133
39.96 699.994 0.00324333
39.97 699.994 0.00324515
39.98 699.994 0.00324678
39.99 699.994 0.00324822
40 699.994 0.00324952
40.01 699.994 0.00325064
40.02 699.994 0.00325157
40.03 699.994 0.00325232
40.04 699.994 0.00325288
40.05 699.994 0.0032533
40.06 699.994 0.00325353
40.07 699.994 0.00325358
40.08 699.994 0.00325348
40.09 699.994 0.0032532
40.1 699.995 0.00325278
40.11 699.995 0.00325218
40.12 699.995 0.00325143
40.13 699.995 0.00325055
40.14 699.995 0.00324948
40.15 699.995 0.00324827
40.16 699.995 0.00324692
40.17 699.995 0.00324538
40.18 699.995 0.0032437
40.19 699.995 0.00324189
40.2 699.995 0.00323993
40.21 699.995 0.00323784
40.22 699.995 0.00323555
40.23 699.995 0.00323313
40.24 699.995 0.00323057
40.25 699.995 0.00322787
40.26 699.995 0.00322503
40.27 699.995 0.0032221
40.28 699.995 0.00321902
40.29 699.995 0.00321581
40.3 699.995 0.00321246
40.31 699.995 0.00320897
40.32 699.995 0.00320533
40.33 699.995 0.00320161
40.34 699.995 0.00319774
40.35 699.995 0.00319374
40.36 699.995 0.00318964
40.37 699.995 0.0031854
40.38 699.995 0.00318103
40.39 699.995 0.00317656
40.4 699.995 0.00317194
40.41 699.996 0.00316724
40.42 699.996 0.0031624
40.43 699.996 0.00315746
40.44 699.996 0.00315243
40.45 699.996 0.00314726
40.46 699.996 0.003142
40.47 699.996 0.00313665
40.48 699.996 0.00313115
40.49 699.996 0.00312557
40.5 699.996 0.00311988
40.51 699.996 0.00311411
40.52 699.996 0.0031082
40.53 699.996 0.00310219
40.54 699.996 0.00309609
40.55 699.996 0.0030899
40.56 699.996 0.00308361
40.57 699.996 0.00307723
40.58 699.996 0.00307076
40.59 699.996 0.00306419
40.6 699.996 0.00305753
40.61 699.996 0.00305078
40.62 699.996 0.00304393
40.63 699.996 0.003037
40.64 699.996 0.00302996
40.65 699.996 0.00302289
40.66 699.996 0.00301572
40.67 699.996 0.00300845
40.68 699.996 0.00300109
40.69 699.996 0.00299369
40.7 699.996 0.00298619
40.71 699.996 0.0029786
40.72 699.996 0.00297097
40.73 699.997 0.00296324
40.74 699.997 0.00295541
40.75 699.997 0.00294754
40.76 699.997 0.00293958
40.77 699.997 0.00293157
40.78 699.997 0.00292347
40.79 699.997 0.00291532
40.8 699.997 0.00290708
40.81 699.997 0.00289879
40.82 699.997 0.00289045
40.83 699.997 0.00288202
40.84 699.997 0.00287355
40.85 699.997 0.00286503
40.86 699.997 0.00285641
40.87 699.997 0.00284775
40.88 699.997 0.00283904
40.89 699.997 0.00283024
40.9 699.997 0.0028214
40.91 699.997 0.0028125
40.92 699.997 0.00280356
40.93 699.997 0.00279457
40.94 699.997 0.00278554
40.95 699.997 0.00277641
40.96 699.997 0.00276724
40.97 699.997 0.00275802
40.98 699.997 0.00274875
40.99 699.997 0.00273944
41 699.997 0.00273008
41.01 699.997 0.00272067
41.02 699.997 0.00271122
41.03 699.997 0.00270172
41.04 699.997 0.00269217
41.05 699.997 0.00268263
41.06 699.997 0.00267304
41.07 699.997 0.0026634
41.08 699.997 0.00265371
41.09 699.998 0.00264398
41.1 699.998 0.0026342
41.11 699.998 0.00262437
41.12 699.998 0.00261455
41.13 699.998 0.00260468
41.14 699.998 0.00259476
41.15 699.998 0.00258479
41.16 699.998 0.00257483
41.17 699.998 0.00256482
41.18 699.998 0.00255476
41.19 699.998 0.0025447
41.2 699.998 0.00253459
41.21 699.998 0.00252449
41.22 699.998 0.00251434
41.23 699.998 0.00250414
41.24 699.998 0.00249394
41.25 699.998 0.0024837
41.26 699.998 0.00247345
41.27 699.998 0.00246316
41.28 699.998 0.00245287
41.29 699.998 0.00244253
41.3 699.998 0.0024322
41.31 699.998 0.00242181
41.32 699.998 0.00241143
41.33 699.998 0.00240104
41.34 699.998 0.00239061
41.35 699.998 0.00238018
41.36 699.998 0.0023697
41.37 699.998 0.00235923
41.38 699.998 0.00234875
41.39 699.998 0.00233823
41.4 699.998 0.0023277
41.41 699.998 0.00231718
41.42 699.998 0.00230661
41.43 699.998 0.00229604
41.44 699.998 0.00228547
41.45 699.998 0.0022749
41.46 699.998 0.00226428
41.47 699.998 0.00225366
41.48 699.998 0.00224304
41.49 699.998 0.00223243
41.5 699.999 0.00222181
41.51 699.999 0.00221119
41.52 699.999 0.00220053
41.53 699.999 0.00218987
41.54 699.999 0.0021792
41.55 699.999 0.00216854
41.56 699.999 0.00215787
41.57 699.999 0.00214721
41.58 699.999 0.00213655
41.59 699.999 0.00212588
41.6 699.999 0.00211522
41.61 699.999 0.00210456
41.62 699.999 0.00209389
41.63 699.999 0.00208323
41.64 699.999 0.00207257
41.65 699.999 0.0020619
41.66 699.999 0.00205124
41.67 699.999 0.00204057
41.68 699.999 0.00202991
41.69 699.999 0.00201925
41.7 699.999 0.00200858
41.71 699.999 0.00199792
41.72 699.999 0.00198726
41.73 699.999 0.00197659
41.74 699.999 0.00196593
41.75 699.999 0.00195527
41.76 699.999 0.00194465
41.77 699.999 0.00193403
41.78 699.999 0.00192341
41.79 699.999 0.0019128
41.8 699.999 0.00190218
41.81 699.999 0.00189156
41.82 699.999 0.00188099
41.83 699.999 0.00187042
41.84 699.999 0.00185985
41.85 699.999 0.00184928
41.86 699.999 0.00183876
41.87 699.999 0.00182823
41.88 699.999 0.00181771
41.89 699.999 0.00180718
41.9 699.999 0.00179671
41.91 699.999 0.00178623
41.92 699.999 0.00177575
41.93 699.999 0.00176528
41.94 699.999 0.00175484
41.95 699.999 0.00174441
41.96 699.999 0.00173398
41.97 699.999 0.0017236
41.98 699.999 0.00171321
41.99 699.999 0.00170283
42 699.999 0.00169249
42.01 700 0.00168215
42.02 700 0.00167186
42.03 700 0.00166157
42.04 700 0.00165128
42.05 700 0.00164104
42.06 700 0.00163079
42.07 700 0.00162055
42.08 700 0.00161035
42.09 700 0.00160015
42.1 700 0.00159
42.11 700 0.00157985
42.12 700 0.00156974
42.13 700 0.00155964
42.14 700 0.00154958
42.15 700 0.00153952
42.16 700 0.00152946
42.17 700 0.00151945
42.18 700 0.00150944
42.19 700 0.00149948
42.2 700 0.00148951
42.21 700 0.00147959
42.22 700 0.00146967
42.23 700 0.0014598
42.24 700 0.00144993
42.25 700 0.0014401
42.26 700 0.00143028
42.27 700 0.0014205
42.28 700 0.00141077
42.29 700 0.00140104
42.3 700 0.00139135
42.31 700 0.00138166
42.32 700 0.00137202
42.33 700 0.00136239
42.34 700 0.00135279
42.35 700 0.0013432
42.36 700 0.00133365
42.37 700 0.00132415
42.38 700 0.00131465
42.39 700 0.0013052
42.4 700 0.00129575
42.41 700 0.00128634
42.42 700 0.00127698
42.43 700 0.00126762
42.44 700 0.00125831
42.45 700 0.001249
42.46 700 0.00123973
42.47 700 0.00123051
42.48 700 0.00122129
42.49 700 0.00121212
42.5 700 0.00120299
42.51 700 0.00119386
42.52 700 0.00118478
42.53 700 0.00117575
42.54 700 0.00116671
42.55 700 0.00115773
42.56 700 0.00114879
42.57 700 0.00113985
42.58 700 0.00113095
42.59 700 0.0011221
42.6 700 0.00111326
42.61 700 0.00110446
42.62 700 0.0010957
42.63 700 0.00108695
42.64 700 0.00107824
42.65 700 0.00106958
42.66 700 0.00106092
42.67 700 0.0010523
42.68 700 0.00104373
42.69 700 0.00103517
42.7 700 0.00102664
42.71 700 0.00101817
42.72 700 0.00100969
42.73 700 0.00100126
42.74 700 0.000992883
42.75 700 0.000984548
42.76 700 0.000976212
42.77 700.001 0.000967924
42.78 700.001 0.000959681
42.79 700.001 0.000951439
42.8 700.001 0.000943244
42.81 700.001 0.000935094
42.82 700.001 0.000926992
42.83 700.001 0.000918889
42.84 700.001 0.000910833
42.85 700.001 0.000902824
42.86 700.001 0.000894861
42.87 700.001 0.000886898
42.88 700.001 0.000878982
42.89 700.001 0.000871113
42.9 700.001 0.000863243
42.91 700.001 0.00085542
42.92 700.001 0.000847643
42.93 700.001 0.000839913
42.94 700.001 0.000832183
42.95 700.001 0.0008245
42.96 700.001 0.000816863
42.97 700.001 0.000809273
42.98 700.001 0.000801682
42.99 700.001 0.000794139
43 700.001 0.000786642
43.01 700.001 0.000779191
43.02 700.001 0.00077174
43.03 700.001 0.000764336
43.04 700.001 0.000756979
43.05 700.001 0.000749668
43.06 700.001 0.000742357
43.07 700.001 0.000735093
43.08 700.001 0.000727875
43.09 700.001 0.000720704
43.1 700.001 0.000713533
43.11 700.001 0.000706408
43.12 700.001 0.00069933
43.13 700.001 0.000692299
43.14 700.001 0.000685267
43.15 700.001 0.000678282
43.16 700.001 0.000671344
43.17 700.001 0.000664452
43.18 700.001 0.00065756
43.19 700.001 0.000650715
43.2 700.001 0.000643916
43.21 700.001 0.000637164
43.22 700.001 0.000630412
43.23 700.001 0.000623707
43.24 700.001 0.000617048
43.25 700.001 0.000610435
43.26 700.001 0.000603823
43.27 700.001 0.000597257
43.28 700.001 0.000590738
43.29 700.001 0.000584265
43.3 700.001 0.000577793
43.31 700.001 0.000571366
43.32 700.001 0.000564987
43.33 700.001 0.000558654
43.34 700.001 0.000552321
43.35 700.001 0.000546034
43.36 700.001 0.000539795
43.37 700.001 0.000533601
43.38 700.001 0.000527408
43.39 700.001 0.000521261
43.4 700.001 0.000515161
43.41 700.001 0.000509107
43.42 700.001 0.000503054
43.43 700.001 0.000497047
43.44 700.001 0.000491086
43.45 700.001 0.000485172
43.46 700.001 0.000479259
43.47 700.001 0.000473391
43.48 700.001 0.00046757
43.49 700.001 0.000461796
43.5 700.001 0.000456022
43.51 700.001 0.000450294
43.52 700.001 0.000444613
43.53 700.001 0.000438932
43.54 700.001 0.000433298
43.55 700.001 0.00042771
43.56 700.001 0.000422169
43.57 700.001 0.000416627
43.58 700.001 0.000411132
43.59 700.001 0.000405684
43.6 700.001 0.000400282
43.61 700.001 0.000394881
43.62 700.001 0.000389526
43.63 700.001 0.000384217
43.64 700.001 0.000378909
43.65 700.001 0.000373647
43.66 700.001 0.000368431
43.67 700.001 0.000363262
43.68 700.001 0.000358094
43.69 700.001 0.000352971
43.7 700.001 0.000347896
43.71 700.001 0.00034282
43.72 700.001 0.000337791
43.73 700.001 0.000332808
43.74 700.001 0.000327872
43.75 700.001 0.000322936
43.76 700.001 0.000318047
43.77 700.001 0.000313204
43.78 700.001 0.000308361
43.79 700.001 0.000303565
43.8 700.001 0.000298815
43.81 700.001 0.000294065
43.82 700.001 0.000289362
43.83 700.001 0.000284705
43.84 700.001 0.000280049
43.85 700.001 0.000275439
43.86 700.001 0.000270875
43.87 700.001 0.000266358
43.88 700.001 0.000261841
43.89 700.001 0.000257371
43.9 700.001 0.000252947
43.91 700.001 0.000248523
43.92 700.001 0.000244146
43.93 700.001 0.000239816
43.94 700.001 0.000235485
43.95 700.001 0.000231201
43.96 700.001 0.000226963
43.97 700.001 0.000222726
43.98 700.001 0.000218535
43.99 700.001 0.00021439
44 700.001 0.000210246
44.01 700.001 0.000206148
44.02 700.001 0.000202097
44.03 700.001 0.000198046
44.04 700.001 0.000194041
44.05 700.001 0.000190036
44.06 700.001 0.000186078
44.07 700.001 0.000182167
44.08 700.001 0.000178255
44.09 700.001 0.00017439
44.1 700.001 0.000170572
44.11 700.001 0.000166753
44.12 700.001 0.000162981
44.13 700.001 0.000159256
44.14 700.001 0.000155531
44.15 700.001 0.000151852
44.16 700.001 0.000148173
44.17 700.001 0.000144541
44.18 700.001 0.000140956
44.19 700.001 0.00013737
44.2 700.001 0.000133831
44.21 700.001 0.000130339
44.22 700.001 0.000126846
44.23 700.001 0.0001234
44.24 700.001 0.000119954
44.25 700.001 0.000116555
44.26 700.001 0.000113202
44.27 700.001 0.000109849
44.28 700.001 0.000106543
44.29 700.001 0.000103237
44.3 700.001 9.99775e-05
44.31 700.001 9.67644e-05
44.32 700.001 9.35514e-05
44.33 700.001 9.03849e-05
44.34 700.001 8.72184e-05
44.35 700.001 8.40984e-05
44.36 700.001 8.09785e-05
44.37 700.001 7.79051e-05
44.38 700.001 7.48783e-05
44.39 700.001 7.18515e-05
44.4 700.001 6.88713e-05
44.41 700.001 6.58911e-05
44.42 700.001 6.29574e-05
44.43 700.001 6.00237e-05
44.44 700.001 5.71366e-05
44.45 700.001 5.42961e-05
44.46 700.001 5.14556e-05
44.47 700.001 4.86616e-05
44.48 700.001 4.58676e-05
44.49 700.001 4.31202e-05
44.5 700.001 4.03728e-05
44.51 700.001 3.7672e-05
44.52 700.001 3.49712e-05
44.53 700.001 3.23169e-05
44.54 700.001 2.96626e-05
44.55 700.001 2.70549e-05
44.56 700.001 2.44938e-05
44.57 700.001 2.19326e-05
44.58 700.001 1.94181e-05
44.59 700.001 1.69035e-05
44.6 700.001 1.44355e-05
44.61 700.001 1.19675e-05
44.62 700.001 9.54606e-06
44.63 700.001 7.12462e-06
44.64 700.001 4.74975e-06
44.65 700.001 2.37487e-06
44.66 700.001 4.65661e-08
44.67 700.001 -2.28174e-06
44.68 700.001 -4.56348e-06
44.69 700.001 -6.84522e-06
44.7 700.001 -9.0804e-06
44.71 700.001 -1.13156e-05
44.72 700.001 -1.35042e-05
44.73 700.001 -1.56928e-05
44.74 700.001 -1.78348e-05
44.75 700.001 -1.99769e-05
44.76 700.001 -2.20723e-05
44.77 700.001 -2.41678e-05
44.78 700.001 -2.62167e-05
44.79 700.001 -2.82656e-05
44.8 700.001 -3.03145e-05
44.81 700.001 -3.23169e-05
44.82 700.001 -3.43192e-05
44.83 700.001 -3.6275e-05
44.84 700.001 -3.82308e-05
44.85 700.001 -4.014e-05
44.86 700.001 -4.20492e-05
44.87 700.001 -4.39119e-05
44.88 700.001 -4.57745e-05
44.89 700.001 -4.75906e-05
44.9 700.001 -4.94067e-05
44.91 700.001 -5.12227e-05
44.92 700.001 -5.29923e-05
44.93 700.001 -5.47618e-05
44.94 700.001 -5.64847e-05
44.95 700.001 -5.82077e-05
44.96 700.001 -5.9884e-05
44.97 700.001 -6.15604e-05
44.98 700.001 -6.32368e-05
44.99 700.001 -6.48666e-05
45 700.001 -6.64964e-05
45.01 700.001 -6.80797e-05
45.02 700.001 -6.96629e-05
45.03 700.001 -7.11996e-05
45.04 700.001 -7.27363e-05
45.05 700.001 -7.4273e-05
45.06 700.001 -7.57631e-05
45.07 700.001 -7.72532e-05
45.08 700.001 -7.86968e-05
45.09 700.001 -8.01403e-05
45.1 700.001 -8.15839e-05
45.11 700.001 -8.29808e-05
45.12 700.001 -8.43778e-05
45.13 700.001 -8.57282e-05
45.14 700.001 -8.70787e-05
45.15 700.001 -8.84291e-05
45.16 700.001 -8.97329e-05
45.17 700.001 -9.10368e-05
45.18 700.001 -9.22941e-05
45.19 700.001 -9.35514e-05
45.2 700.001 -9.48086e-05
45.21 700.001 -9.60194e-05
45.22 700.001 -9.72301e-05
45.23 700.001 -9.84408e-05
45.24 700.001 -9.96049e-05
45.25 700.001 -0.000100769
45.26 700.001 -0.000101933
45.27 700.001 -0.000103051
45.28 700.001 -0.000104168
45.29 700.001 -0.000105239
45.3 700.001 -0.00010631
45.31 700.001 -0.000107381
45.32 700.001 -0.000108406
45.33 700.001 -0.00010943
45.34 700.001 -0.000110455
45.35 700.001 -0.000111433
45.36 700.001 -0.000112411
45.37 700.001 -0.000113389
45.38 700.001 -0.00011432
45.39 700.001 -0.000115251
45.4 700.001 -0.000116182
45.41 700.001 -0.000117067
45.42 700.001 -0.000117952
45.43 700.001 -0.000118837
45.44 700.001 -0.000119722
45.45 700.001 -0.00012056
45.46 700.001 -0.000121398
45.47 700.001 -0.000122236
45.48 700.001 -0.000123028
45.49 700.001 -0.000123819
45.5 700.001 -0.000124611
45.51 700.001 -0.000125356
45.52 700.001 -0.000126101
45.53 700.001 -0.000126846
45.54 700.001 -0.000127545
45.55 700.001 -0.000128243
45.56 700.001 -0.000128942
45.57 700.001 -0.00012964
45.58 700.001 -0.000130292
45.59 700.001 -0.000130944
45.6 700.001 -0.000131596
45.61 700.001 -0.000132201
45.62 700.001 -0.000132807
45.63 700.001 -0.000133412
45.64 700.001 -0.000134017
45.65 700.001 -0.000134576
45.66 700.001 -0.000135135
45.67 700.001 -0.000135694
45.68 700.001 -0.000136252
45.69 700.001 -0.000136765
45.7 700.001 -0.000137277
45.71 700.001 -0.000137789
45.72 700.001 -0.000138255
45.73 700.001 -0.00013872
45.74 700.001 -0.000139186
45.75 700.001 -0.000139652
45.76 700.001 -0.000140071
45.77 700.001 -0.00014049
45.78 700.001 -0.000140909
45.79 700.001 -0.000141328
45.8 700.001 -0.000141701
45.81 700.001 -0.000142073
45.82 700.001 -0.000142446
45.83 700.001 -0.000142818
45.84 700.001 -0.000143191
45.85 700.001 -0.000143517
45.86 700.001 -0.000143843
45.87 700.001 -0.000144169
45.88 700.001 -0.000144495
45.89 700.001 -0.000144774
45.9 700.001 -0.000145053
45.91 700.001 -0.000145333
45.92 700.001 -0.000145612
45.93 700.001 -0.000145892
45.94 700.001 -0.000146125
45.95 700.001 -0.000146357
45.96 700.001 -0.00014659
45.97 700.001 -0.000146823
45.98 700.001 -0.000147009
45.99 700.001 -0.000147196
46 700.001 -0.000147382
46.01 700.001 -0.000147568
46.02 700.001 -0.000147754
46.03 700.001 -0.000147894
46.04 700.001 -0.000148034
46.05 700.001 -0.000148173
46.06 700.001 -0.000148313
46.07 700.001 -0.000148453
46.08 700.001 -0.000148546
46.09 700.001 -0.000148639
46.1 700.001 -0.000148732
46.11 700.001 -0.000148825
46.12 700.001 -0.000148918
46.13 700.001 -0.000149012
46.14 700.001 -0.000149058
46.15 700.001 -0.000149105
46.16 700.001 -0.000149151
46.17 700.001 -0.000149198
46.18 700.001 -0.000149244
46.19 700.001 -0.000149291
46.2 700.001 -0.000149291
46.21 700.001 -0.000149291
46.22 700.001 -0.000149291
46.23 700.001 -0.000149291
46.24 700.001 -0.000149291
46.25 700.001 -0.000149291
46.26 700.001 -0.000149244
46.27 700.001 -0.000149198
46.28 700.001 -0.000149151
46.29 700.001 -0.000149105
46.3 700.001 -0.000149058
46.31 700.001 -0.000149012
46.32 700.001 -0.000148918
46.33 700.001 -0.000148825
46.34 700.001 -0.000148732
46.35 700.001 -0.000148639
46.36 700.001 -0.000148546
46.37 700.001 -0.000148453
46.38 700.001 -0.00014836
46.39 700.001 -0.00014822
46.4 700.001 -0.00014808
46.41 700.001 -0.000147941
46.42 700.001 -0.000147801
46.43 700.001 -0.000147661
46.44 700.001 -0.000147521
46.45 700.001 -0.000147382
46.46 700.001 -0.000147242
46.47 700.001 -0.000147056
46.48 700.001 -0.00014687
46.49 700.001 -0.000146683
46.5 700.001 -0.000146497
46.51 700.001 -0.000146311
46.52 700.001 -0.000146125
46.53 700.001 -0.000145938
46.54 700.001 -0.000145752
46.55 700.001 -0.000145519
46.56 700.001 -0.000145286
46.57 700.001 -0.000145053
46.58 700.001 -0.000144821
46.59 700.001 -0.000144588
46.6 700.001 -0.000144355
46.61 700.001 -0.000144122
46.62 700.001 -0.000143889
46.63 700.001 -0.000143657
46.64 700.001 -0.000143377
46.65 700.001 -0.000143098
46.66 700.001 -0.000142818
46.67 700.001 -0.000142539
46.68 700.001 -0.00014226
46.69 700.001 -0.00014198
46.7 700.001 -0.000141701
46.71 700.001 -0.000141421
46.72 700.001 -0.000141142
46.73 700.001 -0.000140863
46.74 700.001 -0.000140537
46.75 700.001 -0.000140211
46.76 700.001 -0.000139885
46.77 700.001 -0.000139559
46.78 700.001 -0.000139233
46.79 700.001 -0.000138907
46.8 700.001 -0.000138581
46.81 700.001 -0.000138255
46.82 700.001 -0.000137929
46.83 700.001 -0.000137603
46.84 700.001 -0.000137277
46.85 700.001 -0.000136951
46.86 700.001 -0.000136625
46.87 700.001 -0.000136252
46.88 700.001 -0.00013588
46.89 700.001 -0.000135507
46.9 700.001 -0.000135135
46.91 700.001 -0.000134762
46.92 700.001 -0.00013439
46.93 700.001 -0.000134017
46.94 700.001 -0.000133645
46.95 700.001 -0.000133272
46.96 700.001 -0.0001329
46.97 700.001 -0.000132527
46.98 700.001 -0.000132155
46.99 700.001 -0.000131782
47 700.001 -0.00013141
47.01 700.001 -0.000130991
47.02 700.001 -0.000130571
47.03 700.001 -0.000130152
47.04 700.001 -0.000129733
47.05 700.001 -0.000129314
47.06 700.001 -0.000128895
47.07 700.001 -0.000128476
47.08 700.001 -0.000128057
47.09 700.001 -0.000127638
47.1 700.001 -0.000127219
47.11 700.001 -0.0001268
47.12 700.001 -0.00012638
47.13 700.001 -0.000125961
47.14 700.001 -0.000125542
47.15 700.001 -0.000125123
47.16 700.001 -0.000124704
47.17 700.001 -0.000124285
47.18 700.001 -0.000123866
47.19 700.001 -0.000123447
47.2 700.001 -0.000123028
47.21 700.001 -0.000122609
47.22 700.001 -0.000122143
47.23 700.001 -0.000121677
47.24 700.001 -0.000121212
47.25 700.001 -0.000120746
47.26 700.001 -0.00012028
47.27 700.001 -0.000119815
47.28 700.001 -0.000119349
47.29 700.001 -0.000118883
47.3 700.001 -0.000118418
47.31 700.001 -0.000117952
47.32 700.001 -0.000117486
47.33 700.001 -0.000117021
47.34 700.001 -0.000116555
47.35 700.001 -0.000116089
47.36 700.001 -0.000115624
47.37 700.001 -0.000115158
47.38 700.001 -0.000114692
47.39 700.001 -0.000114227
47.4 700.001 -0.000113761
47.41 700.001 -0.000113295
47.42 700.001 -0.00011283
47.43 700.001 -0.000112364
47.44 700.001 -0.000111898
47.45 700.001 -0.000111433
47.46 700.001 -0.000110967
47.47 700.001 -0.000110501
47.48 700.001 -0.000110036
47.49 700.001 -0.00010957
47.5 700.001 -0.000109104
47.51 700.001 -0.000108639
47.52 700.001 -0.000108173
47.53 700.001 -0.000107707
47.54 700.001 -0.000107242
47.55 700.001 -0.000106776
47.56 700.001 -0.00010631
47.57 700.001 -0.000105845
47.58 700.001 -0.000105379
47.59 700.001 -0.000104913
47.6 700.001 -0.000104448
47.61 700.001 -0.000103982
47.62 700.001 -0.000103517
47.63 700.001 -0.000103004
47.64 700.001 -0.000102492
47.65 700.001 -0.00010198
47.66 700.001 -0.000101468
47.67 700.001 -0.000100955
47.68 700.001 -0.000100443
47.69 700.001 -9.99309e-05
47.7 700.001 -9.94187e-05
47.71 700.001 -9.89065e-05
47.72 700.001 -9.83942e-05
47.73 700.001 -9.7882e-05
47.74 700.001 -9.73698e-05
47.75 700.001 -9.68575e-05
47.76 700.001 -9.63453e-05
47.77 700.001 -9.58331e-05
47.78 700.001 -9.53674e-05
47.79 700.001 -9.48552e-05
47.8 700.001 -9.43895e-05
47.81 700.001 -9.39239e-05
47.82 700.001 -9.34117e-05
47.83 700.001 -9.2946e-05
47.84 700.001 -9.24803e-05
47.85 700.001 -9.20147e-05
47.86 700.001 -9.1549e-05
47.87 700.001 -9.10833e-05
47.88 700.001 -9.06177e-05
47.89 700.001 -9.0152e-05
47.9 700.001 -8.96864e-05
47.91 700.001 -8.92207e-05
47.92 700.001 -8.8755e-05
47.93 700.001 -8.82894e-05
47.94 700.001 -8.78237e-05
47.95 700.001 -8.73581e-05
47.96 700.001 -8.68924e-05
47.97 700.001 -8.64267e-05
47.98 700.001 -8.59611e-05
47.99 700.001 -8.54954e-05
48 700.001 -8.50298e-05
48.01 700.001 -8.45641e-05
48.02 700.001 -8.40984e-05
48.03 700.001 -8.36328e-05
48.04 700.001 -8.31671e-05
48.05 700.001 -8.27014e-05
48.06 700.001 -8.22358e-05
48.07 700.001 -8.17701e-05
48.08 700.001 -8.13045e-05
48.09 700.001 -8.08388e-05
48.1 700.001 -8.03731e-05
48.11 700.001 -7.99075e-05
48.12 700.001 -7.94418e-05
48.13 700.001 -7.89762e-05
48.14 700.001 -7.85105e-05
48.15 700.001 -7.80448e-05
48.16 700.001 -7.75792e-05
48.17 700.001 -7.71135e-05
48.18 700.001 -7.66478e-05
48.19 700.001 -7.61822e-05
48.2 700.001 -7.57165e-05
48.21 700.001 -7.52509e-05
48.22 700.001 -7.47852e-05
48.23 700.001 -7.43195e-05
48.24 700.001 -7.38539e-05
48.25 700.001 -7.33882e-05
48.26 700.001 -7.29226e-05
48.27 700.001 -7.24569e-05
48.28 700.001 -7.19912e-05
48.29 700.001 -7.15256e-05
48.3 700.001 -7.10599e-05
48.31 700.001 -7.05943e-05
48.32 700.001 -7.01286e-05
48.33 700.001 -6.96629e-05
48.34 700.001 -6.91973e-05
48.35 700.001 -6.87316e-05
48.36 700.001 -6.82659e-05
48.37 700.001 -6.78003e-05
48.38 700.001 -6.73346e-05
48.39 700.001 -6.6869e-05
48.4 700.001 -6.64033e-05
48.41 700.001 -6.59376e-05
48.42 700.001 -6.5472e-05
48.43 700.001 -6.50063e-05
48.44 700.001 -6.45407e-05
48.45 700.001 -6.4075e-05
48.46 700.001 -6.36093e-05
48.47 700.001 -6.31437e-05
48.48 700.001 -6.2678e-05
48.49 700.001 -6.22123e-05
48.5 700.001 -6.17467e-05
48.51 700.001 -6.13276e-05
48.52 700.001 -6.09085e-05
48.53 700.001 -6.04894e-05
48.54 700.001 -6.00703e-05
48.55 700.001 -5.96512e-05
48.56 700.001 -5.92321e-05
48.57 700.001 -5.8813e-05
48.58 700.001 -5.83939e-05
48.59 700.001 -5.79748e-05
48.6 700.001 -5.75557e-05
48.61 700.001 -5.71366e-05
48.62 700.001 -5.67175e-05
48.63 700.001 -5.62984e-05
48.64 700.001 -5.58794e-05
48.65 700.001 -5.54603e-05
48.66 700.001 -5.50412e-05
48.67 700.001 -5.46221e-05
48.68 700.001 -5.4203e-05
48.69 700.001 -5.37839e-05
48.7 700.001 -5.33648e-05
48.71 700.001 -5.29457e-05
48.72 700.001 -5.25266e-05
48.73 700.001 -5.21075e-05
48.74 700.001 -5.16884e-05
48.75 700.001 -5.12693e-05
48.76 700.001 -5.08502e-05
48.77 700.001 -5.04311e-05
48.78 700.001 -5.0012e-05
48.79 700.001 -4.95929e-05
48.8 700.001 -4.91738e-05
48.81 700.001 -4.87547e-05
48.82 700.001 -4.83356e-05
48.83 700.001 -4.79165e-05
48.84 700.001 -4.7544e-05
48.85 700.001 -4.71715e-05
48.86 700.001 -4.6799e-05
48.87 700.001 -4.64264e-05
48.88 700.001 -4.60539e-05
48.89 700.001 -4.56814e-05
48.9 700.001 -4.53088e-05
48.91 700.001 -4.49363e-05
48.92 700.001 -4.45638e-05
48.93 700.001 -4.41913e-05
48.94 700.001 -4.38187e-05
48.95 700.001 -4.34462e-05
48.96 700.001 -4.30737e-05
48.97 700.001 -4.27011e-05
48.98 700.001 -4.23286e-05
48.99 700.001 -4.19561e-05
49 700.001 -4.15836e-05
49.01 700.001 -4.1211e-05
49.02 700.001 -4.08385e-05
49.03 700.001 -4.0466e-05
49.04 700.001 -4.00934e-05
49.05 700.001 -3.97209e-05
49.06 700.001 -3.93484e-05
49.07 700.001 -3.89758e-05
49.08 700.001 -3.86033e-05
49.09 700.001 -3.82308e-05
49.1 700.001 -3.78583e-05
49.11 700.001 -3.74857e-05
49.12 700.001 -3.71132e-05
49.13 700.001 -3.67407e-05
49.14 700.001 -3.64147e-05
49.15 700.001 -3.60887e-05
49.16 700.001 -3.57628e-05
49.17 700.001 -3.54368e-05
49.18 700.001 -3.51109e-05
49.19 700.001 -3.47849e-05
49.2 700.001 -3.44589e-05
49.21 700.001 -3.4133e-05
49.22 700.001 -3.3807e-05
49.23 700.001 -3.3481e-05
49.24 700.001 -3.31551e-05
49.25 700.001 -3.28291e-05
49.26 700.001 -3.25032e-05
49.27 700.001 -3.21772e-05
49.28 700.001 -3.18512e-05
49.29 700.001 -3.15253e-05
49.3 700.001 -3.11993e-05
49.31 700.001 -3.08733e-05
49.32 700.001 -3.05474e-05
49.33 700.001 -3.02214e-05
49.34 700.001 -2.98955e-05
49.35 700.001 -2.95695e-05
49.36 700.001 -2.92435e-05
49.37 700.001 -2.89176e-05
49.38 700.001 -2.85916e-05
49.39 700.001 -2.82656e-05
49.4 700.001 -2.79397e-05
49.41 700.001 -2.76137e-05
49.42 700.001 -2.73343e-05
49.43 700.001 -2.70549e-05
49.44 700.001 -2.67755e-05
49.45 700.001 -2.64961e-05
49.46 700.001 -2.62167e-05
49.47 700.001 -2.59373e-05
49.48 700.001 -2.56579e-05
49.49 700.001 -2.53785e-05
49.5 700.001 -2.50991e-05
49.51 700.001 -2.48197e-05
49.52 700.001 -2.45403e-05
49.53 700.001 -2.4261e-05
49.54 700.001 -2.39816e-05
49.55 700.001 -2.37022e-05
49.56 700.001 -2.34228e-05
49.57 700.001 -2.31434e-05
49.58 700.001 -2.2864e-05
49.59 700.001 -2.25846e-05
49.6 700.001 -2.23052e-05
49.61 700.001 -2.20258e-05
49.62 700.001 -2.17464e-05
49.63 700.001 -2.1467e-05
49.64 700.001 -2.11876e-05
49.65 700.001 -2.09082e-05
49.66 700.001 -2.06288e-05
49.67 700.001 -2.03494e-05
49.68 700.001 -2.007e-05
49.69 700.001 -1.97906e-05
49.7 700.001 -1.95112e-05
49.71 700.001 -1.92318e-05
49.72 700.001 -1.8999e-05
49.73 700.001 -1.87661e-05
49.74 700.001 -1.85333e-05
49.75 700.001 -1.83005e-05
49.76 700.001 -1.80677e-05
49.77 700.001 -1.78348e-05
49.78 700.001 -1.7602e-05
49.79 700.001 -1.73692e-05
49.8 700.001 -1.71363e-05
49.81 700.001 -1.69035e-05
49.82 700.001 -1.66707e-05
49.83 700.001 -1.64378e-05
49.84 700.001 -1.6205e-05
49.85 700.001 -1.59722e-05
49.86 700.001 -1.57394e-05
49.87 700.001 -1.55065e-05
49.88 700.001 -1.52737e-05
49.89 700.001 -1.50409e-05
49.9 700.001 -1.4808e-05
49.91 700.001 -1.45752e-05
49.92 700.001 -1.43424e-05
49.93 700.001 -1.41095e-05
49.94 700.001 -1.38767e-05
49.95 700.001 -1.36439e-05
49.96 700.001 -1.3411e-05
49.97 700.001 -1.31782e-05
49.98 700.001 -1.29454e-05
49.99 700.001 -1.27126e-05
50 700.001 -1.24797e-05
50.01 700.001 -1.22469e-05
50.02 700.001 -1.20606e-05
50.03 700.001 -1.18744e-05
50.04 700.001 -1.16881e-05
50.05 700.001 -1.15018e-05
50.06 700.001 -1.13156e-05
50.07 700.001 -1.11293e-05
50.08 700.001 -1.0943e-05
50.09 700.001 -1.07568e-05
50.1 700.001 -1.05705e-05
50.11 700.001 -1.03842e-05
50.12 700.001 -1.0198e-05
50.13 700.001 -1.00117e-05
50.14 700.001 -9.82545e-06
50.15 700.001 -9.63919e-06
50.16 700.001 -9.45292e-06
50.17 700.001 -9.26666e-06
50.18 700.001 -9.0804e-06
50.19 700.001 -8.89413e-06
50.2 700.001 -8.70787e-06
50.21 700.001 -8.5216e-06
50.22 700.001 -8.33534e-06
50.23 700.001 -8.14907e-06
50.24 700.001 -7.96281e-06
50.25 700.001 -7.77654e-06
50.26 700.001 -7.59028e-06
50.27 700.001 -7.40401e-06
50.28 700.001 -7.21775e-06
50.29 700.001 -7.03149e-06
50.3 700.001 -6.84522e-06
50.31 700.001 -6.65896e-06
50.32 700.001 -6.47269e-06
50.33 700.001 -6.28643e-06
50.34 700.001 -6.10016e-06
50.35 700.001 -5.96046e-06
50.36 700.001 -5.82077e-06
50.37 700.001 -5.68107e-06
50.38 700.001 -5.54137e-06
50.39 700.001 -5.40167e-06
50.4 700.001 -5.26197e-06
50.41 700.001 -5.12227e-06
50.42 700.001 -4.98258e-06
50.43 700.001 -4.84288e-06
50.44 700.001 -4.70318e-06
50.45 700.001 -4.56348e-06
50.46 700.001 -4.42378e-06
50.47 700.001 -4.28408e-06
50.48 700.001 -4.14439e-06
50.49 700.001 -4.00469e-06
50.5 700.001 -3.86499e-06
50.51 700.001 -3.72529e-06
50.52 700.001 -3.58559e-06
50.53 700.001 -3.44589e-06
50.54 700.001 -3.3062e-06
50.55 700.001 -3.1665e-06
50.56 700.001 -3.0268e-06
50.57 700.001 -2.8871e-06
50.58 700.001 -2.7474e-06
50.59 700.001 -2.6077e-06
50.6 700.001 -2.468e-06
50.61 700.001 -2.32831e-06
50.62 700.001 -2.18861e-06
50.63 700.001 -2.04891e-06
50.64 700.001 -1.90921e-06
50.65 700.001 -1.76951e-06
50.66 700.001 -1.62981e-06
50.67 700.001 -1.49012e-06
50.68 700.001 -1.35042e-06
50.69 700.001 -1.21072e-06
50.7 700.001 -1.07102e-06
50.71 700.001 -9.31323e-07
50.72 700.001 -7.91624e-07
50.73 700.001 -6.98492e-07
50.74 700.001 -6.0536e-07
50.75 700.001 -5.12227e-07
50.76 700.001 -4.19095e-07
50.77 700.001 -3.25963e-07
50.78 700.001 -2.32831e-07
50.79 700.001 -1.39698e-07
50.8 700.001 -4.65661e-08
50.81 700.001 4.65661e-08
50.82 700.001 1.39698e-07
50.83 700.001 2.32831e-07
50.84 700.001 3.25963e-07
50.85 700.001 4.19095e-07
50.86 700.001 5.12227e-07
50.87 700.001 6.0536e-07
50.88 700.001 6.98492e-07
50.89 700.001 7.91624e-07
50.9 700.001 8.84756e-07
50.91 700.001 9.77889e-07
50.92 700.001 1.07102e-06
50.93 700.001 1.16415e-06
50.94 700.001 1.25729e-06
50.95 700.001 1.35042e-06
50.96 700.001 1.44355e-06
50.97 700.001 1.53668e-06
50.98 700.001 1.62981e-06
50.99 700.001 1.72295e-06
51 700.001 1.81608e-06
51.01 700.001 1.90921e-06
51.02 700.001 2.00234e-06
51.03 700.001 2.09548e-06
51.04 700.001 2.18861e-06
51.05 700.001 2.28174e-06
51.06 700.001 2.37487e-06
51.07 700.001 2.468e-06
51.08 700.001 2.56114e-06
51.09 700.001 2.65427e-06
51.1 700.001 2.7474e-06
51.11 700.001 2.84053e-06
51.12 700.001 2.93367e-06
51.13 700.001 3.0268e-06
51.14 700.001 3.11993e-06
51.15 700.001 3.21306e-06
51.16 700.001 3.3062e-06
51.17 700.001 3.39933e-06
51.18 700.001 3.49246e-06
51.19 700.001 3.58559e-06
51.2 700.001 3.63216e-06
51.21 700.001 3.67872e-06
51.22 700.001 3.72529e-06
51.23 700.001 3.77186e-06
51.24 700.001 3.81842e-06
51.25 700.001 3.86499e-06
51.26 700.001 3.91155e-06
51.27 700.001 3.95812e-06
51.28 700.001 4.00469e-06
51.29 700.001 4.05125e-06
51.3 700.001 4.09782e-06
51.31 700.001 4.14439e-06
51.32 700.001 4.19095e-06
51.33 700.001 4.23752e-06
51.34 700.001 4.28408e-06
51.35 700.001 4.33065e-06
51.36 700.001 4.37722e-06
51.37 700.001 4.42378e-06
51.38 700.001 4.47035e-06
51.39 700.001 4.51691e-06
51.4 700.001 4.56348e-06
51.41 700.001 4.61005e-06
51.42 700.001 4.65661e-06
51.43 700.001 4.70318e-06
51.44 700.001 4.74975e-06
51.45 700.001 4.79631e-06
51.46 700.001 4.84288e-06
51.47 700.001 4.88944e-06
51.48 700.001 4.93601e-06
51.49 700.001 4.98258e-06
51.5 700.001 5.02914e-06
51.51 700.001 5.07571e-06
