0 510 -0.0161776
0.01 510 0.00751684
0.02 510 0.0312113
0.03 510.001 0.0549058
0.04 510.002 0.0786002
0.05 510.003 0.102295
0.06 510.004 0.125989
0.07 510.005 0.149683
0.08 510.007 0.173378
0.09 510.009 0.197072
0.1 510.011 0.220766
0.11 510.014 0.24446
0.12 510.016 0.268154
0.13 510.019 0.291848
0.14 510.022 0.315542
0.15 510.026 0.339236
0.16 510.029 0.36293
0.17 510.033 0.386623
0.18 510.037 0.410317
0.19 510.042 0.43401
0.2 510.046 0.457703
0.21 510.051 0.481397
0.22 510.056 0.50509
0.23 510.062 0.528782
0.24 510.067 0.552475
0.25 510.073 0.576168
0.26 510.079 0.59986
0.27 510.085 0.623552
0.28 510.092 0.647244
0.29 510.098 0.670936
0.3 510.105 0.694628
0.31 510.112 0.718319
0.32 510.12 0.742011
0.33 510.127 0.765702
0.34 510.135 0.789393
0.35 510.143 0.813083
0.36 510.152 0.836774
0.37 510.16 0.860464
0.38 510.169 0.884154
0.39 510.178 0.907843
0.4 510.188 0.931533
0.41 510.197 0.955222
0.42 510.207 0.978911
0.43 510.217 1.0026
0.44 510.227 1.02629
0.45 510.238 1.04998
0.46 510.249 1.07366
0.47 510.259 1.09735
0.48 510.271 1.12104
0.49 510.282 1.14473
0.5 510.294 1.16841
0.51 510.306 1.1921
0.52 510.318 1.21578
0.53 510.33 1.23947
0.54 510.343 1.26316
0.55 510.356 1.28684
0.56 510.369 1.31052
0.57 510.382 1.33421
0.58 510.396 1.35789
0.59 510.41 1.38158
0.6 510.424 1.40526
0.61 510.438 1.42894
0.62 510.453 1.45262
0.63 510.467 1.47631
0.64 510.482 1.49999
0.65 510.498 1.52367
0.66 510.513 1.54735
0.67 510.529 1.57103
0.68 510.545 1.59471
0.69 510.561 1.61839
0.7 510.577 1.64207
0.71 510.594 1.66575
0.72 510.611 1.68942
0.73 510.628 1.7131
0.74 510.645 1.73678
0.75 510.663 1.76046
0.76 510.681 1.78413
0.77 510.699 1.80781
0.78 510.717 1.83148
0.79 510.736 1.85516
0.8 510.754 1.87883
0.81 510.774 1.9025
0.82 510.793 1.92618
0.83 510.812 1.94985
0.84 510.832 1.97352
0.85 510.852 1.99719
0.86 510.872 2.02086
0.87 510.893 2.04454
0.88 510.913 2.06821
0.89 510.934 2.09187
0.9 510.955 2.11554
0.91 510.977 2.13921
0.92 510.998 2.16288
0.93 511.02 2.18655
0.94 511.042 2.21021
0.95 511.065 2.23388
0.96 511.087 2.25754
0.97 511.11 2.28121
0.98 511.133 2.30487
0.99 511.156 2.32853
1 511.18 2.3522
1.01 511.204 2.37586
1.02 511.228 2.39952
1.03 511.252 2.42318
1.04 511.276 2.44684
1.05 511.301 2.4705
1.06 511.326 2.49416
1.07 511.351 2.51782
1.08 511.377 2.54147
1.09 511.402 2.56513
1.1 511.428 2.58879
1.11 511.454 2.61244
1.12 511.481 2.6361
1.13 511.507 2.65975
1.14 511.534 2.6834
1.15 511.561 2.70706
1.16 511.588 2.73071
1.17 511.616 2.75436
1.18 511.644 2.77801
1.19 511.672 2.80166
1.2 511.7 2.82531
1.21 511.729 2.84895
1.22 511.757 2.8726
1.23 511.786 2.89625
1.24 511.815 2.91989
1.25 511.845 2.94354
1.26 511.875 2.96718
1.27 511.904 2.99082
1.28 511.935 3.01447
1.29 511.965 3.03811
1.3 511.996 3.06175
1.31 512.026 3.08539
1.32 512.058 3.10903
1.33 512.089 3.13267
1.34 512.12 3.1563
1.35 512.152 3.17994
1.36 512.184 3.20357
1.37 512.217 3.22721
1.38 512.249 3.25084
1.39 512.282 3.27448
1.4 512.315 3.29811
1.41 512.348 3.32174
1.42 512.381 3.34537
1.43 512.415 3.369
1.44 512.449 3.39263
1.45 512.483 3.41625
1.46 512.518 3.43988
1.47 512.552 3.46351
1.48 512.587 3.48713
1.49 512.622 3.51075
1.5 512.658 3.53438
1.51 512.693 3.558
1.52 512.729 3.58162
1.53 512.765 3.60524
1.54 512.801 3.62886
1.55 512.838 3.65248
1.56 512.875 3.67609
1.57 512.912 3.69971
1.58 512.949 3.72332
1.59 512.986 3.74694
1.6 513.024 3.77055
1.61 513.062 3.79416
1.62 513.1 3.81777
1.63 513.139 3.84138
1.64 513.177 3.86499
1.65 513.216 3.8886
1.66 513.255 3.91221
1.67 513.295 3.93581
1.68 513.334 3.95942
1.69 513.374 3.98302
1.7 513.414 4.00662
1.71 513.454 4.03022
1.72 513.495 4.05382
1.73 513.536 4.07742
1.74 513.577 4.10102
1.75 513.618 4.12462
1.76 513.659 4.14821
1.77 513.701 4.17181
1.78 513.743 4.1954
1.79 513.785 4.21899
1.8 513.828 4.24258
1.81 513.87 4.26617
1.82 513.913 4.28976
1.83 513.956 4.31335
1.84 514 4.33694
1.85 514.043 4.36052
1.86 514.087 4.38411
1.87 514.131 4.40769
1.88 514.176 4.43127
1.89 514.22 4.45485
1.9 514.265 4.47843
1.91 514.31 4.50201
1.92 514.355 4.52558
1.93 514.401 4.54916
1.94 514.446 4.57273
1.95 514.492 4.59631
1.96 514.539 4.61988
1.97 514.585 4.64345
1.98 514.632 4.66702
1.99 514.679 4.69059
2 514.726 4.71416
2.01 514.773 4.73772
2.02 514.821 4.76129
2.03 514.869 4.78485
2.04 514.917 4.80841
2.05 514.965 4.83197
2.06 515.014 4.85553
2.07 515.062 4.87909
2.08 515.111 4.90264
2.09 515.161 4.9262
2.1 515.21 4.94975
2.11 515.26 4.97331
2.12 515.31 4.99686
2.13 515.36 5.02041
2.14 515.41 5.04395
2.15 515.461 5.0675
2.16 515.512 5.09105
2.17 515.563 5.11459
2.18 515.615 5.13813
2.19 515.666 5.16168
2.2 515.718 5.18522
2.21 515.77 5.20876
2.22 515.822 5.23229
2.23 515.875 5.25583
2.24 515.928 5.27936
2.25 515.981 5.3029
2.26 516.034 5.32643
2.27 516.088 5.34996
2.28 516.141 5.37349
2.29 516.195 5.39701
2.3 516.25 5.42054
2.31 516.304 5.44406
2.32 516.359 5.46759
2.33 516.414 5.49111
2.34 516.469 5.51463
2.35 516.524 5.53815
2.36 516.58 5.56166
2.37 516.636 5.58518
2.38 516.692 5.60869
2.39 516.748 5.63221
2.4 516.805 5.65572
2.41 516.861 5.67923
2.42 516.918 5.70273
2.43 516.976 5.72624
2.44 517.033 5.74975
2.45 517.091 5.77325
2.46 517.149 5.79675
2.47 517.207 5.82025
2.48 517.265 5.84375
2.49 517.324 5.86725
2.5 517.383 5.89074
2.51 517.442 5.91423
2.52 517.502 5.93773
2.53 517.561 5.96122
2.54 517.621 5.98471
2.55 517.681 6.00819
2.56 517.741 6.03168
2.57 517.802 6.05516
2.58 517.863 6.07865
2.59 517.924 6.10213
2.6 517.985 6.12561
2.61 518.046 6.14908
2.62 518.108 6.17256
2.63 518.17 6.19603
2.64 518.232 6.21951
2.65 518.295 6.24298
2.66 518.357 6.26645
2.67 518.42 6.28991
2.68 518.483 6.31338
2.69 518.547 6.33684
2.7 518.61 6.36031
2.71 518.674 6.38377
2.72 518.738 6.40723
2.73 518.803 6.43068
2.74 518.867 6.45414
2.75 518.932 6.47759
2.76 518.997 6.50104
2.77 519.062 6.52449
2.78 519.128 6.54794
2.79 519.193 6.57139
2.8 519.259 6.59483
2.81 519.326 6.61828
2.82 519.392 6.64172
2.83 519.459 6.66516
2.84 519.526 6.6886
2.85 519.593 6.71203
2.86 519.66 6.73547
2.87 519.728 6.7589
2.88 519.795 6.78233
2.89 519.863 6.80576
2.9 519.932 6.82919
2.91 520 6.85261
2.92 520.069 6.87603
2.93 520.138 6.89946
2.94 520.207 6.92288
2.95 520.277 6.94629
2.96 520.346 6.96971
2.97 520.416 6.99312
2.98 520.487 7.01653
2.99 520.557 7.03995
3 520.628 7.06335
3.01 520.698 7.08676
3.02 520.77 7.11016
3.03 520.841 7.13357
3.04 520.912 7.15697
3.05 520.984 7.18037
3.06 521.056 7.20376
3.07 521.129 7.22716
3.08 521.201 7.25055
3.09 521.274 7.27394
3.1 521.347 7.29733
3.11 521.42 7.32072
3.12 521.493 7.3441
3.13 521.567 7.36749
3.14 521.641 7.39087
3.15 521.715 7.41425
3.16 521.79 7.43762
3.17 521.864 7.461
3.18 521.939 7.48437
3.19 522.014 7.50774
3.2 522.089 7.53111
3.21 522.165 7.55448
3.22 522.241 7.57784
3.23 522.317 7.60121
3.24 522.393 7.62457
3.25 522.469 7.64793
3.26 522.546 7.67128
3.27 522.623 7.69464
3.28 522.7 7.71799
3.29 522.778 7.74134
3.3 522.855 7.76469
3.31 522.933 7.78804
3.32 523.011 7.81138
3.33 523.09 7.83473
3.34 523.168 7.85807
3.35 523.247 7.8814
3.36 523.326 7.90474
3.37 523.405 7.92807
3.38 523.485 7.95141
3.39 523.565 7.97474
3.4 523.645 7.99806
3.41 523.725 8.02139
3.42 523.805 8.04471
3.43 523.886 8.06803
3.44 523.967 8.09135
3.45 524.048 8.11467
3.46 524.129 8.13798
3.47 524.211 8.1613
3.48 524.293 8.18461
3.49 524.375 8.20791
3.5 524.457 8.23122
3.51 524.54 8.25452
3.52 524.623 8.27783
3.53 524.706 8.30113
3.54 524.789 8.32442
3.55 524.872 8.34772
3.56 524.956 8.37101
3.57 525.04 8.3943
3.58 525.124 8.41759
3.59 525.209 8.44087
3.6 525.293 8.46416
3.61 525.378 8.48744
3.62 525.463 8.51072
3.63 525.549 8.534
3.64 525.634 8.55727
3.65 525.72 8.58054
3.66 525.806 8.60381
3.67 525.892 8.62708
3.68 525.979 8.65034
3.69 526.065 8.67361
3.7 526.152 8.69687
3.71 526.24 8.72013
3.72 526.327 8.74338
3.73 526.415 8.76664
3.74 526.503 8.78989
3.75 526.591 8.81314
3.76 526.679 8.83638
3.77 526.768 8.85963
3.78 526.857 8.88287
3.79 526.946 8.90611
3.8 527.035 8.92935
3.81 527.124 8.95258
3.82 527.214 8.97581
3.83 527.304 8.99904
3.84 527.394 9.02227
3.85 527.485 9.0455
3.86 527.576 9.06872
3.87 527.666 9.09194
3.88 527.758 9.11516
3.89 527.849 9.13837
3.9 527.941 9.16159
3.91 528.032 9.1848
3.92 528.125 9.20801
3.93 528.217 9.23121
3.94 528.309 9.25442
3.95 528.402 9.27762
3.96 528.495 9.30082
3.97 528.588 9.32401
3.98 528.682 9.3472
3.99 528.776 9.3704
4 528.87 9.39358
4.01 528.964 9.41677
4.02 529.058 9.43995
4.03 529.153 9.46313
4.04 529.248 9.48631
4.05 529.343 9.50949
4.06 529.438 9.53266
4.07 529.534 9.55583
4.08 529.629 9.579
4.09 529.725 9.60217
4.1 529.822 9.62533
4.11 529.918 9.64849
4.12 530.015 9.67165
4.13 530.112 9.6948
4.14 530.209 9.71796
4.15 530.306 9.74111
4.16 530.404 9.76426
4.17 530.502 9.7874
4.18 530.6 9.81054
4.19 530.698 9.83368
4.2 530.797 9.85682
4.21 530.896 9.87996
4.22 530.995 9.90309
4.23 531.094 9.92622
4.24 531.193 9.94934
4.25 531.293 9.97247
4.26 531.393 9.99559
4.27 531.493 10.0187
4.28 531.594 10.0418
4.29 531.694 10.0649
4.3 531.795 10.088
4.31 531.896 10.1112
4.32 531.998 10.1343
4.33 532.099 10.1574
4.34 532.201 10.1805
4.35 532.303 10.2036
4.36 532.405 10.2267
4.37 532.508 10.2498
4.38 532.611 10.2728
4.39 532.714 10.2959
4.4 532.817 10.319
4.41 532.92 10.3421
4.42 533.024 10.3652
4.43 533.128 10.3882
4.44 533.232 10.4113
4.45 533.336 10.4344
4.46 533.441 10.4575
4.47 533.546 10.4805
4.48 533.651 10.5036
4.49 533.756 10.5266
4.5 533.861 10.5497
4.51 533.967 10.5728
4.52 534.073 10.5958
4.53 534.179 10.6189
4.54 534.286 10.6419
4.55 534.392 10.6649
4.56 534.499 10.688
4.57 534.606 10.711
4.58 534.714 10.734
4.59 534.821 10.7571
4.6 534.929 10.7801
4.61 535.037 10.8031
4.62 535.145 10.8262
4.63 535.254 10.8492
4.64 535.363 10.8722
4.65 535.472 10.8952
4.66 535.581 10.9182
4.67 535.69 10.9412
4.68 535.8 10.9642
4.69 535.91 10.9872
4.7 536.02 11.0102
4.71 536.13 11.0332
4.72 536.241 11.0562
4.73 536.351 11.0792
4.74 536.462 11.1022
4.75 536.574 11.1252
4.76 536.685 11.1482
4.77 536.797 11.1711
4.78 536.909 11.1941
4.79 537.021 11.2171
4.8 537.133 11.2401
4.81 537.246 11.263
4.82 537.359 11.286
4.83 537.472 11.309
4.84 537.585 11.3319
4.85 537.699 11.3549
4.86 537.813 11.3778
4.87 537.927 11.4008
4.88 538.041 11.4237
4.89 538.155 11.4467
4.9 538.27 11.4696
4.91 538.385 11.4925
4.92 538.5 11.5155
4.93 538.615 11.5384
4.94 538.731 11.5613
4.95 538.847 11.5843
4.96 538.963 11.6072
4.97 539.079 11.6301
4.98 539.196 11.653
4.99 539.313 11.6759
5 539.43 11.6988
5.01 539.547 11.7217
5.02 539.664 11.7446
5.03 539.782 11.7675
5.04 539.9 11.7904
5.05 540.018 11.8133
5.06 540.136 11.8362
5.07 540.255 11.8591
5.08 540.374 11.882
5.09 540.493 11.9049
5.1 540.612 11.9278
5.11 540.732 11.9506
5.12 540.851 11.9735
5.13 540.971 11.9964
5.14 541.091 12.0192
5.15 541.212 12.0421
5.16 541.333 12.065
5.17 541.453 12.0878
5.18 541.575 12.1107
5.19 541.696 12.1335
5.2 541.817 12.1564
5.21 541.939 12.1792
5.22 542.061 12.2021
5.23 542.183 12.2249
5.24 542.306 12.2477
5.25 542.429 12.2706
5.26 542.552 12.2934
5.27 542.675 12.3162
5.28 542.798 12.339
5.29 542.922 12.3619
5.3 543.046 12.3847
5.31 543.17 12.4075
5.32 543.294 12.4303
5.33 543.419 12.4531
5.34 543.543 12.4759
5.35 543.668 12.4987
5.36 543.793 12.5215
5.37 543.919 12.5443
5.38 544.045 12.5671
5.39 544.17 12.5899
5.4 544.297 12.6126
5.41 544.423 12.6354
5.42 544.55 12.6582
5.43 544.676 12.681
5.44 544.803 12.7037
5.45 544.931 12.7265
5.46 545.058 12.7493
5.47 545.186 12.772
5.48 545.314 12.7948
5.49 545.442 12.8175
5.5 545.57 12.8403
5.51 545.699 12.863
5.52 545.828 12.8858
5.53 545.957 12.9085
5.54 546.086 12.9312
5.55 546.216 12.954
5.56 546.346 12.9767
5.57 546.476 12.9994
5.58 546.606 13.0222
5.59 546.736 13.0449
5.6 546.867 13.0676
5.61 546.998 13.0903
5.62 547.129 13.113
5.63 547.26 13.1357
5.64 547.392 13.1584
5.65 547.524 13.1811
5.66 547.656 13.2038
5.67 547.788 13.2265
5.68 547.921 13.2492
5.69 548.053 13.2719
5.7 548.186 13.2946
5.71 548.319 13.3172
5.72 548.453 13.3399
5.73 548.586 13.3626
5.74 548.72 13.3852
5.75 548.854 13.4079
5.76 548.989 13.4306
5.77 549.123 13.4532
5.78 549.258 13.4759
5.79 549.393 13.4985
5.8 549.528 13.5212
5.81 549.664 13.5438
5.82 549.799 13.5665
5.83 549.935 13.5891
5.84 550.071 13.6117
5.85 550.208 13.6344
5.86 550.344 13.657
5.87 550.481 13.6796
5.88 550.618 13.7022
5.89 550.755 13.7248
5.9 550.893 13.7474
5.91 551.03 13.7701
5.92 551.168 13.7927
5.93 551.306 13.8153
5.94 551.445 13.8379
5.95 551.583 13.8604
5.96 551.722 13.883
5.97 551.861 13.9056
5.98 552.001 13.9282
5.99 552.14 13.9508
6 552.28 13.9734
6.01 552.42 13.9959
6.02 552.56 14.0185
6.03 552.7 14.0411
6.04 552.841 14.0636
6.05 552.982 14.0862
6.06 553.123 14.1087
6.07 553.264 14.1313
6.08 553.406 14.1538
6.09 553.548 14.1764
6.1 553.69 14.1989
6.11 553.832 14.2214
6.12 553.974 14.244
6.13 554.117 14.2665
6.14 554.26 14.289
6.15 554.403 14.3115
6.16 554.546 14.3341
6.17 554.69 14.3566
6.18 554.834 14.3791
6.19 554.978 14.4016
6.2 555.122 14.4241
6.21 555.266 14.4466
6.22 555.411 14.4691
6.23 555.556 14.4916
6.24 555.701 14.5141
6.25 555.846 14.5365
6.26 555.992 14.559
6.27 556.138 14.5815
6.28 556.284 14.604
6.29 556.43 14.6264
6.3 556.577 14.6489
6.31 556.723 14.6714
6.32 556.87 14.6938
6.33 557.017 14.7163
6.34 557.165 14.7387
6.35 557.312 14.7612
6.36 557.46 14.7836
6.37 557.608 14.806
6.38 557.757 14.8285
6.39 557.905 14.8509
6.4 558.054 14.8733
6.41 558.203 14.8958
6.42 558.352 14.9182
6.43 558.501 14.9406
6.44 558.651 14.963
6.45 558.801 14.9854
6.46 558.951 15.0078
6.47 559.101 15.0302
6.48 559.252 15.0526
6.49 559.403 15.075
6.5 559.554 15.0974
6.51 559.705 15.1198
6.52 559.856 15.1421
6.53 560.008 15.1645
6.54 560.16 15.1869
6.55 560.312 15.2093
6.56 560.464 15.2316
6.57 560.617 15.254
6.58 560.769 15.2763
6.59 560.922 15.2987
6.6 561.076 15.321
6.61 561.229 15.3434
6.62 561.383 15.3657
6.63 561.537 15.3881
6.64 561.691 15.4104
6.65 561.845 15.4327
6.66 562 15.4551
6.67 562.154 15.4774
6.68 562.309 15.4997
6.69 562.465 15.522
6.7 562.62 15.5443
6.71 562.776 15.5666
6.72 562.932 15.5889
6.73 563.088 15.6112
6.74 563.244 15.6335
6.75 563.401 15.6558
6.76 563.557 15.6781
6.77 563.714 15.7004
6.78 563.872 15.7226
6.79 564.029 15.7449
6.8 564.187 15.7672
6.81 564.345 15.7895
6.82 564.503 15.8117
6.83 564.661 15.834
6.84 564.82 15.8562
6.85 564.978 15.8785
6.86 565.137 15.9007
6.87 565.297 15.923
6.88 565.456 15.9452
6.89 565.616 15.9674
6.9 565.776 15.9897
6.91 565.936 16.0119
6.92 566.096 16.0341
6.93 566.257 16.0563
6.94 566.417 16.0785
6.95 566.578 16.1007
6.96 566.74 16.1229
6.97 566.901 16.1451
6.98 567.063 16.1673
6.99 567.225 16.1895
7 567.387 16.2117
7.01 567.549 16.2339
7.02 567.712 16.2561
7.03 567.874 16.2783
7.04 568.037 16.3004
7.05 568.201 16.3226
7.06 568.364 16.3448
7.07 568.528 16.3669
7.08 568.692 16.3891
7.09 568.856 16.4112
7.1 569.02 16.4334
7.11 569.185 16.4555
7.12 569.35 16.4776
7.13 569.514 16.4998
7.14 569.68 16.5219
7.15 569.845 16.544
7.16 570.011 16.5662
7.17 570.177 16.5883
7.18 570.343 16.6104
7.19 570.509 16.6325
7.2 570.676 16.6546
7.21 570.842 16.6767
7.22 571.009 16.6988
7.23 571.177 16.7209
7.24 571.344 16.743
7.25 571.512 16.7651
7.26 571.68 16.7871
7.27 571.848 16.8092
7.28 572.016 16.8313
7.29 572.185 16.8533
7.3 572.353 16.8754
7.31 572.522 16.8975
7.32 572.691 16.9195
7.33 572.861 16.9416
7.34 573.031 16.9636
7.35 573.2 16.9856
7.36 573.37 17.0077
7.37 573.541 17.0297
7.38 573.711 17.0517
7.39 573.882 17.0738
7.4 574.053 17.0958
7.41 574.224 17.1178
7.42 574.396 17.1398
7.43 574.567 17.1618
7.44 574.739 17.1838
7.45 574.911 17.2058
7.46 575.083 17.2278
7.47 575.256 17.2498
7.48 575.429 17.2718
7.49 575.601 17.2938
7.5 575.775 17.3157
7.51 575.948 17.3377
7.52 576.122 17.3597
7.53 576.295 17.3816
7.54 576.469 17.4036
7.55 576.644 17.4255
7.56 576.818 17.4475
7.57 576.993 17.4694
7.58 577.168 17.4914
7.59 577.343 17.5133
7.6 577.518 17.5352
7.61 577.694 17.5572
7.62 577.87 17.5791
7.63 578.046 17.601
7.64 578.222 17.6229
7.65 578.398 17.6448
7.66 578.575 17.6667
7.67 578.752 17.6886
7.68 578.929 17.7105
7.69 579.106 17.7324
7.7 579.284 17.7543
7.71 579.462 17.7762
7.72 579.64 17.7981
7.73 579.818 17.82
7.74 579.996 17.8418
7.75 580.175 17.8637
7.76 580.354 17.8856
7.77 580.533 17.9074
7.78 580.712 17.9293
7.79 580.892 17.9511
7.8 581.071 17.9729
7.81 581.251 17.9948
7.82 581.431 18.0166
7.83 581.612 18.0384
7.84 581.792 18.0603
7.85 581.973 18.0821
7.86 582.154 18.1039
7.87 582.336 18.1257
7.88 582.517 18.1475
7.89 582.699 18.1693
7.9 582.881 18.1911
7.91 583.063 18.2129
7.92 583.245 18.2347
7.93 583.428 18.2565
7.94 583.61 18.2783
7.95 583.793 18.3
7.96 583.977 18.3218
7.97 584.16 18.3436
7.98 584.344 18.3653
7.99 584.528 18.3871
8 584.712 18.4088
8.01 584.896 18.4306
8.02 585.081 18.4523
8.03 585.265 18.4741
8.04 585.45 18.4958
8.05 585.635 18.5175
8.06 585.821 18.5393
8.07 586.006 18.561
8.08 586.192 18.5827
8.09 586.378 18.6044
8.1 586.565 18.6261
8.11 586.751 18.6478
8.12 586.938 18.6695
8.13 587.125 18.6912
8.14 587.312 18.7129
8.15 587.499 18.7346
8.16 587.687 18.7562
8.17 587.874 18.7779
8.18 588.062 18.7996
8.19 588.251 18.8212
8.2 588.439 18.8429
8.21 588.628 18.8646
8.22 588.817 18.8862
8.23 589.006 18.9079
8.24 589.195 18.9295
8.25 589.384 18.9511
8.26 589.574 18.9728
8.27 589.764 18.9944
8.28 589.954 19.016
8.29 590.145 19.0376
8.3 590.335 19.0592
8.31 590.526 19.0808
8.32 590.717 19.1025
8.33 590.908 19.124
8.34 591.1 19.1456
8.35 591.291 19.1672
8.36 591.483 19.1888
8.37 591.675 19.2104
8.38 591.868 19.232
8.39 592.06 19.2535
8.4 592.253 19.2751
8.41 592.446 19.2967
8.42 592.639 19.3182
8.43 592.833 19.3398
8.44 593.026 19.3613
8.45 593.22 19.3829
8.46 593.414 19.4044
8.47 593.608 19.4259
8.48 593.803 19.4474
8.49 593.998 19.469
8.5 594.192 19.4905
8.51 594.388 19.512
8.52 594.583 19.5335
8.53 594.778 19.555
8.54 594.974 19.5765
8.55 595.17 19.598
8.56 595.366 19.6195
8.57 595.563 19.641
8.58 595.759 19.6624
8.59 595.956 19.6839
8.6 596.153 19.7054
8.61 596.351 19.7269
8.62 596.548 19.7483
8.63 596.746 19.7698
8.64 596.944 19.7912
8.65 597.142 19.8127
8.66 597.34 19.8341
8.67 597.539 19.8555
8.68 597.737 19.877
8.69 597.936 19.8984
8.7 598.136 19.9198
8.71 598.335 19.9412
8.72 598.535 19.9626
8.73 598.735 19.984
8.74 598.935 20.0054
8.75 599.135 20.0268
8.76 599.335 20.0482
8.77 599.536 20.0696
8.78 599.737 20.091
8.79 599.938 20.1124
8.8 600.139 20.1337
8.81 600.341 20.1551
8.82 600.543 20.1765
8.83 600.745 20.1978
8.84 600.947 20.2192
8.85 601.149 20.2405
8.86 601.352 20.2619
8.87 601.555 20.2832
8.88 601.758 20.3045
8.89 601.961 20.3258
8.9 602.165 20.3472
8.91 602.368 20.3685
8.92 602.572 20.3898
8.93 602.776 20.4111
8.94 602.981 20.4324
8.95 603.185 20.4537
8.96 603.39 20.475
8.97 603.595 20.4963
8.98 603.8 20.5176
8.99 604.005 20.5388
9 604.211 20.5601
9.01 604.417 20.5814
9.02 604.623 20.6026
9.03 604.829 20.6239
9.04 605.035 20.6451
9.05 605.242 20.6664
9.06 605.449 20.6876
9.07 605.656 20.7089
9.08 605.863 20.7301
9.09 606.071 20.7513
9.1 606.279 20.7725
9.11 606.487 20.7938
9.12 606.695 20.815
9.13 606.903 20.8362
9.14 607.112 20.8574
9.15 607.32 20.8786
9.16 607.529 20.8998
9.17 607.739 20.921
9.18 607.948 20.9421
9.19 608.158 20.9633
9.2 608.368 20.9845
9.21 608.578 21.0056
9.22 608.788 21.0268
9.23 608.998 21.048
9.24 609.209 21.0691
9.25 609.42 21.0903
9.26 609.631 21.1114
9.27 609.842 21.1325
9.28 610.054 21.1537
9.29 610.266 21.1748
9.3 610.478 21.1959
9.31 610.69 21.217
9.32 610.902 21.2381
9.33 611.115 21.2592
9.34 611.328 21.2803
9.35 611.541 21.3014
9.36 611.754 21.3225
9.37 611.967 21.3436
9.38 612.181 21.3647
9.39 612.395 21.3858
9.4 612.609 21.4068
9.41 612.823 21.4279
9.42 613.038 21.4489
9.43 613.252 21.47
9.44 613.467 21.491
9.45 613.682 21.5121
9.46 613.898 21.5331
9.47 614.113 21.5542
9.48 614.329 21.5752
9.49 614.545 21.5962
9.5 614.761 21.6172
9.51 614.977 21.6382
9.52 615.194 21.6592
9.53 615.411 21.6802
9.54 615.628 21.7012
9.55 615.845 21.7222
9.56 616.063 21.7432
9.57 616.28 21.7642
9.58 616.498 21.7852
9.59 616.716 21.8061
9.6 616.934 21.8271
9.61 617.153 21.8481
9.62 617.372 21.869
9.63 617.59 21.89
9.64 617.81 21.9109
9.65 618.029 21.9318
9.66 618.248 21.9528
9.67 618.468 21.9737
9.68 618.688 21.9946
9.69 618.908 22.0155
9.7 619.129 22.0364
9.71 619.349 22.0574
9.72 619.57 22.0783
9.73 619.791 22.0992
9.74 620.012 22.12
9.75 620.234 22.1409
9.76 620.455 22.1618
9.77 620.677 22.1827
9.78 620.899 22.2036
9.79 621.121 22.2244
9.8 621.344 22.2453
9.81 621.566 22.2661
9.82 621.789 22.287
9.83 622.012 22.3078
9.84 622.236 22.3287
9.85 622.459 22.3495
9.86 622.683 22.3703
9.87 622.907 22.3911
9.88 623.131 22.412
9.89 623.355 22.4328
9.9 623.58 22.4536
9.91 623.804 22.4744
9.92 624.029 22.4952
9.93 624.255 22.516
9.94 624.48 22.5367
9.95 624.706 22.5575
9.96 624.931 22.5783
9.97 625.157 22.5991
9.98 625.383 22.6198
9.99 625.61 22.6406
10 625.837 22.6613
10.01 626.063 22.6821
10.02 626.29 22.7028
10.03 626.518 22.7236
10.04 626.745 22.7443
10.05 626.973 22.765
10.06 627.201 22.7857
10.07 627.429 22.8064
10.08 627.657 22.8272
10.09 627.885 22.8479
10.1 628.114 22.8686
10.11 628.343 22.8892
10.12 628.572 22.9099
10.13 628.801 22.9306
10.14 629.031 22.9513
10.15 629.261 22.972
10.16 629.49 22.9926
10.17 629.721 23.0133
10.18 629.951 23.0339
10.19 630.182 23.0546
10.2 630.412 23.0752
10.21 630.643 23.0959
10.22 630.874 23.1165
10.23 631.106 23.1371
10.24 631.337 23.1578
10.25 631.569 23.1784
10.26 631.801 23.199
10.27 632.033 23.2196
10.28 632.266 23.2402
10.29 632.498 23.2608
10.3 632.731 23.2814
10.31 632.964 23.302
10.32 633.197 23.3225
10.33 633.431 23.3431
10.34 633.664 23.3637
10.35 633.898 23.3842
10.36 634.132 23.4048
10.37 634.367 23.4253
10.38 634.601 23.4459
10.39 634.836 23.4664
10.4 635.071 23.487
10.41 635.306 23.5075
10.42 635.541 23.528
10.43 635.776 23.5485
10.44 636.012 23.569
10.45 636.248 23.5896
10.46 636.484 23.6101
10.47 636.72 23.6306
10.48 636.957 23.651
10.49 637.194 23.6715
10.5 637.431 23.692
10.51 637.668 23.7125
10.52 637.905 23.7329
10.53 638.143 23.7534
10.54 638.38 23.7739
10.55 638.618 23.7943
10.56 638.856 23.8148
10.57 639.095 23.8352
10.58 639.333 23.8556
10.59 639.572 23.8761
10.6 639.811 23.8965
10.61 640.05 23.9169
10.62 640.29 23.9373
10.63 640.529 23.9577
10.64 640.769 23.9781
10.65 641.009 23.9985
10.66 641.249 24.0189
10.67 641.489 24.0393
10.68 641.73 24.0597
10.69 641.971 24.0801
10.7 642.212 24.1004
10.71 642.453 24.1208
10.72 642.694 24.1411
10.73 642.936 24.1615
10.74 643.178 24.1818
10.75 643.42 24.2022
10.76 643.662 24.2225
10.77 643.905 24.2428
10.78 644.147 24.2632
10.79 644.39 24.2835
10.8 644.633 24.3038
10.81 644.876 24.3241
10.82 645.12 24.3444
10.83 645.363 24.3647
10.84 645.607 24.385
10.85 645.851 24.4053
10.86 646.096 24.4255
10.87 646.34 24.4458
10.88 646.585 24.4661
10.89 646.83 24.4863
10.9 647.075 24.5066
10.91 647.32 24.5268
10.92 647.565 24.5471
10.93 647.811 24.5673
10.94 648.057 24.5876
10.95 648.303 24.6078
10.96 648.549 24.6275
10.97 648.796 24.6457
10.98 649.042 24.6625
10.99 649.289 24.6779
11 649.536 24.6918
11.01 649.783 24.7044
11.02 650.03 24.7155
11.03 650.278 24.7253
11.04 650.525 24.7337
11.05 650.772 24.7408
11.06 651.02 24.7465
11.07 651.267 24.7509
11.08 651.515 24.754
11.09 651.762 24.7558
11.1 652.01 24.7563
11.11 652.257 24.7555
11.12 652.505 24.7535
11.13 652.752 24.7502
11.14 653 24.7457
11.15 653.247 24.74
11.16 653.495 24.7331
11.17 653.742 24.725
11.18 653.989 24.7156
11.19 654.236 24.7051
11.2 654.483 24.6935
11.21 654.73 24.6807
11.22 654.977 24.6668
11.23 655.223 24.6517
11.24 655.469 24.6356
11.25 655.716 24.6183
11.26 655.962 24.6
11.27 656.207 24.5805
11.28 656.453 24.5601
11.29 656.698 24.5385
11.3 656.944 24.5159
11.31 657.188 24.4923
11.32 657.433 24.4677
11.33 657.678 24.4421
11.34 657.922 24.4155
11.35 658.166 24.3879
11.36 658.409 24.3593
11.37 658.653 24.3297
11.38 658.895 24.2993
11.39 659.138 24.2678
11.4 659.381 24.2355
11.41 659.623 24.2022
11.42 659.864 24.1681
11.43 660.106 24.133
11.44 660.347 24.097
11.45 660.587 24.061
11.46 660.827 24.025
11.47 661.067 23.989
11.48 661.307 23.953
11.49 661.546 23.9169
11.5 661.785 23.8809
11.51 662.023 23.8449
11.52 662.261 23.8088
11.53 662.499 23.7728
11.54 662.736 23.7368
11.55 662.973 23.7007
11.56 663.21 23.6647
11.57 663.446 23.6286
11.58 663.682 23.5926
11.59 663.918 23.5565
11.6 664.153 23.5205
11.61 664.388 23.4844
11.62 664.622 23.4484
11.63 664.857 23.4123
11.64 665.09 23.3762
11.65 665.324 23.3402
11.66 665.557 23.3041
11.67 665.789 23.268
11.68 666.022 23.232
11.69 666.254 23.1959
11.7 666.485 23.1598
11.71 666.717 23.1237
11.72 666.947 23.0877
11.73 667.178 23.0516
11.74 667.408 23.0155
11.75 667.638 22.9794
11.76 667.867 22.9433
11.77 668.096 22.9072
11.78 668.325 22.8711
11.79 668.553 22.835
11.8 668.781 22.7989
11.81 669.009 22.7628
11.82 669.236 22.7267
11.83 669.463 22.6906
11.84 669.69 22.6545
11.85 669.916 22.6184
11.86 670.142 22.5822
11.87 670.367 22.5461
11.88 670.592 22.51
11.89 670.817 22.4739
11.9 671.041 22.4378
11.91 671.265 22.4016
11.92 671.489 22.3655
11.93 671.712 22.3294
11.94 671.935 22.2932
11.95 672.158 22.2571
11.96 672.38 22.2209
11.97 672.602 22.1848
11.98 672.823 22.1486
11.99 673.045 22.1125
12 673.265 22.0763
12.01 673.486 22.0402
12.02 673.706 22.004
12.03 673.925 21.9679
12.04 674.145 21.9317
12.05 674.364 21.8955
12.06 674.582 21.8594
12.07 674.801 21.8232
12.08 675.018 21.787
12.09 675.236 21.7508
12.1 675.453 21.7146
12.11 675.67 21.6785
12.12 675.886 21.6423
12.13 676.102 21.6061
12.14 676.318 21.5699
12.15 676.533 21.5337
12.16 676.748 21.4975
12.17 676.963 21.4613
12.18 677.177 21.4251
12.19 677.391 21.3889
12.2 677.605 21.3527
12.21 677.818 21.3165
12.22 678.031 21.2803
12.23 678.243 21.2441
12.24 678.455 21.2078
12.25 678.667 21.1716
12.26 678.878 21.1354
12.27 679.089 21.0992
12.28 679.3 21.0629
12.29 679.51 21.0267
12.3 679.72 20.9905
12.31 679.93 20.9542
12.32 680.139 20.918
12.33 680.348 20.8817
12.34 680.556 20.8455
12.35 680.764 20.8092
12.36 680.972 20.773
12.37 681.179 20.7367
12.38 681.386 20.7005
12.39 681.593 20.6642
12.4 681.799 20.628
12.41 682.005 20.5917
12.42 682.211 20.5554
12.43 682.416 20.5191
12.44 682.621 20.4829
12.45 682.825 20.4466
12.46 683.029 20.4103
12.47 683.233 20.374
12.48 683.436 20.3377
12.49 683.639 20.3015
12.5 683.842 20.2652
12.51 684.044 20.2289
12.52 684.246 20.1926
12.53 684.448 20.1563
12.54 684.649 20.12
12.55 684.85 20.0837
12.56 685.05 20.0474
12.57 685.25 20.011
12.58 685.45 19.9747
12.59 685.649 19.9384
12.6 685.848 19.9021
12.61 686.047 19.8658
12.62 686.245 19.8294
12.63 686.443 19.7931
12.64 686.641 19.7568
12.65 686.838 19.7204
12.66 687.035 19.6841
12.67 687.231 19.6478
12.68 687.428 19.6114
12.69 687.623 19.5751
12.7 687.819 19.5387
12.71 688.014 19.5024
12.72 688.208 19.466
12.73 688.403 19.4296
12.74 688.597 19.3933
12.75 688.79 19.3569
12.76 688.983 19.3205
12.77 689.176 19.2842
12.78 689.369 19.2478
12.79 689.561 19.2114
12.8 689.753 19.175
12.81 689.944 19.1387
12.82 690.135 19.1023
12.83 690.326 19.0659
12.84 690.516 19.0295
12.85 690.706 18.9931
12.86 690.895 18.9567
12.87 691.085 18.9203
12.88 691.273 18.8839
12.89 691.462 18.8475
12.9 691.65 18.8111
12.91 691.838 18.7747
12.92 692.025 18.7382
12.93 692.212 18.7018
12.94 692.399 18.6654
12.95 692.585 18.629
12.96 692.771 18.5925
12.97 692.957 18.5561
12.98 693.142 18.5197
12.99 693.327 18.4832
13 693.511 18.4468
13.01 693.695 18.4103
13.02 693.879 18.3739
13.03 694.062 18.3374
13.04 694.245 18.301
13.05 694.428 18.2645
13.06 694.61 18.2281
13.07 694.792 18.1916
13.08 694.974 18.1551
13.09 695.155 18.1187
13.1 695.336 18.0822
13.11 695.516 18.0457
13.12 695.696 18.0092
13.13 695.876 17.9728
13.14 696.055 17.9363
13.15 696.234 17.8998
13.16 696.413 17.8633
13.17 696.591 17.8268
13.18 696.769 17.7903
13.19 696.947 17.7538
13.2 697.124 17.7173
13.21 697.301 17.6808
13.22 697.477 17.6443
13.23 697.653 17.6078
13.24 697.829 17.5712
13.25 698.004 17.5347
13.26 698.179 17.4982
13.27 698.354 17.4617
13.28 698.528 17.4251
13.29 698.702 17.3886
13.3 698.876 17.3521
13.31 699.049 17.3155
13.32 699.222 17.279
13.33 699.394 17.2424
13.34 699.566 17.2059
13.35 699.738 17.1693
13.36 699.909 17.1328
13.37 700.08 17.0962
13.38 700.251 17.0596
13.39 700.421 17.0231
13.4 700.591 16.9865
13.41 700.76 16.9499
13.42 700.929 16.9134
13.43 701.098 16.8768
13.44 701.266 16.8402
13.45 701.435 16.8036
13.46 701.602 16.767
13.47 701.769 16.7304
13.48 701.936 16.6938
13.49 702.103 16.6572
13.5 702.269 16.6206
13.51 702.435 16.584
13.52 702.601 16.5474
13.53 702.766 16.5108
13.54 702.93 16.4742
13.55 703.095 16.4376
13.56 703.259 16.4009
13.57 703.422 16.3643
13.58 703.586 16.3277
13.59 703.749 16.291
13.6 703.911 16.2544
13.61 704.073 16.2178
13.62 704.235 16.1811
13.63 704.397 16.1445
13.64 704.558 16.1078
13.65 704.718 16.0712
13.66 704.879 16.0345
13.67 705.039 15.9978
13.68 705.198 15.9612
13.69 705.358 15.9245
13.7 705.516 15.8878
13.71 705.675 15.8512
13.72 705.833 15.8145
13.73 705.991 15.7778
13.74 706.148 15.7411
13.75 706.305 15.7044
13.76 706.462 15.6677
13.77 706.618 15.631
13.78 706.774 15.5943
13.79 706.93 15.5576
13.8 707.085 15.5209
13.81 707.24 15.4842
13.82 707.394 15.4475
13.83 707.548 15.4108
13.84 707.702 15.3741
13.85 707.856 15.3374
13.86 708.009 15.3006
13.87 708.161 15.2639
13.88 708.313 15.2272
13.89 708.465 15.1904
13.9 708.617 15.1537
13.91 708.768 15.1169
13.92 708.919 15.0802
13.93 709.069 15.0434
13.94 709.219 15.0067
13.95 709.369 14.9699
13.96 709.518 14.9332
13.97 709.667 14.8964
13.98 709.816 14.8596
13.99 709.964 14.8229
14 710.112 14.7861
14.01 710.26 14.7493
14.02 710.407 14.7125
14.03 710.553 14.6757
14.04 710.7 14.639
14.05 710.846 14.6022
14.06 710.992 14.5654
14.07 711.137 14.5286
14.08 711.282 14.4918
14.09 711.426 14.4549
14.1 711.57 14.4181
14.11 711.714 14.3813
14.12 711.858 14.3445
14.13 712.001 14.3077
14.14 712.143 14.2709
14.15 712.286 14.234
14.16 712.428 14.1972
14.17 712.569 14.1604
14.18 712.711 14.1235
14.19 712.852 14.0867
14.2 712.992 14.0498
14.21 713.132 14.013
14.22 713.272 13.9761
14.23 713.411 13.9393
14.24 713.55 13.9024
14.25 713.689 13.8655
14.26 713.827 13.8287
14.27 713.965 13.7918
14.28 714.103 13.7549
14.29 714.24 13.718
14.3 714.377 13.6811
14.31 714.513 13.6442
14.32 714.649 13.6074
14.33 714.785 13.5705
14.34 714.92 13.5336
14.35 715.055 13.4967
14.36 715.19 13.4598
14.37 715.324 13.4228
14.38 715.458 13.3859
14.39 715.591 13.349
14.4 715.725 13.3121
14.41 715.857 13.2752
14.42 715.99 13.2382
14.43 716.122 13.2013
14.44 716.253 13.1644
14.45 716.385 13.1274
14.46 716.516 13.0905
14.47 716.646 13.0535
14.48 716.776 13.0166
14.49 716.906 12.9796
14.5 717.035 12.9427
14.51 717.164 12.9057
14.52 717.293 12.8687
14.53 717.421 12.8318
14.54 717.549 12.7948
14.55 717.677 12.7578
14.56 717.804 12.7208
14.57 717.931 12.6839
14.58 718.058 12.6469
14.59 718.184 12.6099
14.6 718.309 12.5729
14.61 718.435 12.5359
14.62 718.56 12.4989
14.63 718.684 12.4619
14.64 718.809 12.4248
14.65 718.932 12.3878
14.66 719.056 12.3508
14.67 719.179 12.3138
14.68 719.302 12.2768
14.69 719.424 12.2397
14.7 719.546 12.2027
14.71 719.668 12.1657
14.72 719.789 12.1286
14.73 719.91 12.0916
14.74 720.031 12.0545
14.75 720.151 12.0175
14.76 720.271 11.9804
14.77 720.39 11.9433
14.78 720.509 11.9063
14.79 720.628 11.8692
14.8 720.746 11.8321
14.81 720.864 11.7951
14.82 720.982 11.758
14.83 721.099 11.7209
14.84 721.216 11.6838
14.85 721.332 11.6467
14.86 721.448 11.6096
14.87 721.564 11.5725
14.88 721.679 11.5354
14.89 721.794 11.4983
14.9 721.909 11.4612
14.91 722.023 11.4241
14.92 722.137 11.387
14.93 722.251 11.3498
14.94 722.364 11.3127
14.95 722.476 11.2756
14.96 722.589 11.2384
14.97 722.701 11.2013
14.98 722.813 11.1641
14.99 722.924 11.127
15 723.035 11.0898
15.01 723.145 11.0527
15.02 723.255 11.0155
15.03 723.365 10.9784
15.04 723.475 10.9412
15.05 723.584 10.904
15.06 723.692 10.8669
15.07 723.801 10.8297
15.08 723.909 10.7925
15.09 724.016 10.7553
15.1 724.123 10.7181
15.11 724.23 10.6809
15.12 724.336 10.6437
15.13 724.443 10.6065
15.14 724.548 10.5693
15.15 724.654 10.5321
15.16 724.759 10.4949
15.17 724.863 10.4577
15.18 724.967 10.4204
15.19 725.071 10.3832
15.2 725.175 10.346
15.21 725.278 10.3087
15.22 725.38 10.2715
15.23 725.483 10.2343
15.24 725.585 10.197
15.25 725.686 10.1598
15.26 725.788 10.1225
15.27 725.888 10.0852
15.28 725.989 10.048
15.29 726.089 10.0107
15.3 726.189 9.97345
15.31 726.288 9.93617
15.32 726.387 9.89889
15.33 726.486 9.86161
15.34 726.584 9.82432
15.35 726.682 9.78703
15.36 726.779 9.74973
15.37 726.876 9.71243
15.38 726.973 9.67512
15.39 727.07 9.63782
15.4 727.166 9.6005
15.41 727.261 9.56319
15.42 727.356 9.52587
15.43 727.451 9.48854
15.44 727.546 9.45121
15.45 727.64 9.41388
15.46 727.734 9.37654
15.47 727.827 9.3392
15.48 727.92 9.30186
15.49 728.013 9.26451
15.5 728.105 9.22715
15.51 728.197 9.18979
15.52 728.288 9.15243
15.53 728.38 9.11507
15.54 728.47 9.0777
15.55 728.561 9.04032
15.56 728.651 9.00294
15.57 728.74 8.96556
15.58 728.83 8.92817
15.59 728.919 8.89078
15.6 729.007 8.85339
15.61 729.095 8.81599
15.62 729.183 8.77858
15.63 729.271 8.74118
15.64 729.358 8.70376
15.65 729.444 8.66635
15.66 729.531 8.62893
15.67 729.616 8.5915
15.68 729.702 8.55408
15.69 729.787 8.51664
15.7 729.872 8.47921
15.71 729.956 8.44176
15.72 730.04 8.40432
15.73 730.124 8.36687
15.74 730.207 8.32942
15.75 730.29 8.29196
15.76 730.373 8.25449
15.77 730.455 8.21703
15.78 730.537 8.17956
15.79 730.618 8.14208
15.8 730.699 8.1046
15.81 730.78 8.06712
15.82 730.86 8.02963
15.83 730.94 7.99214
15.84 731.02 7.95464
15.85 731.099 7.91714
15.86 731.178 7.87964
15.87 731.256 7.84213
15.88 731.334 7.80462
15.89 731.412 7.7671
15.9 731.489 7.72958
15.91 731.566 7.69205
15.92 731.643 7.65452
15.93 731.719 7.61699
15.94 731.795 7.57945
15.95 731.87 7.5419
15.96 731.945 7.50436
15.97 732.02 7.46681
15.98 732.094 7.42925
15.99 732.168 7.39169
16 732.241 7.35413
16.01 732.315 7.31656
16.02 732.387 7.27898
16.03 732.46 7.24141
16.04 732.532 7.20382
16.05 732.604 7.16624
16.06 732.675 7.12865
16.07 732.746 7.09105
16.08 732.816 7.05345
16.09 732.886 7.01585
16.1 732.956 6.97824
16.11 733.026 6.94063
16.12 733.095 6.90301
16.13 733.163 6.86539
16.14 733.232 6.82777
16.15 733.299 6.79014
16.16 733.367 6.7525
16.17 733.434 6.71487
16.18 733.501 6.67722
16.19 733.567 6.63958
16.2 733.633 6.60193
16.21 733.699 6.56427
16.22 733.764 6.52661
16.23 733.829 6.48895
16.24 733.894 6.45128
16.25 733.958 6.4136
16.26 734.022 6.37593
16.27 734.085 6.33824
16.28 734.148 6.30056
16.29 734.211 6.26287
16.3 734.273 6.22517
16.31 734.335 6.18747
16.32 734.396 6.14977
16.33 734.457 6.11206
16.34 734.518 6.07435
16.35 734.578 6.03663
16.36 734.638 5.99891
16.37 734.698 5.96118
16.38 734.757 5.92345
16.39 734.816 5.88572
16.4 734.875 5.84798
16.41 734.933 5.81023
16.42 734.99 5.77249
16.43 735.048 5.73473
16.44 735.105 5.69698
16.45 735.161 5.65921
16.46 735.218 5.62145
16.47 735.273 5.58368
16.48 735.329 5.5459
16.49 735.384 5.50812
16.5 735.439 5.47034
16.51 735.493 5.43255
16.52 735.547 5.39476
16.53 735.6 5.35696
16.54 735.654 5.31916
16.55 735.706 5.28135
16.56 735.759 5.24354
16.57 735.811 5.20573
16.58 735.863 5.16791
16.59 735.914 5.13009
16.6 735.965 5.09226
16.61 736.015 5.05442
16.62 736.066 5.01659
16.63 736.115 4.97874
16.64 736.165 4.9409
16.65 736.214 4.90305
16.66 736.262 4.86519
16.67 736.311 4.82733
16.68 736.359 4.78947
16.69 736.406 4.7516
16.7 736.453 4.71372
16.71 736.5 4.67585
16.72 736.546 4.63796
16.73 736.592 4.60008
16.74 736.638 4.56218
16.75 736.683 4.52429
16.76 736.728 4.48639
16.77 736.773 4.44848
16.78 736.817 4.41057
16.79 736.86 4.37266
16.8 736.904 4.33474
16.81 736.947 4.29681
16.82 736.989 4.25889
16.83 737.032 4.22095
16.84 737.073 4.18302
16.85 737.115 4.14507
16.86 737.156 4.10713
16.87 737.197 4.06918
16.88 737.237 4.03122
16.89 737.277 3.99326
16.9 737.316 3.9553
16.91 737.356 3.91733
16.92 737.394 3.87935
16.93 737.433 3.84137
16.94 737.471 3.80339
16.95 737.508 3.7654
16.96 737.546 3.72741
16.97 737.583 3.68941
16.98 737.619 3.65141
16.99 737.655 3.61341
17 737.691 3.5754
17.01 737.726 3.53738
17.02 737.761 3.49936
17.03 737.796 3.46134
17.04 737.83 3.42331
17.05 737.864 3.38527
17.06 737.898 3.34723
17.07 737.931 3.30919
17.08 737.963 3.27114
17.09 737.996 3.23309
17.1 738.028 3.19503
17.11 738.059 3.15697
17.12 738.09 3.11891
17.13 738.121 3.08084
17.14 738.152 3.04276
17.15 738.182 3.00468
17.16 738.211 2.96659
17.17 738.241 2.92851
17.18 738.27 2.89041
17.19 738.298 2.85231
17.2 738.326 2.81421
17.21 738.354 2.7761
17.22 738.381 2.73799
17.23 738.408 2.69987
17.24 738.435 2.66175
17.25 738.461 2.62362
17.26 738.487 2.58549
17.27 738.513 2.54735
17.28 738.538 2.50921
17.29 738.562 2.47107
17.3 738.587 2.43291
17.31 738.611 2.39476
17.32 738.634 2.3566
17.33 738.657 2.31844
17.34 738.68 2.28027
17.35 738.703 2.24209
17.36 738.725 2.20391
17.37 738.746 2.16573
17.38 738.768 2.12754
17.39 738.788 2.08935
17.4 738.809 2.05115
17.41 738.829 2.01295
17.42 738.849 1.97474
17.43 738.868 1.93653
17.44 738.887 1.89831
17.45 738.906 1.86009
17.46 738.924 1.82187
17.47 738.942 1.78364
17.48 738.959 1.7454
17.49 738.976 1.70716
17.5 738.993 1.66891
17.51 739.009 1.63066
17.52 739.025 1.59241
17.53 739.041 1.55415
17.54 739.056 1.51589
17.55 739.071 1.47762
17.56 739.085 1.43934
17.57 739.099 1.40107
17.58 739.113 1.36278
17.59 739.126 1.32449
17.6 739.139 1.2862
17.61 739.151 1.2479
17.62 739.163 1.2096
17.63 739.175 1.17129
17.64 739.187 1.13298
17.65 739.197 1.09467
17.66 739.208 1.05634
17.67 739.218 1.01802
17.68 739.228 0.979687
17.69 739.237 0.941351
17.7 739.246 0.90301
17.71 739.255 0.864665
17.72 739.263 0.826314
17.73 739.271 0.787959
17.74 739.279 0.749599
17.75 739.286 0.711234
17.76 739.293 0.672865
17.77 739.299 0.63449
17.78 739.305 0.596111
17.79 739.31 0.557727
17.8 739.316 0.519338
17.81 739.32 0.480944
17.82 739.325 0.442545
17.83 739.329 0.404142
17.84 739.333 0.365734
17.85 739.336 0.32732
17.86 739.339 0.288902
17.87 739.341 0.25048
17.88 739.343 0.212052
17.89 739.345 0.173619
17.9 739.346 0.135182
17.91 739.347 0.0967394
17.92 739.348 0.0582922
17.93 739.348 0.0198401
17.94 739.348 -0.0186169
17.95 739.347 -0.0570787
17.96 739.347 -0.0955454
17.97 739.345 -0.134017
17.98 739.343 -0.172493
17.99 739.341 -0.210975
18 739.339 -0.249461
18.01 739.336 -0.287952
18.02 739.333 -0.326447
18.03 739.329 -0.364948
18.04 739.325 -0.403454
18.05 739.321 -0.441964
18.06 739.316 -0.480479
18.07 739.311 -0.518999
18.08 739.305 -0.557524
18.09 739.299 -0.596053
18.1 739.293 -0.634588
18.11 739.286 -0.673127
18.12 739.279 -0.711671
18.13 739.271 -0.75022
18.14 739.263 -0.788773
18.15 739.255 -0.827331
18.16 739.247 -0.865895
18.17 739.238 -0.904462
18.18 739.228 -0.943035
18.19 739.218 -0.981612
18.2 739.208 -1.02019
18.21 739.197 -1.05878
18.22 739.186 -1.09737
18.23 739.175 -1.13597
18.24 739.163 -1.17457
18.25 739.151 -1.21318
18.26 739.139 -1.25179
18.27 739.126 -1.2904
18.28 739.113 -1.32902
18.29 739.099 -1.36765
18.3 739.085 -1.40628
18.31 739.07 -1.44491
18.32 739.056 -1.48355
18.33 739.04 -1.52219
18.34 739.025 -1.56084
18.35 739.009 -1.59949
18.36 738.992 -1.63815
18.37 738.976 -1.67681
18.38 738.958 -1.71548
18.39 738.941 -1.75415
18.4 738.923 -1.79283
18.41 738.905 -1.83151
18.42 738.886 -1.87019
18.43 738.867 -1.90888
18.44 738.847 -1.94758
18.45 738.827 -1.98628
18.46 738.807 -2.02498
18.47 738.787 -2.06369
18.48 738.766 -2.1024
18.49 738.744 -2.14112
18.5 738.722 -2.17984
18.51 738.7 -2.21857
18.52 738.678 -2.2573
18.53 738.655 -2.29604
18.54 738.631 -2.33478
18.55 738.608 -2.37353
18.56 738.583 -2.41227
18.57 738.559 -2.45103
18.58 738.534 -2.48979
18.59 738.509 -2.52855
18.6 738.483 -2.56732
18.61 738.457 -2.60609
18.62 738.431 -2.64487
18.63 738.404 -2.68365
18.64 738.376 -2.72244
18.65 738.349 -2.76123
18.66 738.321 -2.80002
18.67 738.292 -2.83882
18.68 738.264 -2.87763
18.69 738.235 -2.91644
18.7 738.205 -2.95525
18.71 738.175 -2.99407
18.72 738.145 -3.03289
18.73 738.114 -3.07172
18.74 738.083 -3.11055
18.75 738.051 -3.14939
18.76 738.02 -3.18823
18.77 737.987 -3.22707
18.78 737.955 -3.26592
18.79 737.922 -3.30477
18.8 737.888 -3.34363
18.81 737.854 -3.38249
18.82 737.82 -3.42136
18.83 737.785 -3.46023
18.84 737.75 -3.49911
18.85 737.715 -3.53799
18.86 737.679 -3.57687
18.87 737.643 -3.61576
18.88 737.607 -3.65465
18.89 737.57 -3.69355
18.9 737.532 -3.73245
18.91 737.495 -3.77136
18.92 737.457 -3.81027
18.93 737.418 -3.84919
18.94 737.379 -3.88811
18.95 737.34 -3.92703
18.96 737.3 -3.96596
18.97 737.26 -4.00489
18.98 737.22 -4.04383
18.99 737.179 -4.08277
19 737.138 -4.12172
19.01 737.096 -4.16067
19.02 737.054 -4.19962
19.03 737.012 -4.23858
19.04 736.969 -4.27754
19.05 736.926 -4.31651
19.06 736.882 -4.35548
19.07 736.838 -4.39446
19.08 736.794 -4.43344
19.09 736.749 -4.47242
19.1 736.704 -4.51141
19.11 736.659 -4.55041
19.12 736.613 -4.5894
19.13 736.566 -4.62841
19.14 736.52 -4.66741
19.15 736.473 -4.70642
19.16 736.425 -4.74544
19.17 736.377 -4.78446
19.18 736.329 -4.82348
19.19 736.281 -4.86251
19.2 736.232 -4.90154
19.21 736.182 -4.94057
19.22 736.132 -4.97961
19.23 736.082 -5.01866
19.24 736.032 -5.05771
19.25 735.981 -5.09676
19.26 735.929 -5.13581
19.27 735.877 -5.17488
19.28 735.825 -5.21394
19.29 735.773 -5.25301
19.3 735.72 -5.29208
19.31 735.667 -5.33116
19.32 735.613 -5.37024
19.33 735.559 -5.40933
19.34 735.504 -5.44842
19.35 735.449 -5.48751
19.36 735.394 -5.52661
19.37 735.339 -5.56571
19.38 735.282 -5.60482
19.39 735.226 -5.64393
19.4 735.169 -5.68305
19.41 735.112 -5.72216
19.42 735.054 -5.76129
19.43 734.996 -5.80041
19.44 734.938 -5.83955
19.45 734.879 -5.87868
19.46 734.82 -5.91782
19.47 734.76 -5.95696
19.48 734.7 -5.99611
19.49 734.64 -6.03526
19.5 734.579 -6.07442
19.51 734.518 -6.11358
19.52 734.457 -6.15274
19.53 734.395 -6.19191
19.54 734.332 -6.23108
19.55 734.27 -6.27026
19.56 734.207 -6.30944
19.57 734.143 -6.34862
19.58 734.079 -6.38781
19.59 734.015 -6.427
19.6 733.95 -6.4662
19.61 733.885 -6.5054
19.62 733.82 -6.5446
19.63 733.754 -6.58381
19.64 733.688 -6.62302
19.65 733.621 -6.66224
19.66 733.554 -6.70146
19.67 733.487 -6.74068
19.68 733.419 -6.77991
19.69 733.351 -6.81914
19.7 733.282 -6.85838
19.71 733.213 -6.89762
19.72 733.144 -6.93686
19.73 733.074 -6.97611
19.74 733.004 -7.01536
19.75 732.933 -7.05461
19.76 732.862 -7.09387
19.77 732.791 -7.13314
19.78 732.719 -7.1724
19.79 732.647 -7.21167
19.8 732.575 -7.25095
19.81 732.502 -7.29023
19.82 732.429 -7.32951
19.83 732.355 -7.3688
19.84 732.281 -7.40809
19.85 732.206 -7.44738
19.86 732.131 -7.48668
19.87 732.056 -7.52598
19.88 731.981 -7.56529
19.89 731.904 -7.6046
19.9 731.828 -7.64391
19.91 731.751 -7.68323
19.92 731.674 -7.72255
19.93 731.596 -7.76187
19.94 731.518 -7.8012
19.95 731.44 -7.84053
19.96 731.361 -7.87987
19.97 731.282 -7.91921
19.98 731.202 -7.95855
19.99 731.122 -7.9979
20 731.042 -8.03725
20.01 730.961 -8.0766
20.02 730.88 -8.11596
20.03 730.799 -8.15533
20.04 730.717 -8.19469
20.05 730.634 -8.23406
20.06 730.552 -8.27344
20.07 730.468 -8.31281
20.08 730.385 -8.35219
20.09 730.301 -8.39158
20.1 730.217 -8.43097
20.11 730.132 -8.47036
20.12 730.047 -8.50976
20.13 729.961 -8.54916
20.14 729.875 -8.58856
20.15 729.789 -8.62797
20.16 729.703 -8.66738
20.17 729.615 -8.70679
20.18 729.528 -8.74621
20.19 729.44 -8.78563
20.2 729.352 -8.82505
20.21 729.263 -8.86448
20.22 729.174 -8.90392
20.23 729.085 -8.94335
20.24 728.995 -8.98279
20.25 728.905 -9.02223
20.26 728.814 -9.06168
20.27 728.723 -9.10113
20.28 728.632 -9.14059
20.29 728.54 -9.18004
20.3 728.448 -9.21951
20.31 728.355 -9.25897
20.32 728.262 -9.29844
20.33 728.169 -9.33791
20.34 728.075 -9.37739
20.35 727.981 -9.41687
20.36 727.886 -9.45635
20.37 727.791 -9.49583
20.38 727.696 -9.53532
20.39 727.6 -9.57482
20.4 727.504 -9.61431
20.41 727.407 -9.65381
20.42 727.311 -9.69332
20.43 727.213 -9.73282
20.44 727.116 -9.77234
20.45 727.017 -9.81185
20.46 726.919 -9.85137
20.47 726.82 -9.89089
20.48 726.721 -9.93041
20.49 726.621 -9.9698
20.5 726.521 -10.0083
20.51 726.42 -10.0459
20.52 726.32 -10.0826
20.53 726.218 -10.1184
20.54 726.117 -10.1534
20.55 726.015 -10.1875
20.56 725.913 -10.2208
20.57 725.81 -10.2532
20.58 725.707 -10.2847
20.59 725.604 -10.3154
20.6 725.501 -10.3453
20.61 725.397 -10.3744
20.62 725.293 -10.4027
20.63 725.189 -10.4301
20.64 725.084 -10.4567
20.65 724.979 -10.4826
20.66 724.874 -10.5077
20.67 724.769 -10.5319
20.68 724.663 -10.5554
20.69 724.558 -10.5782
20.7 724.452 -10.6001
20.71 724.345 -10.6213
20.72 724.239 -10.6418
20.73 724.132 -10.6615
20.74 724.026 -10.6805
20.75 723.919 -10.6988
20.76 723.811 -10.7163
20.77 723.704 -10.7331
20.78 723.597 -10.7492
20.79 723.489 -10.7646
20.8 723.381 -10.7793
20.81 723.273 -10.7933
20.82 723.165 -10.8066
20.83 723.057 -10.8193
20.84 722.949 -10.8312
20.85 722.84 -10.8425
20.86 722.732 -10.8532
20.87 722.623 -10.8631
20.88 722.514 -10.8725
20.89 722.406 -10.8812
20.9 722.297 -10.8892
20.91 722.188 -10.8966
20.92 722.079 -10.9034
20.93 721.97 -10.9096
20.94 721.86 -10.9151
20.95 721.751 -10.9201
20.96 721.642 -10.9244
20.97 721.533 -10.9282
20.98 721.423 -10.9313
20.99 721.314 -10.9339
21 721.205 -10.9359
21.01 721.095 -10.9373
21.02 720.986 -10.9382
21.03 720.876 -10.9385
21.04 720.767 -10.9382
21.05 720.658 -10.9374
21.06 720.548 -10.9361
21.07 720.439 -10.9342
21.08 720.33 -10.9317
21.09 720.22 -10.9288
21.1 720.111 -10.9253
21.11 720.002 -10.9213
21.12 719.893 -10.9168
21.13 719.784 -10.9117
21.14 719.675 -10.9062
21.15 719.566 -10.9002
21.16 719.457 -10.8937
21.17 719.348 -10.8867
21.18 719.239 -10.8792
21.19 719.13 -10.8712
21.2 719.022 -10.8628
21.21 718.913 -10.8539
21.22 718.805 -10.8445
21.23 718.696 -10.8347
21.24 718.588 -10.8245
21.25 718.48 -10.8138
21.26 718.372 -10.8026
21.27 718.264 -10.7911
21.28 718.156 -10.779
21.29 718.049 -10.7666
21.3 717.941 -10.7537
21.31 717.834 -10.7405
21.32 717.726 -10.7268
21.33 717.619 -10.7127
21.34 717.512 -10.6982
21.35 717.405 -10.6833
21.36 717.299 -10.668
21.37 717.192 -10.6524
21.38 717.086 -10.6363
21.39 716.98 -10.6202
21.4 716.874 -10.604
21.41 716.768 -10.5879
21.42 716.662 -10.5718
21.43 716.556 -10.5556
21.44 716.451 -10.5395
21.45 716.346 -10.5234
21.46 716.241 -10.5073
21.47 716.136 -10.4912
21.48 716.031 -10.475
21.49 715.927 -10.4589
21.5 715.822 -10.4428
21.51 715.718 -10.4267
21.52 715.614 -10.4107
21.53 715.51 -10.3946
21.54 715.406 -10.3785
21.55 715.302 -10.3624
21.56 715.199 -10.3463
21.57 715.096 -10.3303
21.58 714.992 -10.3142
21.59 714.889 -10.2982
21.6 714.787 -10.2821
21.61 714.684 -10.2661
21.62 714.581 -10.25
21.63 714.479 -10.234
21.64 714.377 -10.2179
21.65 714.275 -10.2019
21.66 714.173 -10.1859
21.67 714.071 -10.1699
21.68 713.97 -10.1538
21.69 713.868 -10.1378
21.7 713.767 -10.1218
21.71 713.666 -10.1058
21.72 713.565 -10.0898
21.73 713.465 -10.0738
21.74 713.364 -10.0578
21.75 713.264 -10.0419
21.76 713.163 -10.0259
21.77 713.063 -10.0099
21.78 712.963 -9.99392
21.79 712.863 -9.97796
21.8 712.764 -9.96199
21.81 712.664 -9.94604
21.82 712.565 -9.93008
21.83 712.466 -9.91413
21.84 712.367 -9.89819
21.85 712.268 -9.88225
21.86 712.169 -9.86631
21.87 712.071 -9.85038
21.88 711.973 -9.83446
21.89 711.874 -9.81853
21.9 711.776 -9.80262
21.91 711.679 -9.7867
21.92 711.581 -9.77079
21.93 711.483 -9.75489
21.94 711.386 -9.73899
21.95 711.289 -9.72309
21.96 711.192 -9.7072
21.97 711.095 -9.69132
21.98 710.998 -9.67544
21.99 710.901 -9.65956
22 710.805 -9.64368
22.01 710.709 -9.62782
22.02 710.613 -9.61195
22.03 710.517 -9.59609
22.04 710.421 -9.58024
22.05 710.325 -9.56438
22.06 710.23 -9.54854
22.07 710.134 -9.5327
22.08 710.039 -9.51686
22.09 709.944 -9.50102
22.1 709.849 -9.4852
22.11 709.755 -9.46937
22.12 709.66 -9.45355
22.13 709.566 -9.43773
22.14 709.471 -9.42192
22.15 709.377 -9.40612
22.16 709.283 -9.39031
22.17 709.19 -9.37451
22.18 709.096 -9.35872
22.19 709.003 -9.34293
22.2 708.909 -9.32714
22.21 708.816 -9.31136
22.22 708.723 -9.29559
22.23 708.631 -9.27981
22.24 708.538 -9.26405
22.25 708.445 -9.24828
22.26 708.353 -9.23252
22.27 708.261 -9.21677
22.28 708.169 -9.20102
22.29 708.077 -9.18527
22.3 707.985 -9.16953
22.31 707.894 -9.15379
22.32 707.802 -9.13806
22.33 707.711 -9.12233
22.34 707.62 -9.1066
22.35 707.529 -9.09088
22.36 707.439 -9.07517
22.37 707.348 -9.05946
22.38 707.258 -9.04375
22.39 707.167 -9.02804
22.4 707.077 -9.01235
22.41 706.987 -8.99665
22.42 706.897 -8.98096
22.43 706.808 -8.96527
22.44 706.718 -8.94959
22.45 706.629 -8.93391
22.46 706.54 -8.91824
22.47 706.451 -8.90257
22.48 706.362 -8.88691
22.49 706.273 -8.87125
22.5 706.184 -8.85559
22.51 706.096 -8.83994
22.52 706.008 -8.82429
22.53 705.92 -8.80865
22.54 705.832 -8.79301
22.55 705.744 -8.77737
22.56 705.656 -8.76174
22.57 705.569 -8.74611
22.58 705.482 -8.73049
22.59 705.395 -8.71487
22.6 705.308 -8.69926
22.61 705.221 -8.68365
22.62 705.134 -8.66804
22.63 705.047 -8.65244
22.64 704.961 -8.63684
22.65 704.875 -8.62125
22.66 704.789 -8.60566
22.67 704.703 -8.59007
22.68 704.617 -8.57449
22.69 704.532 -8.55892
22.7 704.446 -8.54334
22.71 704.361 -8.52778
22.72 704.276 -8.51221
22.73 704.191 -8.49665
22.74 704.106 -8.4811
22.75 704.021 -8.46554
22.76 703.937 -8.45
22.77 703.853 -8.43445
22.78 703.768 -8.41891
22.79 703.684 -8.40338
22.8 703.6 -8.38785
22.81 703.517 -8.37232
22.82 703.433 -8.3568
22.83 703.35 -8.34128
22.84 703.266 -8.32576
22.85 703.183 -8.31025
22.86 703.1 -8.29475
22.87 703.018 -8.27925
22.88 702.935 -8.26375
22.89 702.852 -8.24825
22.9 702.77 -8.23276
22.91 702.688 -8.21728
22.92 702.606 -8.20179
22.93 702.524 -8.18632
22.94 702.442 -8.17084
22.95 702.361 -8.15537
22.96 702.279 -8.13991
22.97 702.198 -8.12445
22.98 702.117 -8.10899
22.99 702.036 -8.09354
23 701.955 -8.07809
23.01 701.875 -8.06264
23.02 701.794 -8.0472
23.03 701.714 -8.03176
23.04 701.634 -8.01633
23.05 701.554 -8.0009
23.06 701.474 -7.98547
23.07 701.394 -7.97005
23.08 701.315 -7.95464
23.09 701.235 -7.93922
23.1 701.156 -7.92381
23.11 701.077 -7.90841
23.12 700.998 -7.89301
23.13 700.919 -7.87761
23.14 700.841 -7.86222
23.15 700.762 -7.84683
23.16 700.684 -7.83144
23.17 700.606 -7.81606
23.18 700.528 -7.80068
23.19 700.45 -7.78531
23.2 700.372 -7.76994
23.21 700.295 -7.75458
23.22 700.217 -7.73921
23.23 700.14 -7.72386
23.24 700.063 -7.7085
23.25 699.986 -7.69315
23.26 699.909 -7.67781
23.27 699.833 -7.66247
23.28 699.756 -7.64713
23.29 699.68 -7.63179
23.3 699.604 -7.61647
23.31 699.528 -7.60114
23.32 699.452 -7.58582
23.33 699.376 -7.5705
23.34 699.3 -7.55518
23.35 699.225 -7.53987
23.36 699.15 -7.52457
23.37 699.075 -7.50926
23.38 699 -7.49397
23.39 698.925 -7.47867
23.4 698.85 -7.46338
23.41 698.776 -7.44809
23.42 698.702 -7.43281
23.43 698.627 -7.41753
23.44 698.553 -7.40226
23.45 698.48 -7.38698
23.46 698.406 -7.37172
23.47 698.332 -7.35645
23.48 698.259 -7.34119
23.49 698.186 -7.32594
23.5 698.112 -7.31068
23.51 698.039 -7.29544
23.52 697.967 -7.28019
23.53 697.894 -7.26495
23.54 697.822 -7.24971
23.55 697.749 -7.23448
23.56 697.677 -7.21925
23.57 697.605 -7.20402
23.58 697.533 -7.1888
23.59 697.461 -7.17358
23.6 697.39 -7.15837
23.61 697.318 -7.14316
23.62 697.247 -7.12795
23.63 697.176 -7.11275
23.64 697.105 -7.09755
23.65 697.034 -7.08236
23.66 696.963 -7.06717
23.67 696.893 -7.05198
23.68 696.823 -7.03679
23.69 696.752 -7.02161
23.7 696.682 -7.00644
23.71 696.612 -6.99126
23.72 696.543 -6.9761
23.73 696.473 -6.96093
23.74 696.404 -6.94577
23.75 696.334 -6.93061
23.76 696.265 -6.91546
23.77 696.196 -6.90031
23.78 696.127 -6.88516
23.79 696.059 -6.87002
23.8 695.99 -6.85488
23.81 695.922 -6.83974
23.82 695.853 -6.82461
23.83 695.785 -6.80948
23.84 695.717 -6.79436
23.85 695.649 -6.77924
23.86 695.582 -6.76412
23.87 695.514 -6.74901
23.88 695.447 -6.7339
23.89 695.38 -6.71879
23.9 695.313 -6.70369
23.91 695.246 -6.68859
23.92 695.179 -6.6735
23.93 695.113 -6.65841
23.94 695.046 -6.64332
23.95 694.98 -6.62824
23.96 694.914 -6.61316
23.97 694.848 -6.59808
23.98 694.782 -6.58301
23.99 694.716 -6.56794
24 694.651 -6.55287
24.01 694.585 -6.53781
24.02 694.52 -6.52275
24.03 694.455 -6.5077
24.04 694.39 -6.49264
24.05 694.325 -6.4776
24.06 694.261 -6.46255
24.07 694.196 -6.44751
24.08 694.132 -6.43248
24.09 694.068 -6.41744
24.1 694.004 -6.40241
24.11 693.94 -6.38739
24.12 693.876 -6.37236
24.13 693.813 -6.35735
24.14 693.749 -6.34233
24.15 693.686 -6.32732
24.16 693.623 -6.31231
24.17 693.56 -6.29731
24.18 693.497 -6.2823
24.19 693.434 -6.26731
24.2 693.372 -6.25231
24.21 693.309 -6.23732
24.22 693.247 -6.22234
24.23 693.185 -6.20735
24.24 693.123 -6.19237
24.25 693.061 -6.1774
24.26 693 -6.16242
24.27 692.938 -6.14745
24.28 692.877 -6.13249
24.29 692.816 -6.11753
24.3 692.755 -6.10257
24.31 692.694 -6.08761
24.32 692.633 -6.07266
24.33 692.573 -6.05771
24.34 692.512 -6.04277
24.35 692.452 -6.02782
24.36 692.392 -6.01289
24.37 692.332 -5.99795
24.38 692.272 -5.98302
24.39 692.212 -5.96809
24.4 692.153 -5.95317
24.41 692.093 -5.93825
24.42 692.034 -5.92333
24.43 691.975 -5.90842
24.44 691.916 -5.89351
24.45 691.857 -5.8786
24.46 691.799 -5.8637
24.47 691.74 -5.8488
24.48 691.682 -5.8339
24.49 691.624 -5.81901
24.5 691.566 -5.80412
24.51 691.508 -5.78923
24.52 691.45 -5.77435
24.53 691.392 -5.75947
24.54 691.335 -5.74459
24.55 691.278 -5.72972
24.56 691.22 -5.71485
24.57 691.163 -5.69998
24.58 691.107 -5.68512
24.59 691.05 -5.67026
24.6 690.993 -5.65541
24.61 690.937 -5.64055
24.62 690.881 -5.6257
24.63 690.825 -5.61086
24.64 690.769 -5.59602
24.65 690.713 -5.58118
24.66 690.657 -5.56634
24.67 690.602 -5.55151
24.68 690.546 -5.53668
24.69 690.491 -5.52185
24.7 690.436 -5.50703
24.71 690.381 -5.49221
24.72 690.326 -5.4774
24.73 690.272 -5.46258
24.74 690.217 -5.44777
24.75 690.163 -5.43297
24.76 690.109 -5.41816
24.77 690.055 -5.40337
24.78 690.001 -5.38857
24.79 689.947 -5.37378
24.8 689.893 -5.35899
24.81 689.84 -5.3442
24.82 689.787 -5.32942
24.83 689.734 -5.31464
24.84 689.681 -5.29986
24.85 689.628 -5.28509
24.86 689.575 -5.27032
24.87 689.522 -5.25555
24.88 689.47 -5.24079
24.89 689.418 -5.22603
24.9 689.366 -5.21127
24.91 689.314 -5.19652
24.92 689.262 -5.18177
24.93 689.21 -5.16702
24.94 689.159 -5.15227
24.95 689.107 -5.13753
24.96 689.056 -5.12279
24.97 689.005 -5.10806
24.98 688.954 -5.09333
24.99 688.903 -5.0786
25 688.853 -5.06388
25.01 688.802 -5.04915
25.02 688.752 -5.03443
25.03 688.702 -5.01972
25.04 688.652 -5.00501
25.05 688.602 -4.9903
25.06 688.552 -4.97559
25.07 688.502 -4.96089
25.08 688.453 -4.94619
25.09 688.404 -4.93149
25.1 688.354 -4.9168
25.11 688.305 -4.90211
25.12 688.256 -4.88742
25.13 688.208 -4.87274
25.14 688.159 -4.85806
25.15 688.111 -4.84338
25.16 688.062 -4.8287
25.17 688.014 -4.81403
25.18 687.966 -4.79936
25.19 687.918 -4.7847
25.2 687.871 -4.77004
25.21 687.823 -4.75538
25.22 687.776 -4.74072
25.23 687.729 -4.72607
25.24 687.681 -4.71142
25.25 687.634 -4.69677
25.26 687.588 -4.68213
25.27 687.541 -4.66748
25.28 687.494 -4.65285
25.29 687.448 -4.63821
25.3 687.402 -4.62358
25.31 687.356 -4.60895
25.32 687.31 -4.59433
25.33 687.264 -4.5797
25.34 687.218 -4.56508
25.35 687.173 -4.55047
25.36 687.127 -4.53585
25.37 687.082 -4.52124
25.38 687.037 -4.50664
25.39 686.992 -4.49203
25.4 686.947 -4.47743
25.41 686.903 -4.46283
25.42 686.858 -4.44824
25.43 686.814 -4.43364
25.44 686.77 -4.41905
25.45 686.726 -4.40447
25.46 686.682 -4.38988
25.47 686.638 -4.3753
25.48 686.595 -4.36072
25.49 686.551 -4.34615
25.5 686.508 -4.33158
25.51 686.465 -4.31701
25.52 686.422 -4.30244
25.53 686.379 -4.28788
25.54 686.336 -4.27332
25.55 686.293 -4.25876
25.56 686.251 -4.24421
25.57 686.209 -4.22966
25.58 686.166 -4.21511
25.59 686.124 -4.20056
25.6 686.083 -4.18602
25.61 686.041 -4.17148
25.62 685.999 -4.15694
25.63 685.958 -4.14241
25.64 685.917 -4.12788
25.65 685.875 -4.11335
25.66 685.834 -4.09883
25.67 685.794 -4.0843
25.68 685.753 -4.06978
25.69 685.712 -4.05527
25.7 685.672 -4.04075
25.71 685.632 -4.02624
25.72 685.592 -4.01174
25.73 685.552 -3.99723
25.74 685.512 -3.98273
25.75 685.472 -3.96823
25.76 685.433 -3.95373
25.77 685.393 -3.93924
25.78 685.354 -3.92475
25.79 685.315 -3.91026
25.8 685.276 -3.89577
25.81 685.237 -3.88129
25.82 685.198 -3.86681
25.83 685.16 -3.85233
25.84 685.122 -3.83786
25.85 685.083 -3.82339
25.86 685.045 -3.80892
25.87 685.007 -3.79445
25.88 684.969 -3.77999
25.89 684.932 -3.76553
25.9 684.894 -3.75107
25.91 684.857 -3.73662
25.92 684.82 -3.72216
25.93 684.783 -3.70771
25.94 684.746 -3.69327
25.95 684.709 -3.67882
25.96 684.672 -3.66438
25.97 684.636 -3.64994
25.98 684.599 -3.63551
25.99 684.563 -3.62107
26 684.527 -3.60664
26.01 684.491 -3.59222
26.02 684.455 -3.57779
26.03 684.42 -3.56337
26.04 684.384 -3.54895
26.05 684.349 -3.53453
26.06 684.314 -3.52012
26.07 684.279 -3.50571
26.08 684.244 -3.4913
26.09 684.209 -3.47689
26.1 684.174 -3.46249
26.11 684.14 -3.44809
26.12 684.106 -3.43369
26.13 684.071 -3.41929
26.14 684.037 -3.4049
26.15 684.003 -3.39051
26.16 683.97 -3.37612
26.17 683.936 -3.36174
26.18 683.903 -3.34736
26.19 683.869 -3.33298
26.2 683.836 -3.3186
26.21 683.803 -3.30422
26.22 683.77 -3.28985
26.23 683.737 -3.27548
26.24 683.705 -3.26112
26.25 683.672 -3.24675
26.26 683.64 -3.23239
26.27 683.608 -3.21803
26.28 683.576 -3.20368
26.29 683.544 -3.18932
26.3 683.512 -3.17497
26.31 683.48 -3.16062
26.32 683.449 -3.14628
26.33 683.418 -3.13193
26.34 683.387 -3.11759
26.35 683.355 -3.10325
26.36 683.325 -3.08892
26.37 683.294 -3.07458
26.38 683.263 -3.06025
26.39 683.233 -3.04592
26.4 683.202 -3.0316
26.41 683.172 -3.01727
26.42 683.142 -3.00295
26.43 683.112 -2.98864
26.44 683.083 -2.97432
26.45 683.053 -2.96001
26.46 683.024 -2.9457
26.47 682.994 -2.93139
26.48 682.965 -2.91708
26.49 682.936 -2.90278
26.5 682.907 -2.88848
26.51 682.878 -2.87418
26.52 682.85 -2.85988
26.53 682.821 -2.84559
26.54 682.793 -2.8313
26.55 682.765 -2.81701
26.56 682.737 -2.80272
26.57 682.709 -2.78844
26.58 682.681 -2.77416
26.59 682.654 -2.75988
26.6 682.626 -2.7456
26.61 682.599 -2.73133
26.62 682.572 -2.71706
26.63 682.545 -2.70279
26.64 682.518 -2.68852
26.65 682.491 -2.67426
26.66 682.464 -2.65999
26.67 682.438 -2.64573
26.68 682.412 -2.63148
26.69 682.386 -2.61722
26.7 682.359 -2.60297
26.71 682.334 -2.58872
26.72 682.308 -2.57447
26.73 682.282 -2.56022
26.74 682.257 -2.54598
26.75 682.231 -2.53174
26.76 682.206 -2.5175
26.77 682.181 -2.50327
26.78 682.156 -2.48903
26.79 682.132 -2.4748
26.8 682.107 -2.46057
26.81 682.083 -2.44634
26.82 682.058 -2.43212
26.83 682.034 -2.4179
26.84 682.01 -2.40368
26.85 681.986 -2.38946
26.86 681.962 -2.37524
26.87 681.939 -2.36103
26.88 681.915 -2.34682
26.89 681.892 -2.33261
26.9 681.869 -2.3184
26.91 681.846 -2.3042
26.92 681.823 -2.29
26.93 681.8 -2.2758
26.94 681.777 -2.2616
26.95 681.755 -2.24741
26.96 681.733 -2.23321
26.97 681.71 -2.21902
26.98 681.688 -2.20483
26.99 681.667 -2.19065
27 681.645 -2.17646
27.01 681.623 -2.16228
27.02 681.602 -2.1481
27.03 681.58 -2.13393
27.04 681.559 -2.11975
27.05 681.538 -2.10558
27.06 681.517 -2.09141
27.07 681.496 -2.07724
27.08 681.476 -2.06307
27.09 681.455 -2.04891
27.1 681.435 -2.03475
27.11 681.415 -2.02059
27.12 681.395 -2.00643
27.13 681.375 -1.99227
27.14 681.355 -1.97812
27.15 681.335 -1.96397
27.16 681.316 -1.94982
27.17 681.296 -1.93567
27.18 681.277 -1.92153
27.19 681.258 -1.90738
27.2 681.239 -1.89324
27.21 681.22 -1.8791
27.22 681.202 -1.86497
27.23 681.183 -1.85083
27.24 681.165 -1.8367
27.25 681.147 -1.82257
27.26 681.129 -1.80844
27.27 681.111 -1.79432
27.28 681.093 -1.78019
27.29 681.075 -1.76607
27.3 681.058 -1.75195
27.31 681.04 -1.73783
27.32 681.023 -1.72372
27.33 681.006 -1.70961
27.34 680.989 -1.69549
27.35 680.972 -1.68138
27.36 680.956 -1.66728
27.37 680.939 -1.65317
27.38 680.923 -1.63907
27.39 680.906 -1.62497
27.4 680.89 -1.61087
27.41 680.874 -1.59677
27.42 680.858 -1.58267
27.43 680.843 -1.56858
27.44 680.827 -1.55449
27.45 680.812 -1.5404
27.46 680.797 -1.52631
27.47 680.781 -1.51223
27.48 680.766 -1.49814
27.49 680.752 -1.48406
27.5 680.737 -1.46998
27.51 680.722 -1.45591
27.52 680.708 -1.44183
27.53 680.694 -1.42776
27.54 680.68 -1.41368
27.55 680.666 -1.39961
27.56 680.652 -1.38555
27.57 680.638 -1.37148
27.58 680.624 -1.35742
27.59 680.611 -1.34335
27.6 680.598 -1.32929
27.61 680.584 -1.31524
27.62 680.571 -1.30118
27.63 680.559 -1.28713
27.64 680.546 -1.27307
27.65 680.533 -1.25902
27.66 680.521 -1.24497
27.67 680.509 -1.23093
27.68 680.496 -1.21688
27.69 680.484 -1.20284
27.7 680.472 -1.1888
27.71 680.461 -1.17476
27.72 680.449 -1.16072
27.73 680.438 -1.14668
27.74 680.426 -1.13265
27.75 680.415 -1.11862
27.76 680.404 -1.10459
27.77 680.393 -1.09056
27.78 680.382 -1.07653
27.79 680.372 -1.06251
27.8 680.361 -1.04849
27.81 680.351 -1.03446
27.82 680.341 -1.02044
27.83 680.331 -1.00643
27.84 680.321 -0.992411
27.85 680.311 -0.978397
27.86 680.301 -0.964385
27.87 680.292 -0.950374
27.88 680.282 -0.936366
27.89 680.273 -0.922359
27.9 680.264 -0.908353
27.91 680.255 -0.89435
27.92 680.246 -0.880348
27.93 680.238 -0.866348
27.94 680.229 -0.85235
27.95 680.221 -0.838354
27.96 680.213 -0.824359
27.97 680.204 -0.810366
27.98 680.197 -0.796375
27.99 680.189 -0.782385
28 680.181 -0.768397
28.01 680.173 -0.754411
28.02 680.166 -0.740426
28.03 680.159 -0.726443
28.04 680.152 -0.712462
28.05 680.145 -0.698483
28.06 680.138 -0.684505
28.07 680.131 -0.670529
28.08 680.125 -0.656554
28.09 680.118 -0.642582
28.1 680.112 -0.628611
28.11 680.106 -0.614641
28.12 680.1 -0.600673
28.13 680.094 -0.586707
28.14 680.088 -0.572742
28.15 680.083 -0.558779
28.16 680.077 -0.544818
28.17 680.072 -0.530858
28.18 680.067 -0.5169
28.19 680.062 -0.502944
28.2 680.057 -0.488989
28.21 680.052 -0.475036
28.22 680.047 -0.461084
28.23 680.043 -0.447134
28.24 680.039 -0.433185
28.25 680.034 -0.419238
28.26 680.03 -0.405293
28.27 680.026 -0.391349
28.28 680.023 -0.377407
28.29 680.019 -0.363466
28.3 680.015 -0.349527
28.31 680.012 -0.335589
28.32 680.009 -0.321653
28.33 680.006 -0.307718
28.34 680.003 -0.293785
28.35 680 -0.279854
28.36 679.997 -0.265924
28.37 679.995 -0.251995
28.38 679.993 -0.238068
28.39 679.99 -0.224143
28.4 679.988 -0.210219
28.41 679.986 -0.196297
28.42 679.984 -0.182376
28.43 679.983 -0.168456
28.44 679.981 -0.154538
28.45 679.98 -0.140621
28.46 679.978 -0.126706
28.47 679.977 -0.112793
28.48 679.976 -0.0988804
28.49 679.976 -0.0849696
28.5 679.975 -0.0710603
28.51 679.974 -0.0571525
28.52 679.974 -0.043246
28.53 679.973 -0.029341
28.54 679.973 -0.0154374
28.55 679.973 -0.00153519
28.56 679.973 0.0123656
28.57 679.974 0.026265
28.58 679.974 0.0401629
28.59 679.975 0.0540595
28.6 679.975 0.0679547
28.61 679.976 0.0818484
28.62 679.977 0.0957408
28.63 679.978 0.109632
28.64 679.979 0.123521
28.65 679.981 0.13741
28.66 679.982 0.151297
28.67 679.984 0.165182
28.68 679.986 0.179066
28.69 679.988 0.192949
28.7 679.99 0.206831
28.71 679.992 0.220711
28.72 679.994 0.23459
28.73 679.997 0.248467
28.74 679.999 0.262343
28.75 680.002 0.276218
28.76 680.005 0.290091
28.77 680.008 0.303964
28.78 680.011 0.317834
28.79 680.015 0.331704
28.8 680.018 0.345572
28.81 680.022 0.359439
28.82 680.025 0.373305
28.83 680.029 0.387169
28.84 680.033 0.401032
28.85 680.037 0.414894
28.86 680.042 0.428754
28.87 680.046 0.442613
28.88 680.051 0.456471
28.89 680.055 0.470328
28.9 680.06 0.484183
28.91 680.065 0.498037
28.92 680.07 0.51189
28.93 680.076 0.525742
28.94 680.081 0.539592
28.95 680.087 0.553441
28.96 680.092 0.567289
28.97 680.098 0.581136
28.98 680.104 0.594981
28.99 680.11 0.608826
29 680.116 0.622669
29.01 680.123 0.63651
29.02 680.129 0.650351
29.03 680.136 0.66419
29.04 680.143 0.678028
29.05 680.15 0.691865
29.06 680.157 0.705701
29.07 680.164 0.719536
29.08 680.171 0.733369
29.09 680.179 0.747201
29.1 680.186 0.761032
29.11 680.194 0.774862
29.12 680.202 0.788691
29.13 680.21 0.802519
29.14 680.218 0.816345
29.15 680.226 0.83017
29.16 680.235 0.843994
29.17 680.243 0.857817
29.18 680.252 0.871639
29.19 680.261 0.88546
29.2 680.27 0.899279
29.21 680.279 0.913097
29.22 680.288 0.926915
29.23 680.298 0.940731
29.24 680.307 0.954546
29.25 680.317 0.96836
29.26 680.327 0.982173
29.27 680.337 0.995984
29.28 680.347 1.0098
29.29 680.357 1.0236
29.3 680.367 1.03741
29.31 680.378 1.05122
29.32 680.389 1.06503
29.33 680.399 1.07883
29.34 680.41 1.09264
29.35 680.421 1.10644
29.36 680.433 1.12024
29.37 680.444 1.13404
29.38 680.455 1.14784
29.39 680.467 1.16164
29.4 680.479 1.17544
29.41 680.491 1.18924
29.42 680.503 1.20303
29.43 680.515 1.21683
29.44 680.527 1.23062
29.45 680.54 1.24441
29.46 680.552 1.2582
29.47 680.565 1.27199
29.48 680.578 1.28578
29.49 680.591 1.29957
29.5 680.604 1.31336
29.51 680.617 1.32715
29.52 680.631 1.34093
29.53 680.644 1.35472
29.54 680.658 1.3685
29.55 680.672 1.38228
29.56 680.686 1.39607
29.57 680.7 1.40985
29.58 680.714 1.42363
29.59 680.728 1.4374
29.6 680.743 1.45118
29.61 680.757 1.46496
29.62 680.772 1.47874
29.63 680.787 1.49251
29.64 680.802 1.50628
29.65 680.817 1.52006
29.66 680.833 1.53383
29.67 680.848 1.5476
29.68 680.864 1.56137
29.69 680.88 1.57514
29.7 680.895 1.58891
29.71 680.912 1.60268
29.72 680.928 1.61644
29.73 680.944 1.63021
29.74 680.96 1.64398
29.75 680.977 1.65774
29.76 680.994 1.6715
29.77 681.011 1.68527
29.78 681.028 1.69903
29.79 681.045 1.71279
29.8 681.062 1.72655
29.81 681.079 1.74031
29.82 681.097 1.75406
29.83 681.115 1.76782
29.84 681.132 1.78158
29.85 681.15 1.79533
29.86 681.168 1.80909
29.87 681.187 1.82284
29.88 681.205 1.83659
29.89 681.224 1.85035
29.9 681.242 1.8641
29.91 681.261 1.87785
29.92 681.28 1.8916
29.93 681.299 1.90535
29.94 681.318 1.91909
29.95 681.337 1.93284
29.96 681.357 1.94659
29.97 681.377 1.96033
29.98 681.396 1.97408
29.99 681.416 1.98782
30 681.436 2.00157
30.01 681.456 2.01531
30.02 681.477 2.02905
30.03 681.497 2.04279
30.04 681.518 2.05653
30.05 681.538 2.07027
30.06 681.559 2.08401
30.07 681.58 2.09775
30.08 681.601 2.11149
30.09 681.622 2.12522
30.1 681.644 2.13896
30.11 681.665 2.15269
30.12 681.687 2.16643
30.13 681.709 2.18016
30.14 681.731 2.19389
30.15 681.753 2.20763
30.16 681.775 2.22136
30.17 681.797 2.23509
30.18 681.82 2.24882
30.19 681.843 2.26255
30.2 681.865 2.27628
30.21 681.888 2.29001
30.22 681.911 2.30373
30.23 681.934 2.31746
30.24 681.958 2.33119
30.25 681.981 2.34491
30.26 682.005 2.35864
30.27 682.028 2.37236
30.28 682.052 2.38608
30.29 682.076 2.39981
30.3 682.1 2.41353
30.31 682.125 2.42725
30.32 682.149 2.44097
30.33 682.174 2.45469
30.34 682.198 2.46841
30.35 682.223 2.48213
30.36 682.248 2.49585
30.37 682.273 2.50957
30.38 682.299 2.52328
30.39 682.324 2.537
30.4 682.349 2.55072
30.41 682.375 2.56443
30.42 682.401 2.57815
30.43 682.427 2.59186
30.44 682.453 2.60557
30.45 682.479 2.61929
30.46 682.505 2.633
30.47 682.532 2.64671
30.48 682.558 2.66042
30.49 682.585 2.67413
30.5 682.612 2.68784
30.51 682.639 2.70155
30.52 682.666 2.71526
30.53 682.693 2.72897
30.54 682.721 2.74268
30.55 682.748 2.75639
30.56 682.776 2.77009
30.57 682.804 2.7838
30.58 682.832 2.79751
30.59 682.86 2.81121
30.6 682.888 2.82492
30.61 682.917 2.83862
30.62 682.945 2.85233
30.63 682.974 2.86603
30.64 683.003 2.87973
30.65 683.032 2.89344
30.66 683.061 2.90714
30.67 683.09 2.92084
30.68 683.119 2.93454
30.69 683.149 2.94824
30.7 683.178 2.96194
30.71 683.208 2.97564
30.72 683.238 2.98934
30.73 683.268 3.00304
30.74 683.298 3.01674
30.75 683.329 3.03044
30.76 683.359 3.04413
30.77 683.39 3.05783
30.78 683.42 3.07153
30.79 683.451 3.08522
30.8 683.482 3.09892
30.81 683.513 3.11261
30.82 683.544 3.12631
30.83 683.576 3.14
30.84 683.607 3.1537
30.85 683.639 3.16739
30.86 683.671 3.18109
30.87 683.703 3.19478
30.88 683.735 3.20847
30.89 683.767 3.22216
30.9 683.8 3.23586
30.91 683.832 3.24955
30.92 683.865 3.26324
30.93 683.897 3.27693
30.94 683.93 3.29062
30.95 683.963 3.30431
30.96 683.997 3.318
30.97 684.03 3.33169
30.98 684.063 3.34538
30.99 684.097 3.35907
31 684.131 3.37276
31.01 684.164 3.38644
31.02 684.198 3.40013
31.03 684.233 3.41382
31.04 684.267 3.42751
31.05 684.301 3.44119
31.06 684.336 3.45488
31.07 684.371 3.46857
31.08 684.405 3.48225
31.09 684.44 3.49594
31.1 684.475 3.50962
31.11 684.511 3.52331
31.12 684.546 3.53699
31.13 684.582 3.55068
31.14 684.617 3.56436
31.15 684.653 3.57805
31.16 684.689 3.59173
31.17 684.725 3.60542
31.18 684.761 3.6191
31.19 684.797 3.63278
31.2 684.834 3.64646
31.21 684.871 3.66015
31.22 684.907 3.67383
31.23 684.944 3.68751
31.24 684.981 3.70119
31.25 685.018 3.71488
31.26 685.056 3.72856
31.27 685.093 3.74224
31.28 685.131 3.75592
31.29 685.168 3.7696
31.3 685.206 3.78328
31.31 685.244 3.79696
31.32 685.282 3.81064
31.33 685.32 3.82432
31.34 685.359 3.838
31.35 685.397 3.85168
31.36 685.436 3.86536
31.37 685.475 3.87904
31.38 685.514 3.89272
31.39 685.553 3.9064
31.4 685.592 3.92008
31.41 685.631 3.93376
31.42 685.671 3.94744
31.43 685.71 3.96112
31.44 685.75 3.9748
31.45 685.79 3.98848
31.46 685.83 4.00215
31.47 685.87 4.01583
31.48 685.91 4.02951
31.49 685.951 4.04319
31.5 685.991 4.05687
31.51 686.032 4.07055
31.52 686.073 4.08422
31.53 686.114 4.0979
31.54 686.155 4.11158
31.55 686.196 4.12526
31.56 686.238 4.13893
31.57 686.279 4.15261
31.58 686.321 4.16629
31.59 686.363 4.17997
31.6 686.405 4.19364
31.61 686.447 4.20732
31.62 686.489 4.221
31.63 686.531 4.23467
31.64 686.574 4.24835
31.65 686.616 4.26203
31.66 686.659 4.27571
31.67 686.702 4.28938
31.68 686.745 4.30306
31.69 686.788 4.31674
31.7 686.832 4.33041
31.71 686.875 4.34409
31.72 686.919 4.35777
31.73 686.962 4.37145
31.74 687.006 4.38512
31.75 687.05 4.3988
31.76 687.094 4.41248
31.77 687.139 4.42615
31.78 687.183 4.43983
31.79 687.227 4.45351
31.8 687.272 4.46719
31.81 687.317 4.48086
31.82 687.362 4.49454
31.83 687.407 4.50822
31.84 687.452 4.52189
31.85 687.498 4.53557
31.86 687.543 4.54907
31.87 687.589 4.56221
31.88 687.634 4.57498
31.89 687.68 4.58739
31.9 687.726 4.59944
31.91 687.772 4.61114
31.92 687.819 4.62249
31.93 687.865 4.63348
31.94 687.911 4.64413
31.95 687.958 4.65444
31.96 688.005 4.66441
31.97 688.051 4.67404
31.98 688.098 4.68334
31.99 688.145 4.6923
32 688.192 4.70094
32.01 688.239 4.70925
32.02 688.286 4.71724
32.03 688.334 4.72491
32.04 688.381 4.73226
32.05 688.428 4.73929
32.06 688.476 4.74602
32.07 688.523 4.75243
32.08 688.571 4.75854
32.09 688.619 4.76435
32.1 688.666 4.76985
32.11 688.714 4.77506
32.12 688.762 4.77997
32.13 688.81 4.78459
32.14 688.858 4.78892
32.15 688.905 4.79297
32.16 688.953 4.79672
32.17 689.001 4.8002
32.18 689.049 4.8034
32.19 689.097 4.80632
32.2 689.146 4.80896
32.21 689.194 4.81134
32.22 689.242 4.81345
32.23 689.29 4.81529
32.24 689.338 4.81686
32.25 689.386 4.81818
32.26 689.435 4.81924
32.27 689.483 4.82004
32.28 689.531 4.82059
32.29 689.579 4.82088
32.3 689.627 4.82093
32.31 689.676 4.82074
32.32 689.724 4.82029
32.33 689.772 4.81961
32.34 689.82 4.81869
32.35 689.868 4.81754
32.36 689.916 4.81615
32.37 689.965 4.81452
32.38 690.013 4.81267
32.39 690.061 4.8106
32.4 690.109 4.8083
32.41 690.157 4.80577
32.42 690.205 4.80303
32.43 690.253 4.80007
32.44 690.301 4.7969
32.45 690.349 4.79351
32.46 690.397 4.78992
32.47 690.445 4.78611
32.48 690.493 4.7821
32.49 690.54 4.77789
32.5 690.588 4.77347
32.51 690.636 4.76886
32.52 690.683 4.76405
32.53 690.731 4.75905
32.54 690.778 4.75385
32.55 690.826 4.74846
32.56 690.873 4.74289
32.57 690.921 4.73713
32.58 690.968 4.73119
32.59 691.015 4.72506
32.6 691.063 4.71876
32.61 691.11 4.71228
32.62 691.157 4.70562
32.63 691.204 4.69879
32.64 691.251 4.69179
32.65 691.297 4.68462
32.66 691.344 4.67729
32.67 691.391 4.66979
32.68 691.438 4.66213
32.69 691.484 4.6543
32.7 691.531 4.64632
32.71 691.577 4.63818
32.72 691.623 4.62989
32.73 691.669 4.62144
32.74 691.716 4.61285
32.75 691.762 4.6041
32.76 691.808 4.59521
32.77 691.853 4.58617
32.78 691.899 4.57699
32.79 691.945 4.56767
32.8 691.99 4.55821
32.81 692.036 4.54861
32.82 692.081 4.53888
32.83 692.127 4.52901
32.84 692.172 4.51902
32.85 692.217 4.50889
32.86 692.262 4.49863
32.87 692.307 4.48825
32.88 692.352 4.47774
32.89 692.396 4.46711
32.9 692.441 4.45636
32.91 692.485 4.44549
32.92 692.53 4.4345
32.93 692.574 4.4234
32.94 692.618 4.41218
32.95 692.662 4.40085
32.96 692.706 4.38941
32.97 692.75 4.37787
32.98 692.793 4.36621
32.99 692.837 4.35445
33 692.88 4.34258
33.01 692.924 4.33062
33.02 692.967 4.31855
33.03 693.01 4.30638
33.04 693.053 4.29412
33.05 693.096 4.28176
33.06 693.138 4.2693
33.07 693.181 4.25676
33.08 693.223 4.24412
33.09 693.266 4.23139
33.1 693.308 4.21858
33.11 693.35 4.20568
33.12 693.392 4.19269
33.13 693.434 4.17962
33.14 693.475 4.16647
33.15 693.517 4.15324
33.16 693.558 4.13993
33.17 693.599 4.12654
33.18 693.641 4.11308
33.19 693.682 4.09954
33.2 693.722 4.08593
33.21 693.763 4.07225
33.22 693.804 4.05849
33.23 693.844 4.04467
33.24 693.884 4.03078
33.25 693.925 4.01683
33.26 693.965 4.00281
33.27 694.005 3.98873
33.28 694.044 3.97458
33.29 694.084 3.96038
33.3 694.123 3.94611
33.31 694.163 3.93179
33.32 694.202 3.91741
33.33 694.241 3.90298
33.34 694.28 3.88849
33.35 694.319 3.87395
33.36 694.357 3.85936
33.37 694.396 3.84472
33.38 694.434 3.83002
33.39 694.472 3.81529
33.4 694.51 3.8005
33.41 694.548 3.78567
33.42 694.586 3.7708
33.43 694.623 3.75588
33.44 694.661 3.74092
33.45 694.698 3.72592
33.46 694.735 3.71088
33.47 694.772 3.69581
33.48 694.809 3.68069
33.49 694.845 3.66554
33.5 694.882 3.65036
33.51 694.918 3.63514
33.52 694.954 3.61989
33.53 694.99 3.60461
33.54 695.026 3.5893
33.55 695.062 3.57396
33.56 695.098 3.55859
33.57 695.133 3.5432
33.58 695.168 3.52778
33.59 695.203 3.51233
33.6 695.238 3.49686
33.61 695.273 3.48137
33.62 695.308 3.46585
33.63 695.342 3.45032
33.64 695.377 3.43476
33.65 695.411 3.41919
33.66 695.445 3.4036
33.67 695.479 3.38799
33.68 695.513 3.37236
33.69 695.546 3.35672
33.7 695.58 3.34107
33.71 695.613 3.3254
33.72 695.646 3.30973
33.73 695.679 3.29404
33.74 695.712 3.27834
33.75 695.744 3.26263
33.76 695.777 3.24691
33.77 695.809 3.23119
33.78 695.841 3.21546
33.79 695.873 3.19972
33.8 695.905 3.18398
33.81 695.937 3.16823
33.82 695.968 3.15248
33.83 696 3.13673
33.84 696.031 3.12098
33.85 696.062 3.10522
33.86 696.093 3.08947
33.87 696.124 3.07372
33.88 696.154 3.05797
33.89 696.185 3.04222
33.9 696.215 3.02647
33.91 696.245 3.01073
33.92 696.275 2.995
33.93 696.305 2.97927
33.94 696.334 2.96354
33.95 696.364 2.94783
33.96 696.393 2.93212
33.97 696.422 2.91642
33.98 696.451 2.90072
33.99 696.48 2.88504
34 696.509 2.86937
34.01 696.537 2.85371
34.02 696.566 2.83806
34.03 696.594 2.82243
34.04 696.622 2.80681
34.05 696.65 2.7912
34.06 696.678 2.77561
34.07 696.705 2.76003
34.08 696.733 2.74447
34.09 696.76 2.72893
34.1 696.787 2.7134
34.11 696.814 2.69789
34.12 696.841 2.6824
34.13 696.868 2.66693
34.14 696.894 2.65148
34.15 696.92 2.63605
34.16 696.947 2.62064
34.17 696.973 2.60525
34.18 696.999 2.58988
34.19 697.024 2.57454
34.2 697.05 2.55922
34.21 697.075 2.54392
34.22 697.101 2.52865
34.23 697.126 2.5134
34.24 697.151 2.49818
34.25 697.176 2.48298
34.26 697.2 2.46782
34.27 697.225 2.45267
34.28 697.249 2.43756
34.29 697.273 2.42247
34.3 697.298 2.40741
34.31 697.321 2.39238
34.32 697.345 2.37738
34.33 697.369 2.36241
34.34 697.392 2.34747
34.35 697.416 2.33256
34.36 697.439 2.31768
34.37 697.462 2.30284
34.38 697.485 2.28802
34.39 697.507 2.27324
34.4 697.53 2.25849
34.41 697.552 2.24378
34.42 697.575 2.2291
34.43 697.597 2.21445
34.44 697.619 2.19984
34.45 697.641 2.18526
34.46 697.662 2.17072
34.47 697.684 2.15622
34.48 697.705 2.14175
34.49 697.727 2.12732
34.5 697.748 2.11292
34.51 697.769 2.09857
34.52 697.79 2.08425
34.53 697.81 2.06996
34.54 697.831 2.05572
34.55 697.851 2.04152
34.56 697.872 2.02735
34.57 697.892 2.01323
34.58 697.912 1.99914
34.59 697.932 1.9851
34.6 697.951 1.97109
34.61 697.971 1.95713
34.62 697.99 1.9432
34.63 698.01 1.92932
34.64 698.029 1.91548
34.65 698.048 1.90169
34.66 698.067 1.88793
34.67 698.085 1.87422
34.68 698.104 1.86055
34.69 698.122 1.84692
34.7 698.141 1.83334
34.71 698.159 1.8198
34.72 698.177 1.8063
34.73 698.195 1.79285
34.74 698.213 1.77944
34.75 698.23 1.76608
34.76 698.248 1.75276
34.77 698.265 1.73949
34.78 698.283 1.72626
34.79 698.3 1.71308
34.8 698.317 1.69995
34.81 698.334 1.68686
34.82 698.35 1.67382
34.83 698.367 1.66082
34.84 698.383 1.64787
34.85 698.4 1.63497
34.86 698.416 1.62211
34.87 698.432 1.6093
34.88 698.448 1.59654
34.89 698.464 1.58383
34.9 698.48 1.57116
34.91 698.495 1.55854
34.92 698.511 1.54597
34.93 698.526 1.53345
34.94 698.541 1.52098
34.95 698.556 1.50856
34.96 698.571 1.49618
34.97 698.586 1.48385
34.98 698.601 1.47158
34.99 698.615 1.45935
35 698.63 1.44717
35.01 698.644 1.43504
35.02 698.658 1.42296
35.03 698.673 1.41093
35.04 698.687 1.39895
35.05 698.7 1.38702
35.06 698.714 1.37514
35.07 698.728 1.36331
35.08 698.741 1.35153
35.09 698.755 1.3398
35.1 698.768 1.32813
35.11 698.781 1.3165
35.12 698.794 1.30492
35.13 698.807 1.29339
35.14 698.82 1.28192
35.15 698.833 1.27049
35.16 698.845 1.25912
35.17 698.858 1.2478
35.18 698.87 1.23653
35.19 698.882 1.22531
35.2 698.895 1.21414
35.21 698.907 1.20302
35.22 698.918 1.19196
35.23 698.93 1.18094
35.24 698.942 1.16998
35.25 698.954 1.15907
35.26 698.965 1.14821
35.27 698.976 1.1374
35.28 698.988 1.12664
35.29 698.999 1.11594
35.3 699.01 1.10529
35.31 699.021 1.09469
35.32 699.032 1.08414
35.33 699.042 1.07364
35.34 699.053 1.0632
35.35 699.064 1.0528
35.36 699.074 1.04246
35.37 699.084 1.03217
35.38 699.095 1.02194
35.39 699.105 1.01175
35.4 699.115 1.00162
35.41 699.125 0.991536
35.42 699.134 0.981507
35.43 699.144 0.971529
35.44 699.154 0.961604
35.45 699.163 0.95173
35.46 699.173 0.941909
35.47 699.182 0.932139
35.48 699.191 0.922422
35.49 699.2 0.912756
35.5 699.209 0.903142
35.51 699.218 0.89358
35.52 699.227 0.88407
35.53 699.236 0.874612
35.54 699.245 0.865205
35.55 699.253 0.855851
35.56 699.262 0.846548
35.57 699.27 0.837296
35.58 699.278 0.828096
35.59 699.286 0.818948
35.6 699.295 0.809852
35.61 699.303 0.800806
35.62 699.31 0.791813
35.63 699.318 0.78287
35.64 699.326 0.77398
35.65 699.334 0.76514
35.66 699.341 0.756352
35.67 699.349 0.747614
35.68 699.356 0.738928
35.69 699.363 0.730293
35.7 699.371 0.721709
35.71 699.378 0.713176
35.72 699.385 0.704694
35.73 699.392 0.696262
35.74 699.399 0.687882
35.75 699.405 0.679551
35.76 699.412 0.671272
35.77 699.419 0.663043
35.78 699.425 0.654864
35.79 699.432 0.646736
35.8 699.438 0.638658
35.81 699.445 0.63063
35.82 699.451 0.622652
35.83 699.457 0.614724
35.84 699.463 0.606846
35.85 699.469 0.599018
35.86 699.475 0.591239
35.87 699.481 0.583511
35.88 699.486 0.575831
35.89 699.492 0.568201
35.9 699.498 0.560621
35.91 699.503 0.553089
35.92 699.509 0.545607
35.93 699.514 0.538174
35.94 699.519 0.530789
35.95 699.525 0.523454
35.96 699.53 0.516167
35.97 699.535 0.508928
35.98 699.54 0.501739
35.99 699.545 0.494597
36 699.55 0.487504
36.01 699.555 0.480459
36.02 699.559 0.473462
36.03 699.564 0.466512
36.04 699.569 0.459611
36.05 699.573 0.452757
36.06 699.578 0.445951
36.07 699.582 0.439192
36.08 699.586 0.432481
36.09 699.591 0.425816
36.1 699.595 0.419199
36.11 699.599 0.412628
36.12 699.603 0.406105
36.13 699.607 0.399628
36.14 699.611 0.393197
36.15 699.615 0.386813
36.16 699.618 0.380475
36.17 699.622 0.374183
36.18 699.626 0.367938
36.19 699.63 0.361738
36.2 699.633 0.355583
36.21 699.637 0.349475
36.22 699.64 0.343412
36.23 699.643 0.337394
36.24 699.647 0.331421
36.25 699.65 0.325493
36.26 699.653 0.31961
36.27 699.656 0.313772
36.28 699.659 0.307978
36.29 699.662 0.302229
36.3 699.665 0.296524
36.31 699.668 0.290864
36.32 699.671 0.285247
36.33 699.674 0.279674
36.34 699.677 0.274145
36.35 699.679 0.268659
36.36 699.682 0.263217
36.37 699.685 0.257818
36.38 699.687 0.252462
36.39 699.69 0.247149
36.4 699.692 0.241879
36.41 699.694 0.236652
36.42 699.697 0.231467
36.43 699.699 0.226324
36.44 699.701 0.221224
36.45 699.703 0.216165
36.46 699.705 0.211149
36.47 699.707 0.206174
36.48 699.709 0.20124
36.49 699.711 0.196348
36.5 699.713 0.191497
36.51 699.715 0.186688
36.52 699.717 0.181919
36.53 699.719 0.177191
36.54 699.721 0.172503
36.55 699.722 0.167856
36.56 699.724 0.163249
36.57 699.725 0.158683
36.58 699.727 0.154156
36.59 699.728 0.149669
36.6 699.73 0.145222
36.61 699.731 0.140814
36.62 699.733 0.136445
36.63 699.734 0.132116
36.64 699.735 0.127825
36.65 699.737 0.123573
36.66 699.738 0.11936
36.67 699.739 0.115185
36.68 699.74 0.111049
36.69 699.741 0.106951
36.7 699.742 0.10289
36.71 699.743 0.0988678
36.72 699.744 0.0948828
36.73 699.745 0.0909353
36.74 699.746 0.0870251
36.75 699.747 0.083152
36.76 699.747 0.0793159
36.77 699.748 0.0755165
36.78 699.749 0.0717537
36.79 699.75 0.0680274
36.8 699.75 0.0643373
36.81 699.751 0.0606833
36.82 699.751 0.0570653
36.83 699.752 0.053483
36.84 699.752 0.0499364
36.85 699.753 0.0464251
36.86 699.753 0.0429491
36.87 699.754 0.0395081
36.88 699.754 0.0361021
36.89 699.754 0.0327308
36.9 699.755 0.0293941
36.91 699.755 0.0260918
36.92 699.755 0.0228237
36.93 699.755 0.0195897
36.94 699.756 0.0163896
36.95 699.756 0.0132232
36.96 699.756 0.0100903
36.97 699.756 0.00699083
36.98 699.756 0.00392455
36.99 699.756 0.000891276
37 699.756 -0.00210912
37.01 699.756 -0.00507683
37.02 699.756 -0.00801198
37.03 699.756 -0.0109148
37.04 699.755 -0.0137855
37.05 699.755 -0.0166241
37.06 699.755 -0.0194309
37.07 699.755 -0.022206
37.08 699.755 -0.0249496
37.09 699.754 -0.0276619
37.1 699.754 -0.030343
37.11 699.754 -0.0329932
37.12 699.753 -0.0356125
37.13 699.753 -0.0382011
37.14 699.753 -0.0407593
37.15 699.752 -0.0432872
37.16 699.752 -0.0457849
37.17 699.751 -0.0482527
37.18 699.751 -0.0506907
37.19 699.75 -0.053099
37.2 699.75 -0.0554778
37.21 699.749 -0.0578274
37.22 699.748 -0.0601478
37.23 699.748 -0.0624393
37.24 699.747 -0.0647019
37.25 699.747 -0.0669359
37.26 699.746 -0.0691415
37.27 699.745 -0.0713188
37.28 699.744 -0.0734679
37.29 699.744 -0.0755891
37.3 699.743 -0.0776825
37.31 699.742 -0.0797483
37.32 699.741 -0.0817866
37.33 699.74 -0.0837976
37.34 699.74 -0.0857815
37.35 699.739 -0.0877385
37.36 699.738 -0.0896686
37.37 699.737 -0.0915721
37.38 699.736 -0.0934491
37.39 699.735 -0.0952998
37.4 699.734 -0.0971244
37.41 699.733 -0.098923
37.42 699.732 -0.100696
37.43 699.731 -0.102443
37.44 699.73 -0.104165
37.45 699.729 -0.105861
37.46 699.728 -0.107532
37.47 699.727 -0.109178
37.48 699.726 -0.1108
37.49 699.724 -0.112396
37.5 699.723 -0.113968
37.51 699.722 -0.115516
37.52 699.721 -0.11704
37.53 699.72 -0.118539
37.54 699.719 -0.120015
37.55 699.717 -0.121467
37.56 699.716 -0.122895
37.57 699.715 -0.1243
37.58 699.714 -0.125682
37.59 699.712 -0.127041
37.6 699.711 -0.128376
37.61 699.71 -0.129689
37.62 699.709 -0.13098
37.63 699.707 -0.132247
37.64 699.706 -0.133493
37.65 699.705 -0.134716
37.66 699.703 -0.135918
37.67 699.702 -0.137097
37.68 699.7 -0.138255
37.69 699.699 -0.139392
37.7 699.698 -0.140506
37.71 699.696 -0.1416
37.72 699.695 -0.142673
37.73 699.693 -0.143724
37.74 699.692 -0.144755
37.75 699.69 -0.145766
37.76 699.689 -0.146756
37.77 699.687 -0.147725
37.78 699.686 -0.148674
37.79 699.684 -0.149604
37.8 699.683 -0.150513
37.81 699.681 -0.151403
37.82 699.68 -0.152273
37.83 699.678 -0.153123
37.84 699.677 -0.153955
37.85 699.675 -0.154767
37.86 699.674 -0.15556
37.87 699.672 -0.156335
37.88 699.671 -0.15709
37.89 699.669 -0.157827
37.9 699.667 -0.158546
37.91 699.666 -0.159246
37.92 699.664 -0.159929
37.93 699.663 -0.160593
37.94 699.661 -0.161239
37.95 699.659 -0.161868
37.96 699.658 -0.162479
37.97 699.656 -0.163073
37.98 699.655 -0.163649
37.99 699.653 -0.164208
38 699.651 -0.164751
38.01 699.65 -0.165276
38.02 699.648 -0.165785
38.03 699.646 -0.166277
38.04 699.645 -0.166752
38.05 699.643 -0.167212
38.06 699.641 -0.167655
38.07 699.64 -0.168082
38.08 699.638 -0.168493
38.09 699.636 -0.168888
38.1 699.635 -0.169268
38.11 699.633 -0.169632
38.12 699.631 -0.16998
38.13 699.629 -0.170314
38.14 699.628 -0.170632
38.15 699.626 -0.170936
38.16 699.624 -0.171224
38.17 699.623 -0.171498
38.18 699.621 -0.171757
38.19 699.619 -0.172002
38.2 699.617 -0.172232
38.21 699.616 -0.172448
38.22 699.614 -0.17265
38.23 699.612 -0.172838
38.24 699.611 -0.173012
38.25 699.609 -0.173173
38.26 699.607 -0.173319
38.27 699.605 -0.173453
38.28 699.604 -0.173573
38.29 699.602 -0.17368
38.3 699.6 -0.173773
38.31 699.598 -0.173854
38.32 699.597 -0.173922
38.33 699.595 -0.173977
38.34 699.593 -0.17402
38.35 699.591 -0.17405
38.36 699.59 -0.174068
38.37 699.588 -0.174073
38.38 699.586 -0.174066
38.39 699.584 -0.174048
38.4 699.583 -0.174017
38.41 699.581 -0.173975
38.42 699.579 -0.17392
38.43 699.577 -0.173855
38.44 699.576 -0.173778
38.45 699.574 -0.173689
38.46 699.572 -0.17359
38.47 699.571 -0.173479
38.48 699.569 -0.173357
38.49 699.567 -0.173224
38.5 699.565 -0.173081
38.51 699.564 -0.172927
38.52 699.562 -0.172763
38.53 699.56 -0.172588
38.54 699.558 -0.172402
38.55 699.557 -0.172207
38.56 699.555 -0.172001
38.57 699.553 -0.171785
38.58 699.552 -0.17156
38.59 699.55 -0.171325
38.6 699.548 -0.17108
38.61 699.546 -0.170825
38.62 699.545 -0.170561
38.63 699.543 -0.170288
38.64 699.541 -0.170005
38.65 699.54 -0.169713
38.66 699.538 -0.169412
38.67 699.536 -0.169102
38.68 699.535 -0.168784
38.69 699.533 -0.168456
38.7 699.531 -0.16812
38.71 699.53 -0.167776
38.72 699.528 -0.167422
38.73 699.526 -0.167061
38.74 699.524 -0.166691
38.75 699.523 -0.166313
38.76 699.521 -0.165928
38.77 699.52 -0.165534
38.78 699.518 -0.165132
38.79 699.516 -0.164722
38.8 699.515 -0.164305
38.81 699.513 -0.16388
38.82 699.511 -0.163448
38.83 699.51 -0.163008
38.84 699.508 -0.162561
38.85 699.506 -0.162107
38.86 699.505 -0.161646
38.87 699.503 -0.161177
38.88 699.502 -0.160702
38.89 699.5 -0.16022
38.9 699.498 -0.159731
38.91 699.497 -0.159236
38.92 699.495 -0.158733
38.93 699.494 -0.158225
38.94 699.492 -0.15771
38.95 699.49 -0.157188
38.96 699.489 -0.156661
38.97 699.487 -0.156127
38.98 699.486 -0.155587
38.99 699.484 -0.155041
39 699.483 -0.154489
39.01 699.481 -0.153932
39.02 699.48 -0.153368
39.03 699.478 -0.1528
39.04 699.477 -0.152225
39.05 699.475 -0.151645
39.06 699.474 -0.15106
39.07 699.472 -0.150469
39.08 699.471 -0.149873
39.09 699.469 -0.149272
39.1 699.468 -0.148666
39.11 699.466 -0.148054
39.12 699.465 -0.147438
39.13 699.463 -0.146817
39.14 699.462 -0.146191
39.15 699.46 -0.145561
39.16 699.459 -0.144926
39.17 699.457 -0.144286
39.18 699.456 -0.143642
39.19 699.454 -0.142993
39.2 699.453 -0.14234
39.21 699.452 -0.141683
39.22 699.45 -0.141022
39.23 699.449 -0.140356
39.24 699.447 -0.139687
39.25 699.446 -0.139013
39.26 699.445 -0.138336
39.27 699.443 -0.137655
39.28 699.442 -0.13697
39.29 699.441 -0.136281
39.3 699.439 -0.135589
39.31 699.438 -0.134893
39.32 699.436 -0.134194
39.33 699.435 -0.133491
39.34 699.434 -0.132785
39.35 699.433 -0.132075
39.36 699.431 -0.131363
39.37 699.43 -0.130647
39.38 699.429 -0.129928
39.39 699.427 -0.129206
39.4 699.426 -0.128481
39.41 699.425 -0.127753
39.42 699.423 -0.127023
39.43 699.422 -0.126289
39.44 699.421 -0.125553
39.45 699.42 -0.124814
39.46 699.418 -0.124073
39.47 699.417 -0.123329
39.48 699.416 -0.122583
39.49 699.415 -0.121834
39.5 699.414 -0.121083
39.51 699.412 -0.120329
39.52 699.411 -0.119574
39.53 699.41 -0.118816
39.54 699.409 -0.118056
39.55 699.408 -0.117294
39.56 699.406 -0.11653
39.57 699.405 -0.115763
39.58 699.404 -0.114996
39.59 699.403 -0.114226
39.6 699.402 -0.113454
39.61 699.401 -0.112681
39.62 699.4 -0.111906
39.63 699.399 -0.111129
39.64 699.397 -0.110351
39.65 699.396 -0.109571
39.66 699.395 -0.10879
39.67 699.394 -0.108007
39.68 699.393 -0.107223
39.69 699.392 -0.106438
39.7 699.391 -0.105651
39.71 699.39 -0.104863
39.72 699.389 -0.104074
39.73 699.388 -0.103284
39.74 699.387 -0.102493
39.75 699.386 -0.1017
39.76 699.385 -0.100907
39.77 699.384 -0.100113
39.78 699.383 -0.0993177
39.79 699.382 -0.0985217
39.8 699.381 -0.097725
39.81 699.38 -0.0969274
39.82 699.379 -0.0961292
39.83 699.378 -0.0953303
39.84 699.377 -0.0945308
39.85 699.376 -0.0937307
39.86 699.375 -0.0929301
39.87 699.374 -0.092129
39.88 699.373 -0.0913274
39.89 699.372 -0.0905255
39.9 699.371 -0.0897232
39.91 699.371 -0.0889205
39.92 699.37 -0.0881176
39.93 699.369 -0.0873144
39.94 699.368 -0.086511
39.95 699.367 -0.0857074
39.96 699.366 -0.0849037
39.97 699.365 -0.0841
39.98 699.365 -0.0832961
39.99 699.364 -0.0824923
40 699.363 -0.0816885
40.01 699.362 -0.0808848
40.02 699.361 -0.0800812
40.03 699.361 -0.0792778
40.04 699.36 -0.0784745
40.05 699.359 -0.0776714
40.06 699.358 -0.0768685
40.07 699.357 -0.076066
40.08 699.357 -0.0752637
40.09 699.356 -0.0744618
40.1 699.355 -0.0736604
40.11 699.355 -0.0728593
40.12 699.354 -0.0720587
40.13 699.353 -0.0712585
40.14 699.352 -0.0704589
40.15 699.352 -0.0696599
40.16 699.351 -0.0688614
40.17 699.35 -0.0680635
40.18 699.35 -0.0672663
40.19 699.349 -0.0664698
40.2 699.348 -0.065674
40.21 699.348 -0.0648789
40.22 699.347 -0.0640846
40.23 699.346 -0.0632911
40.24 699.346 -0.0624984
40.25 699.345 -0.0617066
40.26 699.345 -0.0609157
40.27 699.344 -0.0601257
40.28 699.343 -0.0593366
40.29 699.343 -0.0585485
40.3 699.342 -0.0577614
40.31 699.342 -0.0569753
40.32 699.341 -0.0561903
40.33 699.34 -0.0554064
40.34 699.34 -0.0546235
40.35 699.339 -0.0538418
40.36 699.339 -0.0530613
40.37 699.338 -0.0522819
40.38 699.338 -0.0515037
40.39 699.337 -0.0507268
40.4 699.337 -0.0499511
40.41 699.336 -0.0491767
40.42 699.336 -0.0484036
40.43 699.335 -0.0476318
40.44 699.335 -0.0468614
40.45 699.334 -0.0460923
40.46 699.334 -0.0453246
40.47 699.334 -0.0445583
40.48 699.333 -0.0437935
40.49 699.333 -0.0430302
40.5 699.332 -0.0422683
40.51 699.332 -0.0415079
40.52 699.331 -0.0407491
40.53 699.331 -0.0399918
40.54 699.331 -0.039236
40.55 699.33 -0.0384818
40.56 699.33 -0.0377293
40.57 699.33 -0.0369783
40.58 699.329 -0.036229
40.59 699.329 -0.0354813
40.6 699.328 -0.0347354
40.61 699.328 -0.0339911
40.62 699.328 -0.0332485
40.63 699.327 -0.0325077
40.64 699.327 -0.0317686
40.65 699.327 -0.0310313
40.66 699.327 -0.0302958
40.67 699.326 -0.029562
40.68 699.326 -0.0288301
40.69 699.326 -0.0281001
40.7 699.325 -0.0273718
40.71 699.325 -0.0266454
40.72 699.325 -0.0259209
40.73 699.325 -0.0251983
40.74 699.324 -0.0244777
40.75 699.324 -0.0237589
40.76 699.324 -0.0230421
40.77 699.324 -0.0223272
40.78 699.323 -0.0216143
40.79 699.323 -0.0209034
40.8 699.323 -0.0201945
40.81 699.323 -0.0194876
40.82 699.323 -0.0187827
40.83 699.322 -0.0180798
40.84 699.322 -0.017379
40.85 699.322 -0.0166802
40.86 699.322 -0.0159835
40.87 699.322 -0.015289
40.88 699.322 -0.0145965
40.89 699.322 -0.0139061
40.9 699.321 -0.0132178
40.91 699.321 -0.0125316
40.92 699.321 -0.0118476
40.93 699.321 -0.0111658
40.94 699.321 -0.0104861
40.95 699.321 -0.00980855
40.96 699.321 -0.0091332
40.97 699.321 -0.00846004
40.98 699.321 -0.00778907
40.99 699.321 -0.00712033
41 699.32 -0.00645383
41.01 699.32 -0.00578952
41.02 699.32 -0.00512744
41.03 699.32 -0.00446765
41.04 699.32 -0.00381009
41.05 699.32 -0.00315481
41.06 699.32 -0.00250177
41.07 699.32 -0.001851
41.08 699.32 -0.00120252
41.09 699.32 -0.000556372
41.1 699.32 8.74978e-05
41.11 699.32 0.000729086
41.12 699.32 0.00136835
41.13 699.32 0.00200528
41.14 699.32 0.00263988
41.15 699.32 0.00327216
41.16 699.32 0.0039021
41.17 699.32 0.00452967
41.18 699.32 0.00515492
41.19 699.32 0.00577779
41.2 699.321 0.00639828
41.21 699.321 0.00701644
41.22 699.321 0.00763224
41.23 699.321 0.00824565
41.24 699.321 0.00885664
41.25 699.321 0.00946526
41.26 699.321 0.0100715
41.27 699.321 0.0106753
41.28 699.321 0.0112768
41.29 699.321 0.0118758
41.3 699.322 0.0124725
41.31 699.322 0.0130667
41.32 699.322 0.0136585
41.33 699.322 0.0142479
41.34 699.322 0.0148349
41.35 699.322 0.0154194
41.36 699.322 0.0160015
41.37 699.323 0.0165812
41.38 699.323 0.0171585
41.39 699.323 0.0177333
41.4 699.323 0.0183057
41.41 699.323 0.0188756
41.42 699.323 0.0194431
41.43 699.324 0.0200081
41.44 699.324 0.0205707
41.45 699.324 0.0211309
41.46 699.324 0.0216886
41.47 699.325 0.0222438
41.48 699.325 0.0227966
41.49 699.325 0.023347
41.5 699.325 0.0238949
41.51 699.325 0.0244403
41.52 699.326 0.0249833
41.53 699.326 0.0255239
41.54 699.326 0.0260619
41.55 699.327 0.0265975
41.56 699.327 0.0271307
41.57 699.327 0.0276614
41.58 699.327 0.0281897
41.59 699.328 0.0287155
41.6 699.328 0.0292389
41.61 699.328 0.0297598
41.62 699.329 0.0302782
41.63 699.329 0.0307942
41.64 699.329 0.0313077
41.65 699.329 0.0318188
41.66 699.33 0.0323274
41.67 699.33 0.0328336
41.68 699.33 0.0333373
41.69 699.331 0.0338386
41.7 699.331 0.0343374
41.71 699.331 0.0348338
41.72 699.332 0.0353277
41.73 699.332 0.0358192
41.74 699.333 0.0363083
41.75 699.333 0.0367949
41.76 699.333 0.0372791
41.77 699.334 0.0377609
41.78 699.334 0.0382402
41.79 699.334 0.0387171
41.8 699.335 0.0391916
41.81 699.335 0.0396636
41.82 699.336 0.0401333
41.83 699.336 0.0406004
41.84 699.336 0.0410652
41.85 699.337 0.0415276
41.86 699.337 0.0419876
41.87 699.338 0.0424452
41.88 699.338 0.0429003
41.89 699.339 0.0433531
41.9 699.339 0.0438035
41.91 699.339 0.0442515
41.92 699.34 0.0446971
41.93 699.34 0.0451403
41.94 699.341 0.0455811
41.95 699.341 0.0460195
41.96 699.342 0.0464556
41.97 699.342 0.0468893
41.98 699.343 0.0473206
41.99 699.343 0.0477496
42 699.344 0.0481762
42.01 699.344 0.0486005
42.02 699.345 0.0490224
42.03 699.345 0.0494419
42.04 699.346 0.0498591
42.05 699.346 0.050274
42.06 699.347 0.0506865
42.07 699.347 0.0510967
42.08 699.348 0.0515047
42.09 699.348 0.0519102
42.1 699.349 0.0523135
42.11 699.349 0.0527144
42.12 699.35 0.0531131
42.13 699.35 0.0535095
42.14 699.351 0.0539035
42.15 699.351 0.0542953
42.16 699.352 0.0546847
42.17 699.352 0.0550719
42.18 699.353 0.0554569
42.19 699.354 0.0558396
42.2 699.354 0.05622
42.21 699.355 0.0565981
42.22 699.355 0.0569741
42.23 699.356 0.0573477
42.24 699.356 0.0577191
42.25 699.357 0.0580883
42.26 699.358 0.0584553
42.27 699.358 0.0588201
42.28 699.359 0.0591826
42.29 699.359 0.0595429
42.3 699.36 0.059901
42.31 699.361 0.0602569
42.32 699.361 0.0606106
42.33 699.362 0.0609621
42.34 699.362 0.0613115
42.35 699.363 0.0616587
42.36 699.364 0.0620037
42.37 699.364 0.0623466
42.38 699.365 0.0626873
42.39 699.365 0.0630259
42.4 699.366 0.0633623
42.41 699.367 0.0636966
42.42 699.367 0.0640288
42.43 699.368 0.0643588
42.44 699.369 0.0646867
42.45 699.369 0.0650125
42.46 699.37 0.0653362
42.47 699.371 0.0656579
42.48 699.371 0.0659774
42.49 699.372 0.0662948
42.5 699.373 0.0666102
42.51 699.373 0.0669235
42.52 699.374 0.0672348
42.53 699.375 0.067544
42.54 699.375 0.0678511
42.55 699.376 0.0681562
42.56 699.377 0.0684593
42.57 699.377 0.0687603
42.58 699.378 0.0690593
42.59 699.379 0.0693563
42.6 699.379 0.0696513
42.61 699.38 0.0699443
42.62 699.381 0.0702354
42.63 699.382 0.0705244
42.64 699.382 0.0708114
42.65 699.383 0.0710965
42.66 699.384 0.0713796
42.67 699.384 0.0716608
42.68 699.385 0.07194
42.69 699.386 0.0722173
42.7 699.387 0.0724927
42.71 699.387 0.0727661
42.72 699.388 0.0730376
42.73 699.389 0.0733072
42.74 699.39 0.0735749
42.75 699.39 0.0738407
42.76 699.391 0.0741047
42.77 699.392 0.0743667
42.78 699.392 0.0746269
42.79 699.393 0.0748852
42.8 699.394 0.0751416
42.81 699.395 0.0753962
42.82 699.395 0.075649
42.83 699.396 0.0758999
42.84 699.397 0.0761489
42.85 699.398 0.0763962
42.86 699.399 0.0766417
42.87 699.399 0.0768853
42.88 699.4 0.0771272
42.89 699.401 0.0773672
42.9 699.402 0.0776055
42.91 699.402 0.077842
42.92 699.403 0.0780767
42.93 699.404 0.0783097
42.94 699.405 0.0785409
42.95 699.406 0.0787704
42.96 699.406 0.0789982
42.97 699.407 0.0792242
42.98 699.408 0.0794485
42.99 699.409 0.0796711
43 699.41 0.079892
43.01 699.41 0.0801112
43.02 699.411 0.0803287
43.03 699.412 0.0805445
43.04 699.413 0.0807587
43.05 699.414 0.0809711
43.06 699.414 0.0811819
43.07 699.415 0.0813911
43.08 699.416 0.0815987
43.09 699.417 0.0818045
43.1 699.418 0.0820088
43.11 699.418 0.0822115
43.12 699.419 0.0824125
43.13 699.42 0.0826119
43.14 699.421 0.0828098
43.15 699.422 0.083006
43.16 699.423 0.0832006
43.17 699.423 0.0833937
43.18 699.424 0.0835853
43.19 699.425 0.0837753
43.2 699.426 0.0839637
43.21 699.427 0.0841505
43.22 699.428 0.0843359
43.23 699.428 0.0845197
43.24 699.429 0.084702
43.25 699.43 0.0848828
43.26 699.431 0.0850621
43.27 699.432 0.0852399
43.28 699.433 0.0854162
43.29 699.434 0.085591
43.3 699.434 0.0857643
43.31 699.435 0.0859362
43.32 699.436 0.0861066
43.33 699.437 0.0862756
43.34 699.438 0.0864432
43.35 699.439 0.0866093
43.36 699.44 0.086774
43.37 699.44 0.0869372
43.38 699.441 0.0870991
43.39 699.442 0.0872596
43.4 699.443 0.0874186
43.41 699.444 0.0875763
43.42 699.445 0.0877326
43.43 699.446 0.0878875
43.44 699.447 0.0880411
43.45 699.448 0.0881933
43.46 699.448 0.0883441
43.47 699.449 0.0884936
43.48 699.45 0.0886418
43.49 699.451 0.0887886
43.5 699.452 0.0889341
43.51 699.453 0.0890783
43.52 699.454 0.0892213
43.53 699.455 0.0893629
43.54 699.456 0.0895032
43.55 699.456 0.0896422
43.56 699.457 0.08978
43.57 699.458 0.0899165
43.58 699.459 0.0900517
43.59 699.46 0.0901857
43.6 699.461 0.0903185
43.61 699.462 0.09045
43.62 699.463 0.0905802
43.63 699.464 0.0907093
43.64 699.465 0.0908371
43.65 699.465 0.0909637
43.66 699.466 0.0910892
43.67 699.467 0.0912134
43.68 699.468 0.0913364
43.69 699.469 0.0914583
43.7 699.47 0.091579
43.71 699.471 0.0916985
43.72 699.472 0.0918169
43.73 699.473 0.0919341
43.74 699.474 0.0920502
43.75 699.475 0.0921651
43.76 699.476 0.0922789
43.77 699.476 0.0923916
43.78 699.477 0.0925032
43.79 699.478 0.0926137
43.8 699.479 0.092723
43.81 699.48 0.0928313
43.82 699.481 0.0929385
43.83 699.482 0.0930446
43.84 699.483 0.0931497
43.85 699.484 0.0932537
43.86 699.485 0.0933566
43.87 699.486 0.0934585
43.88 699.487 0.0935593
43.89 699.488 0.0936591
43.9 699.489 0.0937578
43.91 699.489 0.0938556
43.92 699.49 0.0939523
43.93 699.491 0.094048
43.94 699.492 0.0941427
43.95 699.493 0.0942364
43.96 699.494 0.0943291
43.97 699.495 0.0944208
43.98 699.496 0.0945116
43.99 699.497 0.0946014
44 699.498 0.0946902
44.01 699.499 0.094778
44.02 699.5 0.0948649
44.03 699.501 0.0949509
44.04 699.502 0.0950359
44.05 699.503 0.09512
44.06 699.504 0.0952032
44.07 699.505 0.0952854
44.08 699.506 0.0953668
44.09 699.507 0.0954472
44.1 699.508 0.0955267
44.11 699.508 0.0956054
44.12 699.509 0.0956831
44.13 699.51 0.09576
44.14 699.511 0.095836
44.15 699.512 0.0959112
44.16 699.513 0.0959855
44.17 699.514 0.0960589
44.18 699.515 0.0961315
44.19 699.516 0.0962032
44.2 699.517 0.0962742
44.21 699.518 0.0963442
44.22 699.519 0.0964135
44.23 699.52 0.0964819
44.24 699.521 0.0965496
44.25 699.522 0.0966164
44.26 699.523 0.0966824
44.27 699.524 0.0967477
44.28 699.525 0.0968121
44.29 699.526 0.0968758
44.3 699.527 0.0969386
44.31 699.528 0.0970007
44.32 699.529 0.0970621
44.33 699.53 0.0971226
44.34 699.531 0.0971825
44.35 699.532 0.0972416
44.36 699.533 0.0972999
44.37 699.534 0.0973575
44.38 699.535 0.0974144
44.39 699.536 0.0974706
44.4 699.536 0.0975261
44.41 699.537 0.0975808
44.42 699.538 0.0976348
44.43 699.539 0.0976881
44.44 699.54 0.0977408
44.45 699.541 0.0977928
44.46 699.542 0.0978441
44.47 699.543 0.0978946
44.48 699.544 0.0979445
44.49 699.545 0.0979938
44.5 699.546 0.0980424
44.51 699.547 0.0980903
44.52 699.548 0.0981376
44.53 699.549 0.0981843
44.54 699.55 0.0982303
44.55 699.551 0.0982756
44.56 699.552 0.0983204
44.57 699.553 0.0983645
44.58 699.554 0.098408
44.59 699.555 0.0984509
44.6 699.556 0.0984931
44.61 699.557 0.0985348
44.62 699.558 0.0985759
44.63 699.559 0.0986164
44.64 699.56 0.0986563
44.65 699.561 0.0986956
44.66 699.562 0.0987343
44.67 699.563 0.0987724
44.68 699.564 0.09881
44.69 699.565 0.098847
44.7 699.566 0.0988835
44.71 699.567 0.0989194
44.72 699.568 0.0989548
44.73 699.569 0.0989896
44.74 699.57 0.0990239
44.75 699.571 0.0990577
44.76 699.572 0.0990909
44.77 699.573 0.0991235
44.78 699.574 0.0991557
44.79 699.575 0.0991874
44.8 699.576 0.0992185
44.81 699.577 0.0992492
44.82 699.578 0.0992793
44.83 699.579 0.099309
44.84 699.58 0.0993381
44.85 699.581 0.0993668
44.86 699.582 0.099395
44.87 699.583 0.0994227
44.88 699.584 0.0994499
44.89 699.585 0.0994767
44.9 699.586 0.099503
44.91 699.587 0.0995289
44.92 699.588 0.0995542
44.93 699.589 0.0995792
44.94 699.59 0.0996037
44.95 699.591 0.0996277
44.96 699.592 0.0996513
44.97 699.593 0.0996745
44.98 699.594 0.0996973
44.99 699.595 0.0997196
45 699.596 0.0997415
45.01 699.597 0.0997629
45.02 699.598 0.099784
45.03 699.599 0.0998047
45.04 699.6 0.0998249
45.05 699.601 0.0998448
45.06 699.602 0.0998642
45.07 699.603 0.0998833
45.08 699.604 0.0999019
45.09 699.605 0.0999202
45.1 699.606 0.0999382
45.11 699.607 0.0999557
45.12 699.608 0.0999728
45.13 699.609 0.0999896
45.14 699.61 0.100006
45.15 699.611 0.100022
45.16 699.612 0.100038
45.17 699.613 0.100053
45.18 699.614 0.100068
45.19 699.615 0.100083
45.2 699.616 0.100097
45.21 699.617 0.100111
45.22 699.618 0.100125
45.23 699.619 0.100138
45.24 699.62 0.100151
45.25 699.621 0.100164
45.26 699.622 0.100176
45.27 699.623 0.100188
45.28 699.624 0.1002
45.29 699.625 0.100211
45.3 699.626 0.100222
45.31 699.627 0.100233
45.32 699.628 0.100243
45.33 699.629 0.100253
45.34 699.63 0.100263
45.35 699.631 0.100273
45.36 699.632 0.100282
45.37 699.633 0.100291
45.38 699.634 0.1003
45.39 699.635 0.100308
45.4 699.636 0.100316
45.41 699.637 0.100324
45.42 699.638 0.100332
45.43 699.639 0.100339
45.44 699.64 0.100346
45.45 699.641 0.100353
45.46 699.642 0.10036
45.47 699.643 0.100366
45.48 699.644 0.100372
45.49 699.645 0.100378
45.5 699.646 0.100384
45.51 699.647 0.100389
45.52 699.648 0.100394
45.53 699.649 0.100399
45.54 699.65 0.100404
45.55 699.651 0.100408
45.56 699.652 0.100412
45.57 699.653 0.100416
45.58 699.654 0.10042
45.59 699.655 0.100423
45.6 699.656 0.100427
45.61 699.657 0.10043
45.62 699.658 0.100433
45.63 699.659 0.100435
45.64 699.66 0.100438
45.65 699.661 0.10044
45.66 699.662 0.100442
45.67 699.663 0.100444
45.68 699.664 0.100446
45.69 699.665 0.100447
45.7 699.666 0.100449
45.71 699.667 0.10045
45.72 699.668 0.100451
45.73 699.669 0.100451
45.74 699.67 0.100452
45.75 699.671 0.100452
45.76 699.672 0.100452
45.77 699.673 0.100453
45.78 699.674 0.100452
45.79 699.675 0.100452
45.8 699.676 0.100452
45.81 699.677 0.100451
45.82 699.678 0.10045
45.83 699.679 0.100449
45.84 699.68 0.100448
45.85 699.681 0.100447
45.86 699.682 0.100446
45.87 699.683 0.100444
45.88 699.684 0.100442
45.89 699.685 0.100441
45.9 699.686 0.100439
45.91 699.687 0.100436
45.92 699.688 0.100434
45.93 699.689 0.100432
45.94 699.69 0.100429
45.95 699.691 0.100427
45.96 699.692 0.100424
45.97 699.693 0.100421
45.98 699.694 0.100418
45.99 699.695 0.100415
46 699.696 0.100411
46.01 699.697 0.100408
46.02 699.698 0.100404
46.03 699.699 0.100401
46.04 699.7 0.100397
46.05 699.701 0.100393
46.06 699.702 0.100389
46.07 699.703 0.100385
46.08 699.704 0.100381
46.09 699.705 0.100377
46.1 699.706 0.100372
46.11 699.707 0.100368
46.12 699.708 0.100363
46.13 699.709 0.100358
46.14 699.71 0.100354
46.15 699.711 0.100349
46.16 699.712 0.100344
46.17 699.713 0.100339
46.18 699.714 0.100333
46.19 699.715 0.100328
46.2 699.716 0.100323
46.21 699.717 0.100317
46.22 699.718 0.100312
46.23 699.719 0.100306
46.24 699.72 0.100301
46.25 699.721 0.100295
46.26 699.722 0.100289
46.27 699.723 0.100283
46.28 699.724 0.100277
46.29 699.725 0.100271
46.3 699.726 0.100265
46.31 699.727 0.100259
46.32 699.728 0.100253
46.33 699.729 0.100246
46.34 699.73 0.10024
46.35 699.731 0.100233
46.36 699.732 0.100227
46.37 699.733 0.10022
46.38 699.734 0.100214
46.39 699.735 0.100207
46.4 699.736 0.1002
46.41 699.737 0.100193
46.42 699.738 0.100187
46.43 699.739 0.10018
46.44 699.74 0.100173
46.45 699.741 0.100166
46.46 699.742 0.100159
46.47 699.743 0.100151
46.48 699.744 0.100144
46.49 699.745 0.100137
46.5 699.746 0.10013
46.51 699.747 0.100122
46.52 699.748 0.100115
46.53 699.749 0.100108
46.54 699.75 0.1001
46.55 699.751 0.100093
46.56 699.752 0.100085
46.57 699.753 0.100078
46.58 699.754 0.10007
46.59 699.755 0.100063
46.6 699.756 0.100055
46.61 699.757 0.100047
46.62 699.758 0.100039
46.63 699.759 0.100032
46.64 699.76 0.100024
46.65 699.761 0.100016
46.66 699.762 0.100008
46.67 699.763 0.1
46.68 699.764 0.0999925
46.69 699.765 0.0999846
46.7 699.766 0.0999766
46.71 699.767 0.0999686
46.72 699.768 0.0999606
46.73 699.769 0.0999526
46.74 699.77 0.0999446
46.75 699.771 0.0999365
46.76 699.772 0.0999284
46.77 699.773 0.0999203
46.78 699.774 0.0999122
46.79 699.775 0.099904
46.8 699.776 0.0998959
46.81 699.777 0.0998877
46.82 699.778 0.0998795
46.83 699.779 0.0998713
46.84 699.78 0.0998631
46.85 699.781 0.0998549
46.86 699.782 0.0998466
46.87 699.783 0.0998384
46.88 699.784 0.0998301
46.89 699.785 0.0998218
46.9 699.786 0.0998135
46.91 699.787 0.0998052
46.92 699.788 0.0997969
46.93 699.789 0.0997886
46.94 699.79 0.0997803
46.95 699.791 0.0997719
46.96 699.792 0.0997636
46.97 699.793 0.0997553
46.98 699.794 0.0997469
46.99 699.795 0.0997386
47 699.796 0.0997303
47.01 699.797 0.0997219
47.02 699.798 0.0997135
47.03 699.799 0.0997051
47.04 699.8 0.0996967
47.05 699.801 0.0996883
47.06 699.802 0.09968
47.07 699.803 0.0996716
47.08 699.804 0.0996632
47.09 699.805 0.0996548
47.1 699.806 0.0996464
47.11 699.807 0.0996381
47.12 699.808 0.0996297
47.13 699.809 0.0996213
47.14 699.81 0.0996129
47.15 699.811 0.0996045
47.16 699.812 0.0995962
47.17 699.813 0.0995879
47.18 699.814 0.0995795
47.19 699.815 0.0995712
47.2 699.816 0.0995629
47.21 699.817 0.0995545
47.22 699.818 0.0995462
47.23 699.819 0.0995378
47.24 699.82 0.0995295
47.25 699.821 0.0995212
47.26 699.822 0.0995129
47.27 699.823 0.0995046
47.28 699.824 0.0994963
47.29 699.825 0.099488
47.3 699.826 0.0994797
47.31 699.827 0.0994714
47.32 699.828 0.0994632
47.33 699.829 0.099455
47.34 699.83 0.0994467
47.35 699.831 0.0994385
47.36 699.832 0.0994302
47.37 699.833 0.099422
47.38 699.834 0.0994138
47.39 699.835 0.0994056
47.4 699.836 0.0993974
47.41 699.837 0.0993892
47.42 699.838 0.0993811
47.43 699.839 0.0993729
47.44 699.84 0.0993648
47.45 699.841 0.0993566
47.46 699.842 0.0993485
47.47 699.843 0.0993404
47.48 699.844 0.0993323
47.49 699.845 0.0993242
47.5 699.846 0.0993161
47.51 699.847 0.099308
47.52 699.848 0.0992999
47.53 699.849 0.0992919
47.54 699.85 0.0992838
47.55 699.851 0.0992758
47.56 699.852 0.0992678
47.57 699.853 0.0992598
47.58 699.854 0.0992518
47.59 699.855 0.0992438
47.6 699.856 0.0992359
47.61 699.857 0.0992279
47.62 699.858 0.0992199
47.63 699.859 0.099212
47.64 699.86 0.0992041
47.65 699.861 0.0991962
47.66 699.862 0.0991883
47.67 699.863 0.0991805
47.68 699.864 0.0991726
47.69 699.865 0.0991647
47.7 699.866 0.0991569
47.71 699.867 0.0991491
47.72 699.868 0.0991412
47.73 699.869 0.0991334
47.74 699.87 0.0991256
47.75 699.871 0.0991179
47.76 699.872 0.0991101
47.77 699.873 0.0991023
47.78 699.874 0.0990946
47.79 699.875 0.0990869
47.8 699.876 0.0990791
47.81 699.877 0.0990714
47.82 699.878 0.0990637
47.83 699.879 0.099056
47.84 699.88 0.0990483
47.85 699.881 0.0990407
47.86 699.882 0.099033
47.87 699.883 0.0990254
47.88 699.884 0.0990178
47.89 699.885 0.0990101
47.9 699.886 0.0990025
47.91 699.887 0.0989949
47.92 699.888 0.0989873
47.93 699.889 0.0989798
47.94 699.89 0.0989722
47.95 699.891 0.0989647
47.96 699.892 0.0989571
47.97 699.893 0.0989496
47.98 699.894 0.098942
47.99 699.894 0.0989345
48 699.895 0.098927
48.01 699.896 0.0989195
48.02 699.897 0.098912
48.03 699.898 0.0989046
48.04 699.899 0.0988971
48.05 699.9 0.0988897
48.06 699.901 0.0988822
48.07 699.902 0.0988748
48.08 699.903 0.0988673
48.09 699.904 0.0988599
48.1 699.905 0.0988525
48.11 699.906 0.0988451
48.12 699.907 0.0988377
48.13 699.908 0.0988303
48.14 699.909 0.0988229
48.15 699.91 0.0988156
48.16 699.911 0.0988082
48.17 699.912 0.0988008
48.18 699.913 0.0987935
48.19 699.914 0.0987861
48.2 699.915 0.0987788
48.21 699.916 0.0987714
48.22 699.917 0.0987641
48.23 699.918 0.0987568
48.24 699.919 0.0987495
48.25 699.92 0.0987422
48.26 699.921 0.0987349
48.27 699.922 0.0987276
48.28 699.923 0.0987202
48.29 699.924 0.0987129
48.3 699.925 0.0987056
48.31 699.926 0.0986983
48.32 699.927 0.098691
48.33 699.928 0.0986838
48.34 699.929 0.0986765
48.35 699.93 0.0986692
48.36 699.931 0.098662
48.37 699.932 0.0986547
48.38 699.933 0.0986475
48.39 699.934 0.0986402
48.4 699.935 0.0986329
48.41 699.936 0.0986257
48.42 699.937 0.0986184
48.43 699.938 0.0986111
48.44 699.939 0.0986039
48.45 699.94 0.0985966
48.46 699.941 0.0985893
48.47 699.942 0.0985821
48.48 699.943 0.0985748
48.49 699.944 0.0985675
48.5 699.945 0.0985603
48.51 699.946 0.098553
48.52 699.947 0.0985458
48.53 699.948 0.0985385
48.54 699.949 0.0985312
48.55 699.95 0.0985239
48.56 699.951 0.0985166
48.57 699.952 0.0985092
48.58 699.953 0.0985019
48.59 699.954 0.0984946
48.6 699.955 0.0984873
48.61 699.956 0.09848
48.62 699.957 0.0984727
48.63 699.958 0.0984654
48.64 699.959 0.098458
48.65 699.96 0.0984507
48.66 699.961 0.0984433
48.67 699.962 0.098436
48.68 699.963 0.0984286
48.69 699.964 0.0984212
48.7 699.965 0.0984139
48.71 699.966 0.0984065
48.72 699.967 0.0983991
48.73 699.968 0.0983917
48.74 699.968 0.0983843
48.75 699.969 0.0983769
48.76 699.97 0.0983694
48.77 699.971 0.098362
48.78 699.972 0.0983545
48.79 699.973 0.0983471
48.8 699.974 0.0983396
48.81 699.975 0.0983321
48.82 699.976 0.0983246
48.83 699.977 0.0983171
48.84 699.978 0.0983095
48.85 699.979 0.098302
48.86 699.98 0.0982944
48.87 699.981 0.0982869
48.88 699.982 0.0982793
48.89 699.983 0.0982717
48.9 699.984 0.0982641
48.91 699.985 0.0982565
48.92 699.986 0.0982489
48.93 699.987 0.0982412
48.94 699.988 0.0982335
48.95 699.989 0.0982258
48.96 699.99 0.0982182
48.97 699.991 0.0982104
48.98 699.992 0.0982027
48.99 699.993 0.0981949
49 699.994 0.0981872
49.01 699.995 0.0981794
49.02 699.996 0.0981716
49.03 699.997 0.0981637
49.04 699.998 0.0981559
49.05 699.999 0.098148
49.06 700 0.0981401
49.07 700.001 0.0981322
49.08 700.002 0.0981242
49.09 700.003 0.0981163
49.1 700.004 0.0981083
49.11 700.005 0.0981003
49.12 700.006 0.0980923
49.13 700.007 0.0980842
49.14 700.008 0.0980762
49.15 700.009 0.0980681
49.16 700.01 0.09806
49.17 700.011 0.0980518
49.18 700.012 0.0980437
49.19 700.013 0.0980355
49.2 700.014 0.0980273
49.21 700.015 0.098019
49.22 700.016 0.0980108
49.23 700.017 0.0980025
49.24 700.018 0.0979941
49.25 700.019 0.0979858
49.26 700.02 0.0979774
49.27 700.021 0.097969
49.28 700.022 0.0979606
49.29 700.022 0.0979521
49.3 700.023 0.0979436
49.31 700.024 0.0979351
49.32 700.025 0.0979265
49.33 700.026 0.097918
49.34 700.027 0.0979093
49.35 700.028 0.0979007
49.36 700.029 0.097892
49.37 700.03 0.0978833
49.38 700.031 0.0978746
49.39 700.032 0.0978658
49.4 700.033 0.097857
49.41 700.034 0.0978481
49.42 700.035 0.0978393
49.43 700.036 0.0978304
49.44 700.037 0.0978215
49.45 700.038 0.0978125
49.46 700.039 0.0978035
49.47 700.04 0.0977945
49.48 700.041 0.0977854
49.49 700.042 0.0977763
49.5 700.043 0.0977671
49.51 700.044 0.097758
49.52 700.045 0.0977487
49.53 700.046 0.0977395
49.54 700.047 0.0977302
49.55 700.048 0.0977208
49.56 700.049 0.0977115
49.57 700.05 0.0977021
49.58 700.051 0.0976926
49.59 700.052 0.0976831
49.6 700.053 0.0976736
49.61 700.054 0.097664
49.62 700.055 0.0976544
49.63 700.056 0.0976448
49.64 700.057 0.0976351
49.65 700.058 0.0976254
49.66 700.059 0.0976156
49.67 700.06 0.0976058
49.68 700.061 0.0975959
49.69 700.062 0.097586
49.7 700.063 0.0975761
49.71 700.064 0.0975661
49.72 700.065 0.0975561
49.73 700.065 0.097546
49.74 700.066 0.0975359
49.75 700.067 0.0975258
49.76 700.068 0.0975156
49.77 700.069 0.0975053
49.78 700.07 0.097495
49.79 700.071 0.0974847
49.8 700.072 0.0974743
49.81 700.073 0.0974639
49.82 700.074 0.0974534
49.83 700.075 0.0974429
49.84 700.076 0.0974323
49.85 700.077 0.0974217
49.86 700.078 0.097411
49.87 700.079 0.0974003
49.88 700.08 0.0973896
49.89 700.081 0.0973788
49.9 700.082 0.0973679
49.91 700.083 0.097357
49.92 700.084 0.097346
49.93 700.085 0.0973349
49.94 700.086 0.0973239
49.95 700.087 0.0973127
49.96 700.088 0.0973016
49.97 700.089 0.0972903
49.98 700.09 0.0972791
49.99 700.091 0.0972677
50 700.092 0.0972564
50.01 700.093 0.0972449
50.02 700.094 0.0972334
50.03 700.095 0.0972219
50.04 700.096 0.0972103
50.05 700.097 0.0971986
50.06 700.098 0.097187
50.07 700.099 0.0971752
50.08 700.1 0.0971633
50.09 700.101 0.0971515
50.1 700.102 0.0971396
50.11 700.102 0.0971276
50.12 700.103 0.0971155
50.13 700.104 0.0971034
50.14 700.105 0.0970913
50.15 700.106 0.0970791
50.16 700.107 0.0970668
50.17 700.108 0.0970544
50.18 700.109 0.097042
50.19 700.11 0.0970296
50.2 700.111 0.0970171
50.21 700.112 0.0970045
50.22 700.113 0.0969919
50.23 700.114 0.0969792
50.24 700.115 0.0969665
50.25 700.116 0.0969537
50.26 700.117 0.0969408
50.27 700.118 0.0969279
50.28 700.119 0.0969149
50.29 700.12 0.0969018
50.3 700.121 0.0968887
50.31 700.122 0.0968756
50.32 700.123 0.0968623
50.33 700.124 0.0968491
50.34 700.125 0.0968357
50.35 700.126 0.0968223
50.36 700.127 0.0968088
50.37 700.128 0.0967952
50.38 700.129 0.0967816
50.39 700.13 0.096768
50.4 700.131 0.0967542
50.41 700.132 0.0967404
50.42 700.133 0.0967266
50.43 700.133 0.0967126
50.44 700.134 0.0966986
50.45 700.135 0.0966846
50.46 700.136 0.0966704
50.47 700.137 0.0966562
50.48 700.138 0.096642
50.49 700.139 0.0966277
50.5 700.14 0.0966133
50.51 700.141 0.0965988
50.52 700.142 0.0965843
50.53 700.143 0.0965696
50.54 700.144 0.096555
50.55 700.145 0.0965402
50.56 700.146 0.0965254
50.57 700.147 0.0965106
50.58 700.148 0.0964956
50.59 700.149 0.0964806
50.6 700.15 0.0964656
50.61 700.151 0.0964504
50.62 700.152 0.0964352
50.63 700.153 0.0964199
50.64 700.154 0.0964046
50.65 700.155 0.0963891
50.66 700.156 0.0963736
50.67 700.157 0.0963581
50.68 700.158 0.0963424
50.69 700.159 0.0963267
50.7 700.16 0.096311
50.71 700.161 0.0962951
50.72 700.161 0.0962791
50.73 700.162 0.0962631
50.74 700.163 0.0962471
50.75 700.164 0.0962309
50.76 700.165 0.0962147
50.77 700.166 0.0961984
50.78 700.167 0.096182
50.79 700.168 0.0961656
50.8 700.169 0.096149
50.81 700.17 0.0961325
50.82 700.171 0.0961158
50.83 700.172 0.096099
50.84 700.173 0.0960822
50.85 700.174 0.0960653
50.86 700.175 0.0960484
50.87 700.176 0.0960313
50.88 700.177 0.0960142
50.89 700.178 0.095997
50.9 700.179 0.0959797
50.91 700.18 0.0959624
50.92 700.181 0.0959449
50.93 700.182 0.0959274
50.94 700.183 0.0959099
50.95 700.184 0.0958922
50.96 700.185 0.0958745
50.97 700.185 0.0958567
50.98 700.186 0.0958388
50.99 700.187 0.0958208
51 700.188 0.0958028
51.01 700.189 0.0957847
51.02 700.19 0.0957665
51.03 700.191 0.0957482
51.04 700.192 0.0957299
51.05 700.193 0.0957114
51.06 700.194 0.0956929
51.07 700.195 0.0956743
51.08 700.196 0.0956556
51.09 700.197 0.0956369
51.1 700.198 0.0956181
51.11 700.199 0.0955991
51.12 700.2 0.0955801
51.13 700.201 0.0955611
51.14 700.202 0.0955419
51.15 700.203 0.0955227
51.16 700.204 0.0955034
51.17 700.205 0.0954839
51.18 700.206 0.0954645
51.19 700.207 0.0954449
51.2 700.207 0.0954253
51.21 700.208 0.0954055
51.22 700.209 0.0953857
51.23 700.21 0.0953658
51.24 700.211 0.0953459
51.25 700.212 0.0953258
51.26 700.213 0.0953057
51.27 700.214 0.0952855
51.28 700.215 0.0952652
51.29 700.216 0.0952448
51.3 700.217 0.0952243
51.31 700.218 0.0952038
51.32 700.219 0.0951831
51.33 700.22 0.0951624
51.34 700.221 0.0951416
51.35 700.222 0.0951207
51.36 700.223 0.0950997
51.37 700.224 0.0950787
51.38 700.225 0.0950575
51.39 700.226 0.0950363
51.4 700.227 0.095015
51.41 700.227 0.0949936
51.42 700.228 0.0949721
51.43 700.229 0.0949506
51.44 700.23 0.0949289
51.45 700.231 0.0949072
51.46 700.232 0.0948853
51.47 700.233 0.0948634
51.48 700.234 0.0948415
51.49 700.235 0.0948194
51.5 700.236 0.0947972
51.51 700.237 0.094775
51.52 700.238 0.0947526
51.53 700.239 0.0947302
51.54 700.24 0.0947077
51.55 700.241 0.0946851
51.56 700.242 0.0946624
51.57 700.243 0.0946396
51.58 700.244 0.0946168
51.59 700.245 0.0945938
51.6 700.245 0.0945708
51.61 700.246 0.0945477
51.62 700.247 0.0945245
51.63 700.248 0.0945012
51.64 700.249 0.0944778
51.65 700.25 0.0944544
51.66 700.251 0.0944308
51.67 700.252 0.0944071
51.68 700.253 0.0943834
51.69 700.254 0.0943596
51.7 700.255 0.0943357
51.71 700.256 0.0943117
51.72 700.257 0.0942876
51.73 700.258 0.0942634
51.74 700.259 0.0942392
51.75 700.26 0.0942148
51.76 700.261 0.0941904
51.77 700.262 0.0941658
51.78 700.262 0.0941412
51.79 700.263 0.0941165
51.8 700.264 0.0940917
51.81 700.265 0.0940667
51.82 700.266 0.0940418
51.83 700.267 0.0940167
51.84 700.268 0.0939916
51.85 700.269 0.0939663
51.86 700.27 0.093941
51.87 700.271 0.0939156
51.88 700.272 0.0938901
51.89 700.273 0.0938645
51.9 700.274 0.0938388
51.91 700.275 0.093813
51.92 700.276 0.0937871
51.93 700.277 0.0937611
51.94 700.278 0.093735
51.95 700.278 0.0937088
51.96 700.279 0.0936826
51.97 700.28 0.0936562
51.98 700.281 0.0936298
51.99 700.282 0.0936033
52 700.283 0.0935767
52.01 700.284 0.09355
52.02 700.285 0.0935232
52.03 700.286 0.0934964
52.04 700.287 0.0934694
52.05 700.288 0.0934423
52.06 700.289 0.0934152
52.07 700.29 0.093388
52.08 700.291 0.0933606
52.09 700.292 0.0933332
52.1 700.292 0.0933057
52.11 700.293 0.0932781
52.12 700.294 0.0932503
52.13 700.295 0.0932225
52.14 700.296 0.0931947
52.15 700.297 0.0931667
52.16 700.298 0.0931386
52.17 700.299 0.0931104
52.18 700.3 0.0930822
52.19 700.301 0.0930538
52.2 700.302 0.0930253
52.21 700.303 0.0929968
52.22 700.304 0.0929682
52.23 700.305 0.0929394
52.24 700.305 0.0929106
52.25 700.306 0.0928817
52.26 700.307 0.0928527
52.27 700.308 0.0928236
52.28 700.309 0.0927944
52.29 700.31 0.0927651
52.3 700.311 0.0927357
52.31 700.312 0.0927062
52.32 700.313 0.0926767
52.33 700.314 0.092647
52.34 700.315 0.0926172
52.35 700.316 0.0925874
52.36 700.317 0.0925574
52.37 700.318 0.0925274
52.38 700.318 0.0924973
52.39 700.319 0.0924671
52.4 700.32 0.0924367
52.41 700.321 0.0924063
52.42 700.322 0.0923758
52.43 700.323 0.0923452
52.44 700.324 0.0923146
52.45 700.325 0.0922838
52.46 700.326 0.0922529
52.47 700.327 0.0922219
52.48 700.328 0.0921909
52.49 700.329 0.0921597
52.5 700.33 0.0921285
52.51 700.33 0.0920971
52.52 700.331 0.0920657
52.53 700.332 0.0920342
52.54 700.333 0.0920026
52.55 700.334 0.0919709
52.56 700.335 0.091939
52.57 700.336 0.0919071
52.58 700.337 0.0918752
52.59 700.338 0.0918431
52.6 700.339 0.0918109
52.61 700.34 0.0917786
52.62 700.341 0.0917463
52.63 700.341 0.0917138
52.64 700.342 0.0916813
52.65 700.343 0.0916486
52.66 700.344 0.0916159
52.67 700.345 0.091583
52.68 700.346 0.0915501
52.69 700.347 0.0915171
52.7 700.348 0.091484
52.71 700.349 0.0914508
52.72 700.35 0.0914174
52.73 700.351 0.091384
52.74 700.352 0.0913505
52.75 700.352 0.0913168
52.76 700.353 0.0912831
52.77 700.354 0.0912493
52.78 700.355 0.0912154
52.79 700.356 0.0911814
52.8 700.357 0.0911473
52.81 700.358 0.0911132
52.82 700.359 0.0910789
52.83 700.36 0.0910445
52.84 700.361 0.0910101
52.85 700.362 0.0909755
52.86 700.362 0.0909409
52.87 700.363 0.0909061
52.88 700.364 0.0908713
52.89 700.365 0.0908364
52.9 700.366 0.0908013
52.91 700.367 0.0907662
52.92 700.368 0.090731
52.93 700.369 0.0906957
52.94 700.37 0.0906603
52.95 700.371 0.0906249
52.96 700.372 0.0905893
52.97 700.372 0.0905536
52.98 700.373 0.0905178
52.99 700.374 0.090482
53 700.375 0.090446
53.01 700.376 0.09041
53.02 700.377 0.0903739
53.03 700.378 0.0903376
53.04 700.379 0.0903013
53.05 700.38 0.0902649
53.06 700.381 0.0902284
53.07 700.382 0.0901917
53.08 700.382 0.090155
53.09 700.383 0.0901182
53.1 700.384 0.0900812
53.11 700.385 0.0900442
53.12 700.386 0.0900071
53.13 700.387 0.0899699
53.14 700.388 0.0899326
53.15 700.389 0.0898952
53.16 700.39 0.0898577
53.17 700.391 0.0898201
53.18 700.391 0.0897825
53.19 700.392 0.0897447
53.2 700.393 0.0897069
53.21 700.394 0.0896689
53.22 700.395 0.0896309
53.23 700.396 0.0895927
53.24 700.397 0.0895545
53.25 700.398 0.0895162
53.26 700.399 0.0894777
53.27 700.399 0.0894392
53.28 700.4 0.0894006
53.29 700.401 0.0893619
53.3 700.402 0.0893231
53.31 700.403 0.0892843
53.32 700.404 0.0892453
53.33 700.405 0.0892062
53.34 700.406 0.0891671
53.35 700.407 0.0891278
53.36 700.408 0.0890885
53.37 700.408 0.089049
53.38 700.409 0.0890095
53.39 700.41 0.0889699
53.4 700.411 0.0889301
53.41 700.412 0.0888903
53.42 700.413 0.0888504
53.43 700.414 0.0888104
53.44 700.415 0.0887703
53.45 700.416 0.0887301
53.46 700.416 0.0886898
53.47 700.417 0.0886495
53.48 700.418 0.088609
53.49 700.419 0.0885685
53.5 700.42 0.0885278
53.51 700.421 0.0884871
53.52 700.422 0.0884462
53.53 700.423 0.0884053
53.54 700.423 0.0883643
53.55 700.424 0.0883231
53.56 700.425 0.0882819
53.57 700.426 0.0882406
53.58 700.427 0.0881992
53.59 700.428 0.0881577
53.6 700.429 0.0881162
53.61 700.43 0.0880745
53.62 700.431 0.0880327
53.63 700.431 0.0879908
53.64 700.432 0.0879489
53.65 700.433 0.0879068
53.66 700.434 0.0878647
53.67 700.435 0.0878225
53.68 700.436 0.0877801
53.69 700.437 0.0877377
53.7 700.438 0.0876952
53.71 700.438 0.0876526
53.72 700.439 0.0876099
53.73 700.44 0.0875671
53.74 700.441 0.0875242
53.75 700.442 0.0874812
53.76 700.443 0.0874382
53.77 700.444 0.087395
53.78 700.445 0.0873517
53.79 700.445 0.0873084
53.8 700.446 0.0872649
53.81 700.447 0.0872214
53.82 700.448 0.0871778
53.83 700.449 0.087134
53.84 700.45 0.0870902
53.85 700.451 0.0870463
53.86 700.452 0.0870023
53.87 700.452 0.0869582
53.88 700.453 0.086914
53.89 700.454 0.0868697
53.9 700.455 0.0868253
53.91 700.456 0.0867809
53.92 700.457 0.0867363
53.93 700.458 0.0866916
53.94 700.458 0.0866469
53.95 700.459 0.0866021
53.96 700.46 0.0865571
53.97 700.461 0.0865121
53.98 700.462 0.086467
53.99 700.463 0.0864218
54 700.464 0.0863764
54.01 700.465 0.086331
54.02 700.465 0.0862855
54.03 700.466 0.08624
54.04 700.467 0.0861943
54.05 700.468 0.0861485
54.06 700.469 0.0861026
54.07 700.47 0.0860567
54.08 700.471 0.0860106
54.09 700.471 0.0859645
54.1 700.472 0.0859183
54.11 700.473 0.085872
54.12 700.474 0.0858257
54.13 700.475 0.0857792
54.14 700.476 0.0857326
54.15 700.477 0.085686
54.16 700.477 0.0856392
54.17 700.478 0.0855924
54.18 700.479 0.0855454
54.19 700.48 0.0854984
54.2 700.481 0.0854513
54.21 700.482 0.085404
54.22 700.483 0.0853567
54.23 700.483 0.0853093
54.24 700.484 0.0852618
54.25 700.485 0.0852142
54.26 700.486 0.0851666
54.27 700.487 0.0851188
54.28 700.488 0.085071
54.29 700.489 0.0850231
54.3 700.489 0.0849751
54.31 700.49 0.084927
54.32 700.491 0.0848788
54.33 700.492 0.0848305
54.34 700.493 0.0847821
54.35 700.494 0.0847336
54.36 700.494 0.0846851
54.37 700.495 0.0846364
54.38 700.496 0.0845877
54.39 700.497 0.0845388
54.4 700.498 0.0844899
54.41 700.499 0.0844409
54.42 700.5 0.0843918
54.43 700.5 0.0843427
54.44 700.501 0.0842934
54.45 700.502 0.084244
54.46 700.503 0.0841946
54.47 700.504 0.084145
54.48 700.505 0.0840954
54.49 700.505 0.0840457
54.5 700.506 0.0839958
54.51 700.507 0.083946
54.52 700.508 0.083896
54.53 700.509 0.0838459
54.54 700.51 0.0837958
54.55 700.51 0.0837456
54.56 700.511 0.0836952
54.57 700.512 0.0836448
54.58 700.513 0.0835943
54.59 700.514 0.0835436
54.6 700.515 0.0834929
54.61 700.515 0.0834422
54.62 700.516 0.0833913
54.63 700.517 0.0833404
54.64 700.518 0.0832893
54.65 700.519 0.0832382
54.66 700.52 0.083187
54.67 700.52 0.0831357
54.68 700.521 0.0830843
54.69 700.522 0.0830328
54.7 700.523 0.0829813
54.71 700.524 0.0829296
54.72 700.525 0.0828779
54.73 700.525 0.0828261
54.74 700.526 0.0827741
54.75 700.527 0.0827221
54.76 700.528 0.08267
54.77 700.529 0.0826179
54.78 700.53 0.0825656
54.79 700.53 0.0825133
54.8 700.531 0.0824608
54.81 700.532 0.0824083
54.82 700.533 0.0823557
54.83 700.534 0.082303
54.84 700.535 0.0822502
54.85 700.535 0.0821974
54.86 700.536 0.0821444
54.87 700.537 0.0820914
54.88 700.538 0.0820382
54.89 700.539 0.081985
54.9 700.539 0.0819317
54.91 700.54 0.0818783
54.92 700.541 0.0818249
54.93 700.542 0.0817713
54.94 700.543 0.0817177
54.95 700.544 0.081664
54.96 700.544 0.0816101
54.97 700.545 0.0815562
54.98 700.546 0.0815023
54.99 700.547 0.0814482
55 700.548 0.0813941
55.01 700.548 0.0813398
55.02 700.549 0.0812855
55.03 700.55 0.0812311
55.04 700.551 0.0811766
55.05 700.552 0.081122
55.06 700.552 0.0810673
55.07 700.553 0.0810126
55.08 700.554 0.0809577
55.09 700.555 0.0809028
55.1 700.556 0.0808478
55.11 700.557 0.0807927
55.12 700.557 0.0807376
55.13 700.558 0.0806823
55.14 700.559 0.0806269
55.15 700.56 0.0805715
55.16 700.561 0.080516
55.17 700.561 0.0804604
55.18 700.562 0.0804047
55.19 700.563 0.0803489
55.2 700.564 0.0802931
55.21 700.565 0.0802372
55.22 700.565 0.0801811
55.23 700.566 0.080125
55.24 700.567 0.0800688
55.25 700.568 0.0800126
55.26 700.569 0.0799562
55.27 700.569 0.0798998
55.28 700.57 0.0798433
55.29 700.571 0.0797867
55.3 700.572 0.07973
55.31 700.573 0.0796732
55.32 700.573 0.0796164
55.33 700.574 0.0795594
55.34 700.575 0.0795024
55.35 700.576 0.0794454
55.36 700.577 0.0793882
55.37 700.577 0.0793309
55.38 700.578 0.0792736
55.39 700.579 0.0792162
55.4 700.58 0.0791586
55.41 700.58 0.079101
55.42 700.581 0.0790433
55.43 700.582 0.0789856
55.44 700.583 0.0789278
55.45 700.584 0.0788698
55.46 700.584 0.0788118
55.47 700.585 0.0787538
55.48 700.586 0.0786956
55.49 700.587 0.0786373
55.5 700.588 0.078579
55.51 700.588 0.0785206
55.52 700.589 0.0784621
55.53 700.59 0.0784035
55.54 700.591 0.0783449
55.55 700.592 0.0782861
55.56 700.592 0.0782273
55.57 700.593 0.0781684
55.58 700.594 0.0781094
55.59 700.595 0.0780504
55.6 700.595 0.0779912
55.61 700.596 0.077932
55.62 700.597 0.0778727
55.63 700.598 0.0778133
55.64 700.599 0.0777538
55.65 700.599 0.0776943
55.66 700.6 0.0776347
55.67 700.601 0.077575
55.68 700.602 0.0775152
55.69 700.602 0.0774553
55.7 700.603 0.0773954
55.71 700.604 0.0773354
55.72 700.605 0.0772752
55.73 700.605 0.077215
55.74 700.606 0.0771548
55.75 700.607 0.0770944
55.76 700.608 0.077034
55.77 700.609 0.0769735
55.78 700.609 0.0769129
55.79 700.61 0.0768522
55.8 700.611 0.0767915
55.81 700.612 0.0767306
55.82 700.612 0.0766697
55.83 700.613 0.0766087
55.84 700.614 0.0765477
55.85 700.615 0.0764865
55.86 700.615 0.0764253
55.87 700.616 0.076364
55.88 700.617 0.0763027
55.89 700.618 0.0762412
55.9 700.619 0.0761797
55.91 700.619 0.0761181
55.92 700.62 0.0760564
55.93 700.621 0.0759946
55.94 700.622 0.0759327
55.95 700.622 0.0758708
55.96 700.623 0.0758088
55.97 700.624 0.0757467
55.98 700.625 0.0756845
55.99 700.625 0.0756223
56 700.626 0.07556
56.01 700.627 0.0754976
56.02 700.628 0.0754351
56.03 700.628 0.0753725
56.04 700.629 0.0753099
56.05 700.63 0.0752472
56.06 700.631 0.0751844
56.07 700.631 0.0751215
56.08 700.632 0.0750586
56.09 700.633 0.0749956
56.1 700.634 0.0749325
56.11 700.634 0.0748693
56.12 700.635 0.0748061
56.13 700.636 0.0747427
56.14 700.637 0.0746793
56.15 700.637 0.0746158
56.16 700.638 0.0745523
56.17 700.639 0.0744887
56.18 700.64 0.074425
56.19 700.64 0.0743612
56.2 700.641 0.0742973
56.21 700.642 0.0742334
56.22 700.643 0.0741694
56.23 700.643 0.0741053
56.24 700.644 0.0740411
56.25 700.645 0.0739769
56.26 700.646 0.0739126
56.27 700.646 0.0738482
56.28 700.647 0.0737837
56.29 700.648 0.0737192
56.3 700.648 0.0736545
56.31 700.649 0.0735899
56.32 700.65 0.0735251
56.33 700.651 0.0734602
56.34 700.651 0.0733953
56.35 700.652 0.0733303
56.36 700.653 0.0732652
56.37 700.654 0.0732001
56.38 700.654 0.0731349
56.39 700.655 0.0730696
56.4 700.656 0.0730042
56.41 700.657 0.0729388
56.42 700.657 0.0728732
56.43 700.658 0.0728076
56.44 700.659 0.072742
56.45 700.659 0.0726762
56.46 700.66 0.0726104
56.47 700.661 0.0725445
56.48 700.662 0.0724785
56.49 700.662 0.0724125
56.5 700.663 0.0723464
56.51 700.664 0.0722802
56.52 700.665 0.072214
56.53 700.665 0.0721477
56.54 700.666 0.0720812
56.55 700.667 0.0720148
56.56 700.667 0.0719482
56.57 700.668 0.0718816
56.58 700.669 0.0718149
56.59 700.67 0.0717481
56.6 700.67 0.0716812
56.61 700.671 0.0716143
56.62 700.672 0.0715473
56.63 700.672 0.0714803
56.64 700.673 0.0714131
56.65 700.674 0.0713459
56.66 700.675 0.0712786
56.67 700.675 0.0712113
56.68 700.676 0.0711439
56.69 700.677 0.0710764
56.7 700.677 0.0710088
56.71 700.678 0.0709411
56.72 700.679 0.0708734
56.73 700.68 0.0708056
56.74 700.68 0.0707378
56.75 700.681 0.0706698
56.76 700.682 0.0706018
56.77 700.682 0.0705338
56.78 700.683 0.0704656
56.79 700.684 0.0703974
56.8 700.684 0.0703291
56.81 700.685 0.0702607
56.82 700.686 0.0701922
56.83 700.687 0.0701237
56.84 700.687 0.0700552
56.85 700.688 0.0699865
56.86 700.689 0.0699178
56.87 700.689 0.069849
56.88 700.69 0.0697801
56.89 700.691 0.0697112
56.9 700.691 0.0696422
56.91 700.692 0.0695731
56.92 700.693 0.069504
56.93 700.694 0.0694348
56.94 700.694 0.0693655
56.95 700.695 0.0692962
56.96 700.696 0.0692267
56.97 700.696 0.0691573
56.98 700.697 0.0690877
56.99 700.698 0.0690181
57 700.698 0.0689484
57.01 700.699 0.0688786
57.02 700.7 0.0688088
57.03 700.7 0.0687389
57.04 700.701 0.0686689
57.05 700.702 0.0685988
57.06 700.703 0.0685287
57.07 700.703 0.0684585
57.08 700.704 0.0683883
57.09 700.705 0.068318
57.1 700.705 0.0682476
57.11 700.706 0.0681771
57.12 700.707 0.0681065
57.13 700.707 0.068036
57.14 700.708 0.0679653
57.15 700.709 0.0678945
57.16 700.709 0.0678237
57.17 700.71 0.0677528
57.18 700.711 0.0676819
57.19 700.711 0.0676109
57.2 700.712 0.0675397
57.21 700.713 0.0674686
57.22 700.713 0.0673973
57.23 700.714 0.0673261
57.24 700.715 0.0672547
57.25 700.715 0.0671832
57.26 700.716 0.0671118
57.27 700.717 0.0670402
57.28 700.717 0.0669686
57.29 700.718 0.0668969
57.3 700.719 0.0668251
57.31 700.719 0.0667532
57.32 700.72 0.0666813
57.33 700.721 0.0666094
57.34 700.721 0.0665373
57.35 700.722 0.0664652
57.36 700.723 0.066393
57.37 700.723 0.0663208
57.38 700.724 0.0662485
57.39 700.725 0.0661761
57.4 700.725 0.0661036
57.41 700.726 0.0660311
57.42 700.727 0.0659585
57.43 700.727 0.0658859
57.44 700.728 0.0658132
57.45 700.729 0.0657404
57.46 700.729 0.0656676
57.47 700.73 0.0655947
57.48 700.731 0.0655217
57.49 700.731 0.0654486
57.5 700.732 0.0653755
57.51 700.733 0.0653024
57.52 700.733 0.0652291
57.53 700.734 0.0651558
57.54 700.735 0.0650825
57.55 700.735 0.065009
57.56 700.736 0.0649355
57.57 700.737 0.064862
57.58 700.737 0.0647883
57.59 700.738 0.0647146
57.6 700.738 0.0646409
57.61 700.739 0.0645671
57.62 700.74 0.0644932
57.63 700.74 0.0644192
57.64 700.741 0.0643452
57.65 700.742 0.0642711
57.66 700.742 0.0641969
57.67 700.743 0.0641227
57.68 700.744 0.0640485
57.69 700.744 0.0639741
57.7 700.745 0.0638997
57.71 700.746 0.0638253
57.72 700.746 0.0637507
57.73 700.747 0.0636761
57.74 700.747 0.0636015
57.75 700.748 0.0635267
57.76 700.749 0.0634519
57.77 700.749 0.0633771
57.78 700.75 0.0633021
57.79 700.751 0.0632272
57.8 700.751 0.0631521
57.81 700.752 0.063077
57.82 700.752 0.0630018
57.83 700.753 0.0629266
57.84 700.754 0.0628513
57.85 700.754 0.0627759
57.86 700.755 0.0627005
57.87 700.756 0.062625
57.88 700.756 0.0625495
57.89 700.757 0.0624739
57.9 700.758 0.0623982
57.91 700.758 0.0623225
57.92 700.759 0.0622467
57.93 700.759 0.0621708
57.94 700.76 0.0620949
57.95 700.761 0.0620189
57.96 700.761 0.0619428
57.97 700.762 0.0618667
57.98 700.762 0.0617905
57.99 700.763 0.0617143
58 700.764 0.061638
58.01 700.764 0.0615616
58.02 700.765 0.0614852
58.03 700.766 0.0614087
58.04 700.766 0.0613322
58.05 700.767 0.0612556
58.06 700.767 0.0611789
58.07 700.768 0.0611022
58.08 700.769 0.0610254
58.09 700.769 0.0609485
58.1 700.77 0.0608716
58.11 700.77 0.0607946
58.12 700.771 0.0607176
58.13 700.772 0.0606405
58.14 700.772 0.0605633
58.15 700.773 0.0604861
58.16 700.773 0.0604088
58.17 700.774 0.0603315
58.18 700.775 0.0602541
58.19 700.775 0.0601767
58.2 700.776 0.0600991
58.21 700.776 0.0600216
58.22 700.777 0.0599439
58.23 700.778 0.0598662
58.24 700.778 0.0597884
58.25 700.779 0.0597106
58.26 700.779 0.0596328
58.27 700.78 0.0595548
58.28 700.781 0.0594768
58.29 700.781 0.0593988
58.3 700.782 0.0593206
58.31 700.782 0.0592425
58.32 700.783 0.0591642
58.33 700.784 0.0590859
58.34 700.784 0.0590076
58.35 700.785 0.0589292
58.36 700.785 0.0588507
58.37 700.786 0.0587722
58.38 700.787 0.0586936
58.39 700.787 0.0586149
58.4 700.788 0.0585362
58.41 700.788 0.0584574
58.42 700.789 0.0583786
58.43 700.789 0.0582997
58.44 700.79 0.0582208
58.45 700.791 0.0581418
58.46 700.791 0.0580627
58.47 700.792 0.0579836
58.48 700.792 0.0579044
58.49 700.793 0.0578252
58.5 700.794 0.0577459
58.51 700.794 0.0576666
58.52 700.795 0.0575872
58.53 700.795 0.0575077
58.54 700.796 0.0574282
58.55 700.796 0.0573486
58.56 700.797 0.057269
58.57 700.798 0.0571893
58.58 700.798 0.0571095
58.59 700.799 0.0570297
58.6 700.799 0.0569499
58.61 700.8 0.05687
58.62 700.8 0.05679
58.63 700.801 0.05671
58.64 700.802 0.0566299
58.65 700.802 0.0565497
58.66 700.803 0.0564695
58.67 700.803 0.0563893
58.68 700.804 0.0563089
58.69 700.804 0.0562286
58.7 700.805 0.0561481
58.71 700.805 0.0560677
58.72 700.806 0.0559871
58.73 700.807 0.0559065
58.74 700.807 0.0558258
58.75 700.808 0.0557452
58.76 700.808 0.0556644
58.77 700.809 0.0555836
58.78 700.809 0.0555027
58.79 700.81 0.0554217
58.8 700.81 0.0553408
58.81 700.811 0.0552597
58.82 700.812 0.0551786
58.83 700.812 0.0550975
58.84 700.813 0.0550163
58.85 700.813 0.054935
58.86 700.814 0.0548537
58.87 700.814 0.0547723
58.88 700.815 0.0546909
58.89 700.815 0.0546094
58.9 700.816 0.0545279
58.91 700.817 0.0544463
58.92 700.817 0.0543647
58.93 700.818 0.054283
58.94 700.818 0.0542012
58.95 700.819 0.0541194
58.96 700.819 0.0540375
58.97 700.82 0.0539556
58.98 700.82 0.0538737
58.99 700.821 0.0537917
59 700.821 0.0537096
59.01 700.822 0.0536274
59.02 700.822 0.0535452
59.03 700.823 0.053463
59.04 700.824 0.0533807
59.05 700.824 0.0532984
59.06 700.825 0.053216
59.07 700.825 0.0531335
59.08 700.826 0.053051
59.09 700.826 0.0529685
59.1 700.827 0.0528859
59.11 700.827 0.0528032
59.12 700.828 0.0527205
59.13 700.828 0.0526377
59.14 700.829 0.052555
59.15 700.829 0.0524721
59.16 700.83 0.0523891
59.17 700.83 0.0523061
59.18 700.831 0.0522231
59.19 700.831 0.05214
59.2 700.832 0.0520569
59.21 700.832 0.0519738
59.22 700.833 0.0518905
59.23 700.834 0.0518072
59.24 700.834 0.0517239
59.25 700.835 0.0516405
59.26 700.835 0.051557
59.27 700.836 0.0514735
59.28 700.836 0.05139
59.29 700.837 0.0513064
59.3 700.837 0.0512228
59.31 700.838 0.0511391
59.32 700.838 0.0510554
59.33 700.839 0.0509716
59.34 700.839 0.0508877
59.35 700.84 0.0508038
59.36 700.84 0.0507198
59.37 700.841 0.0506358
59.38 700.841 0.0505518
59.39 700.842 0.0504677
59.4 700.842 0.0503835
59.41 700.843 0.0502993
59.42 700.843 0.0502151
59.43 700.844 0.0501308
59.44 700.844 0.0500465
59.45 700.845 0.0499621
59.46 700.845 0.0498776
59.47 700.846 0.0497931
59.48 700.846 0.0497086
59.49 700.847 0.0496239
59.5 700.847 0.0495393
59.51 700.848 0.0494546
59.52 700.848 0.0493698
59.53 700.849 0.049285
59.54 700.849 0.0492002
59.55 700.85 0.0491153
59.56 700.85 0.0490304
59.57 700.851 0.0489454
59.58 700.851 0.0488603
59.59 700.852 0.0487753
59.6 700.852 0.0486901
59.61 700.853 0.048605
59.62 700.853 0.0485198
59.63 700.854 0.0484345
59.64 700.854 0.0483492
59.65 700.855 0.0482638
59.66 700.855 0.0481784
59.67 700.855 0.0480929
59.68 700.856 0.0480074
59.69 700.856 0.0479218
59.7 700.857 0.0478361
59.71 700.857 0.0477504
59.72 700.858 0.0476647
59.73 700.858 0.0475789
59.74 700.859 0.0474931
59.75 700.859 0.0474073
59.76 700.86 0.0473213
59.77 700.86 0.0472354
59.78 700.861 0.0471494
59.79 700.861 0.0470633
59.8 700.862 0.0469772
59.81 700.862 0.0468911
59.82 700.863 0.0468049
59.83 700.863 0.0467186
59.84 700.864 0.0466323
59.85 700.864 0.046546
59.86 700.864 0.0464596
59.87 700.865 0.0463732
59.88 700.865 0.0462867
59.89 700.866 0.0462002
59.9 700.866 0.0461136
59.91 700.867 0.046027
59.92 700.867 0.0459404
59.93 700.868 0.0458537
59.94 700.868 0.0457669
59.95 700.869 0.0456801
59.96 700.869 0.0455933
59.97 700.87 0.0455064
59.98 700.87 0.0454195
59.99 700.87 0.0453326
60 700.871 0.0452456
60.01 700.871 0.0451586
60.02 700.872 0.0450715
60.03 700.872 0.0449844
60.04 700.873 0.0448972
60.05 700.873 0.04481
60.06 700.874 0.0447227
60.07 700.874 0.0446354
60.08 700.874 0.044548
60.09 700.875 0.0444606
60.1 700.875 0.0443732
60.11 700.876 0.0442857
60.12 700.876 0.0441981
60.13 700.877 0.0441106
60.14 700.877 0.0440229
60.15 700.878 0.0439352
60.16 700.878 0.0438475
60.17 700.878 0.0437597
60.18 700.879 0.0436719
60.19 700.879 0.0435841
60.2 700.88 0.0434962
60.21 700.88 0.0434083
60.22 700.881 0.0433203
60.23 700.881 0.0432323
60.24 700.881 0.0431443
60.25 700.882 0.0430562
60.26 700.882 0.042968
60.27 700.883 0.0428798
60.28 700.883 0.0427916
60.29 700.884 0.0427033
60.3 700.884 0.0426149
60.31 700.884 0.0425266
60.32 700.885 0.0424382
60.33 700.885 0.0423498
60.34 700.886 0.0422613
60.35 700.886 0.0421728
60.36 700.887 0.0420842
60.37 700.887 0.0419956
60.38 700.887 0.0419069
60.39 700.888 0.0418182
60.4 700.888 0.0417294
60.41 700.889 0.0416406
60.42 700.889 0.0415518
60.43 700.889 0.041463
60.44 700.89 0.0413741
60.45 700.89 0.0412852
60.46 700.891 0.0411962
60.47 700.891 0.0411071
60.48 700.892 0.0410181
60.49 700.892 0.0409289
60.5 700.892 0.0408398
60.51 700.893 0.0407506
60.52 700.893 0.0406614
60.53 700.894 0.0405721
60.54 700.894 0.0404828
60.55 700.894 0.0403935
60.56 700.895 0.0403041
60.57 700.895 0.0402146
60.58 700.896 0.0401251
60.59 700.896 0.0400356
60.6 700.896 0.0399461
60.61 700.897 0.0398565
60.62 700.897 0.0397669
60.63 700.898 0.0396772
60.64 700.898 0.0395874
60.65 700.898 0.0394977
60.66 700.899 0.0394079
60.67 700.899 0.0393181
60.68 700.9 0.0392282
60.69 700.9 0.0391383
60.7 700.9 0.0390484
60.71 700.901 0.0389584
60.72 700.901 0.0388684
60.73 700.902 0.0387783
60.74 700.902 0.0386882
60.75 700.902 0.0385981
60.76 700.903 0.0385079
60.77 700.903 0.0384177
60.78 700.903 0.0383274
60.79 700.904 0.0382371
60.8 700.904 0.0381468
60.81 700.905 0.0380564
60.82 700.905 0.037966
60.83 700.905 0.0378756
60.84 700.906 0.0377851
60.85 700.906 0.0376946
60.86 700.906 0.037604
60.87 700.907 0.0375134
60.88 700.907 0.0374228
60.89 700.908 0.0373322
60.9 700.908 0.0372414
60.91 700.908 0.0371507
60.92 700.909 0.0370599
60.93 700.909 0.0369691
60.94 700.909 0.0368783
60.95 700.91 0.0367874
60.96 700.91 0.0366964
60.97 700.911 0.0366055
60.98 700.911 0.0365145
60.99 700.911 0.0364235
61 700.912 0.0363324
61.01 700.912 0.0362413
61.02 700.912 0.0361501
61.03 700.913 0.0360589
61.04 700.913 0.0359677
61.05 700.913 0.0358765
61.06 700.914 0.0357852
61.07 700.914 0.0356939
61.08 700.915 0.0356025
61.09 700.915 0.0355111
61.1 700.915 0.0354197
61.11 700.916 0.0353282
61.12 700.916 0.0352367
61.13 700.916 0.0351452
61.14 700.917 0.0350536
61.15 700.917 0.034962
61.16 700.917 0.0348704
61.17 700.918 0.0347787
61.18 700.918 0.034687
61.19 700.918 0.0345953
61.2 700.919 0.0345035
61.21 700.919 0.0344117
61.22 700.919 0.0343198
61.23 700.92 0.034228
61.24 700.92 0.034136
61.25 700.92 0.0340441
61.26 700.921 0.0339521
61.27 700.921 0.0338601
61.28 700.921 0.033768
61.29 700.922 0.033676
61.3 700.922 0.0335839
61.31 700.922 0.0334917
61.32 700.923 0.0333995
61.33 700.923 0.0333073
61.34 700.923 0.0332151
61.35 700.924 0.0331228
61.36 700.924 0.0330305
61.37 700.924 0.0329381
61.38 700.925 0.0328457
61.39 700.925 0.0327533
61.4 700.925 0.0326609
61.41 700.926 0.0325684
61.42 700.926 0.0324759
61.43 700.926 0.0323833
61.44 700.927 0.0322908
61.45 700.927 0.0321981
61.46 700.927 0.0321055
61.47 700.928 0.0320129
61.48 700.928 0.0319201
61.49 700.928 0.0318274
61.5 700.929 0.0317346
61.51 700.929 0.0316418
61.52 700.929 0.031549
61.53 700.93 0.0314561
61.54 700.93 0.0313632
61.55 700.93 0.0312703
61.56 700.931 0.0311773
61.57 700.931 0.0310843
61.58 700.931 0.0309913
61.59 700.931 0.0308983
61.6 700.932 0.0308052
61.61 700.932 0.030712
61.62 700.932 0.0306189
61.63 700.933 0.0305257
61.64 700.933 0.0304325
61.65 700.933 0.0303393
61.66 700.934 0.030246
61.67 700.934 0.0301527
61.68 700.934 0.0300594
61.69 700.934 0.029966
61.7 700.935 0.0298727
61.71 700.935 0.0297793
61.72 700.935 0.0296858
61.73 700.936 0.0295924
61.74 700.936 0.0294989
61.75 700.936 0.0294053
61.76 700.937 0.0293117
61.77 700.937 0.0292182
61.78 700.937 0.0291246
61.79 700.937 0.0290309
61.8 700.938 0.0289372
61.81 700.938 0.0288435
61.82 700.938 0.0287498
61.83 700.939 0.028656
61.84 700.939 0.0285622
61.85 700.939 0.0284684
61.86 700.939 0.0283746
61.87 700.94 0.0282807
61.88 700.94 0.0281868
61.89 700.94 0.0280928
61.9 700.941 0.0279989
61.91 700.941 0.0279049
61.92 700.941 0.0278109
61.93 700.941 0.0277168
61.94 700.942 0.0276227
61.95 700.942 0.0275286
61.96 700.942 0.0274345
61.97 700.943 0.0273404
61.98 700.943 0.0272462
61.99 700.943 0.027152
62 700.943 0.0270577
62.01 700.944 0.0269635
62.02 700.944 0.0268692
62.03 700.944 0.0267749
62.04 700.944 0.0266805
62.05 700.945 0.0265861
62.06 700.945 0.0264918
62.07 700.945 0.0263973
62.08 700.945 0.0263029
62.09 700.946 0.0262084
62.1 700.946 0.0261139
62.11 700.946 0.0260194
62.12 700.946 0.0259249
62.13 700.947 0.0258303
62.14 700.947 0.0257357
62.15 700.947 0.025641
62.16 700.948 0.0255464
62.17 700.948 0.0254517
62.18 700.948 0.025357
62.19 700.948 0.0252623
62.2 700.949 0.0251675
62.21 700.949 0.0250727
62.22 700.949 0.0249779
62.23 700.949 0.0248831
62.24 700.95 0.0247883
62.25 700.95 0.0246934
62.26 700.95 0.0245985
62.27 700.95 0.0245035
62.28 700.951 0.0244086
62.29 700.951 0.0243136
62.3 700.951 0.0242186
62.31 700.951 0.0241235
62.32 700.951 0.0240285
62.33 700.952 0.0239334
62.34 700.952 0.0238383
62.35 700.952 0.0237432
62.36 700.952 0.023648
62.37 700.953 0.0235529
62.38 700.953 0.0234577
62.39 700.953 0.0233625
62.4 700.953 0.0232672
62.41 700.954 0.023172
62.42 700.954 0.0230767
62.43 700.954 0.0229814
62.44 700.954 0.022886
62.45 700.955 0.0227907
62.46 700.955 0.0226953
62.47 700.955 0.0225999
62.48 700.955 0.0225045
62.49 700.955 0.022409
62.5 700.956 0.0223136
62.51 700.956 0.0222181
62.52 700.956 0.0221225
62.53 700.956 0.022027
62.54 700.957 0.0219314
62.55 700.957 0.0218359
62.56 700.957 0.0217403
62.57 700.957 0.0216447
62.58 700.957 0.021549
62.59 700.958 0.0214534
62.6 700.958 0.0213577
62.61 700.958 0.021262
62.62 700.958 0.0211663
62.63 700.958 0.0210705
62.64 700.959 0.0209747
62.65 700.959 0.0208789
62.66 700.959 0.0207831
62.67 700.959 0.0206873
62.68 700.959 0.0205914
62.69 700.96 0.0204956
62.7 700.96 0.0203997
62.71 700.96 0.0203038
62.72 700.96 0.0202078
62.73 700.961 0.0201119
62.74 700.961 0.0200159
62.75 700.961 0.0199199
62.76 700.961 0.0198239
62.77 700.961 0.0197279
62.78 700.961 0.0196318
62.79 700.962 0.0195357
62.8 700.962 0.0194396
62.81 700.962 0.0193435
62.82 700.962 0.0192474
62.83 700.962 0.0191513
62.84 700.963 0.0190551
62.85 700.963 0.0189589
62.86 700.963 0.0188627
62.87 700.963 0.0187665
62.88 700.963 0.0186702
62.89 700.964 0.018574
62.9 700.964 0.0184777
62.91 700.964 0.0183814
62.92 700.964 0.0182851
62.93 700.964 0.0181887
62.94 700.965 0.0180924
62.95 700.965 0.017996
62.96 700.965 0.0178996
62.97 700.965 0.0178032
62.98 700.965 0.0177068
62.99 700.965 0.0176103
63 700.966 0.0175138
63.01 700.966 0.0174174
63.02 700.966 0.0173209
63.03 700.966 0.0172243
63.04 700.966 0.0171278
63.05 700.966 0.0170313
63.06 700.967 0.0169347
63.07 700.967 0.0168381
63.08 700.967 0.0167415
63.09 700.967 0.0166449
63.1 700.967 0.0165483
63.11 700.967 0.0164516
63.12 700.968 0.016355
63.13 700.968 0.0162583
63.14 700.968 0.0161616
63.15 700.968 0.0160648
63.16 700.968 0.0159681
63.17 700.968 0.0158714
63.18 700.969 0.0157746
63.19 700.969 0.0156778
63.2 700.969 0.015581
63.21 700.969 0.0154842
63.22 700.969 0.0153874
63.23 700.969 0.0152905
63.24 700.969 0.0151937
63.25 700.97 0.0150968
63.26 700.97 0.0149999
63.27 700.97 0.014903
63.28 700.97 0.0148061
63.29 700.97 0.0147092
63.3 700.97 0.0146122
63.31 700.971 0.0145153
63.32 700.971 0.0144183
63.33 700.971 0.0143213
63.34 700.971 0.0142243
63.35 700.971 0.0141273
63.36 700.971 0.0140303
63.37 700.971 0.0139332
63.38 700.972 0.0138362
63.39 700.972 0.0137391
63.4 700.972 0.013642
63.41 700.972 0.0135449
63.42 700.972 0.0134478
63.43 700.972 0.0133507
63.44 700.972 0.0132536
63.45 700.972 0.0131564
63.46 700.973 0.0130592
63.47 700.973 0.0129621
63.48 700.973 0.0128649
63.49 700.973 0.0127677
63.5 700.973 0.0126705
63.51 700.973 0.0125732
63.52 700.973 0.012476
63.53 700.973 0.0123787
63.54 700.974 0.0122814
63.55 700.974 0.0121842
63.56 700.974 0.0120869
63.57 700.974 0.0119896
63.58 700.974 0.0118922
63.59 700.974 0.0117949
63.6 700.974 0.0116976
63.61 700.974 0.0116002
63.62 700.975 0.0115029
63.63 700.975 0.0114055
63.64 700.975 0.0113081
63.65 700.975 0.0112107
63.66 700.975 0.0111133
63.67 700.975 0.0110159
63.68 700.975 0.0109185
63.69 700.975 0.010821
63.7 700.975 0.0107235
63.71 700.976 0.0106261
63.72 700.976 0.0105286
63.73 700.976 0.0104311
63.74 700.976 0.0103336
63.75 700.976 0.0102361
63.76 700.976 0.0101386
63.77 700.976 0.0100411
63.78 700.976 0.00994354
63.79 700.976 0.00984599
63.8 700.976 0.00974843
63.81 700.977 0.00965088
63.82 700.977 0.00955332
63.83 700.977 0.00945572
63.84 700.977 0.00935812
63.85 700.977 0.00926051
63.86 700.977 0.00916291
63.87 700.977 0.00906531
63.88 700.977 0.00896766
63.89 700.977 0.00887001
63.9 700.977 0.00877236
63.91 700.977 0.00867471
63.92 700.978 0.00857706
63.93 700.978 0.00847937
63.94 700.978 0.00838167
63.95 700.978 0.00828397
63.96 700.978 0.00818628
63.97 700.978 0.00808858
63.98 700.978 0.00799089
63.99 700.978 0.00789315
64 700.978 0.0077954
64.01 700.978 0.00769766
64.02 700.978 0.00759992
64.03 700.978 0.00750218
64.04 700.978 0.00740443
64.05 700.979 0.00730664
64.06 700.979 0.00720886
64.07 700.979 0.00711107
64.08 700.979 0.00701328
64.09 700.979 0.00691549
64.1 700.979 0.0068177
64.11 700.979 0.00671991
64.12 700.979 0.00662208
64.13 700.979 0.00652424
64.14 700.979 0.00642641
64.15 700.979 0.00632857
64.16 700.979 0.00623073
64.17 700.979 0.0061329
64.18 700.979 0.00603506
64.19 700.979 0.00593718
64.2 700.98 0.0058393
64.21 700.98 0.00574142
64.22 700.98 0.00564354
64.23 700.98 0.00554565
64.24 700.98 0.00544777
64.25 700.98 0.00534989
64.26 700.98 0.00525201
64.27 700.98 0.00515408
64.28 700.98 0.00505615
64.29 700.98 0.00495822
64.3 700.98 0.00486029
64.31 700.98 0.00476236
64.32 700.98 0.00466444
64.33 700.98 0.00456651
64.34 700.98 0.00446858
64.35 700.98 0.00437065
64.36 700.98 0.00427272
64.37 700.98 0.00417475
64.38 700.98 0.00407677
64.39 700.98 0.0039788
64.4 700.981 0.00388082
64.41 700.981 0.00378285
64.42 700.981 0.00368487
64.43 700.981 0.0035869
64.44 700.981 0.00348892
64.45 700.981 0.00339095
64.46 700.981 0.00329297
64.47 700.981 0.003195
64.48 700.981 0.00309702
64.49 700.981 0.00299904
64.5 700.981 0.00290102
64.51 700.981 0.002803
64.52 700.981 0.00270498
64.53 700.981 0.00260696
64.54 700.981 0.00250894
64.55 700.981 0.00241091
64.56 700.981 0.00231289
64.57 700.981 0.00221487
64.58 700.981 0.00211685
64.59 700.981 0.00201883
64.6 700.981 0.00192081
64.61 700.981 0.00182278
64.62 700.981 0.00172476
64.63 700.981 0.00162674
64.64 700.981 0.00152872
64.65 700.981 0.0014307
64.66 700.981 0.00133268
64.67 700.981 0.00123465
64.68 700.981 0.00113663
64.69 700.981 0.00103861
64.7 700.981 0.000940589
64.71 700.981 0.000842568
64.72 700.981 0.000744546
64.73 700.981 0.000646524
64.74 700.981 0.000548502
64.75 700.981 0.000450434
64.76 700.981 0.000352366
64.77 700.981 0.000254298
64.78 700.981 0.000156229
64.79 700.981 5.81611e-05
64.8 700.981 -3.99072e-05
64.81 700.981 -0.000137975
64.82 700.981 -0.000235997
64.83 700.981 -0.000334019
64.84 700.981 -0.000432041
64.85 700.981 -0.000530062
64.86 700.981 -0.000628084
64.87 700.981 -0.000726106
64.88 700.981 -0.000824127
64.89 700.981 -0.000922149
64.9 700.981 -0.00102017
64.91 700.981 -0.00111819
64.92 700.981 -0.00121621
64.93 700.981 -0.00131424
64.94 700.981 -0.00141226
64.95 700.981 -0.00151028
64.96 700.981 -0.0016083
64.97 700.981 -0.00170632
64.98 700.981 -0.00180434
64.99 700.981 -0.00190237
65 700.981 -0.00200039
65.01 700.981 -0.00209841
65.02 700.981 -0.00219643
65.03 700.981 -0.00229445
65.04 700.981 -0.00239247
65.05 700.981 -0.0024905
65.06 700.981 -0.00258852
65.07 700.981 -0.00268654
65.08 700.981 -0.00278456
65.09 700.981 -0.00288258
65.1 700.981 -0.0029806
65.11 700.981 -0.00307863
65.12 700.981 -0.0031766
65.13 700.981 -0.00327458
65.14 700.981 -0.00337255
65.15 700.981 -0.00347053
65.16 700.981 -0.0035685
65.17 700.981 -0.00366648
65.18 700.981 -0.00376445
65.19 700.98 -0.00386243
65.2 700.98 -0.0039604
65.21 700.98 -0.00405838
65.22 700.98 -0.00415635
65.23 700.98 -0.00425433
65.24 700.98 -0.0043523
65.25 700.98 -0.00445023
65.26 700.98 -0.00454816
65.27 700.98 -0.00464609
65.28 700.98 -0.00474402
65.29 700.98 -0.00484195
65.3 700.98 -0.00493987
65.31 700.98 -0.0050378
65.32 700.98 -0.00513573
65.33 700.98 -0.00523366
65.34 700.98 -0.00533159
65.35 700.98 -0.00542947
65.36 700.98 -0.00552735
65.37 700.98 -0.00562523
65.38 700.98 -0.00572312
65.39 700.979 -0.005821
65.4 700.979 -0.00591888
65.41 700.979 -0.00601676
65.42 700.979 -0.00611464
65.43 700.979 -0.00621248
65.44 700.979 -0.00631032
65.45 700.979 -0.00640815
65.46 700.979 -0.00650599
65.47 700.979 -0.00660382
65.48 700.979 -0.00670166
65.49 700.979 -0.00679949
65.5 700.979 -0.00689728
65.51 700.979 -0.00699507
65.52 700.979 -0.00709286
65.53 700.979 -0.00719065
65.54 700.979 -0.00728844
65.55 700.978 -0.00738623
65.56 700.978 -0.00748397
65.57 700.978 -0.00758171
65.58 700.978 -0.00767945
65.59 700.978 -0.0077772
65.6 700.978 -0.00787494
65.61 700.978 -0.00797268
65.62 700.978 -0.00807038
65.63 700.978 -0.00816807
65.64 700.978 -0.00826577
65.65 700.978 -0.00836346
65.66 700.978 -0.00846116
65.67 700.977 -0.00855885
65.68 700.977 -0.0086565
65.69 700.977 -0.00875415
65.7 700.977 -0.0088518
65.71 700.977 -0.00894945
65.72 700.977 -0.0090471
65.73 700.977 -0.0091447
65.74 700.977 -0.00924231
65.75 700.977 -0.00933991
65.76 700.977 -0.00943751
65.77 700.977 -0.00953511
65.78 700.976 -0.00963267
65.79 700.976 -0.00973023
65.8 700.976 -0.00982778
65.81 700.976 -0.00992534
65.82 700.976 -0.0100229
65.83 700.976 -0.0101204
65.84 700.976 -0.0102179
65.85 700.976 -0.0103154
65.86 700.976 -0.0104129
65.87 700.976 -0.0105104
65.88 700.975 -0.0106079
65.89 700.975 -0.0107054
65.9 700.975 -0.0108028
65.91 700.975 -0.0109003
65.92 700.975 -0.0109977
65.93 700.975 -0.0110951
65.94 700.975 -0.0111925
65.95 700.975 -0.01129
65.96 700.975 -0.0113873
65.97 700.974 -0.0114847
65.98 700.974 -0.0115821
65.99 700.974 -0.0116794
66 700.974 -0.0117768
66.01 700.974 -0.0118741
66.02 700.974 -0.0119714
66.03 700.974 -0.0120687
66.04 700.974 -0.012166
66.05 700.973 -0.0122633
66.06 700.973 -0.0123606
66.07 700.973 -0.0124578
66.08 700.973 -0.0125551
66.09 700.973 -0.0126523
66.1 700.973 -0.0127495
66.11 700.973 -0.0128468
66.12 700.973 -0.0129439
66.13 700.972 -0.0130411
66.14 700.972 -0.0131383
66.15 700.972 -0.0132354
66.16 700.972 -0.0133326
66.17 700.972 -0.0134297
66.18 700.972 -0.0135269
66.19 700.972 -0.0136239
66.2 700.972 -0.013721
66.21 700.971 -0.0138181
66.22 700.971 -0.0139152
66.23 700.971 -0.0140122
66.24 700.971 -0.0141093
66.25 700.971 -0.0142063
66.26 700.971 -0.0143033
66.27 700.971 -0.0144003
66.28 700.97 -0.0144973
66.29 700.97 -0.0145942
66.3 700.97 -0.0146912
66.31 700.97 -0.0147881
66.32 700.97 -0.014885
66.33 700.97 -0.014982
66.34 700.97 -0.0150789
66.35 700.969 -0.0151757
66.36 700.969 -0.0152726
66.37 700.969 -0.0153694
66.38 700.969 -0.0154662
66.39 700.969 -0.0155631
66.4 700.969 -0.0156599
66.41 700.968 -0.0157566
66.42 700.968 -0.0158534
66.43 700.968 -0.0159502
66.44 700.968 -0.0160469
66.45 700.968 -0.0161436
66.46 700.968 -0.0162403
66.47 700.967 -0.016337
66.48 700.967 -0.0164337
66.49 700.967 -0.0165303
66.5 700.967 -0.0166269
66.51 700.967 -0.0167236
66.52 700.967 -0.0168202
66.53 700.966 -0.0169168
66.54 700.966 -0.0170134
66.55 700.966 -0.0171099
66.56 700.966 -0.0172064
66.57 700.966 -0.0173029
66.58 700.966 -0.0173994
66.59 700.965 -0.0174959
66.6 700.965 -0.0175924
66.61 700.965 -0.0176888
66.62 700.965 -0.0177853
66.63 700.965 -0.0178817
66.64 700.965 -0.0179781
66.65 700.964 -0.0180745
66.66 700.964 -0.0181708
66.67 700.964 -0.0182671
66.68 700.964 -0.0183634
66.69 700.964 -0.0184597
66.7 700.963 -0.018556
66.71 700.963 -0.0186523
66.72 700.963 -0.0187485
66.73 700.963 -0.0188448
66.74 700.963 -0.018941
66.75 700.963 -0.0190372
66.76 700.962 -0.0191334
66.77 700.962 -0.0192295
66.78 700.962 -0.0193256
66.79 700.962 -0.0194218
66.8 700.962 -0.0195179
66.81 700.961 -0.0196139
66.82 700.961 -0.01971
66.83 700.961 -0.019806
66.84 700.961 -0.019902
66.85 700.961 -0.0199981
66.86 700.96 -0.020094
66.87 700.96 -0.02019
66.88 700.96 -0.0202859
66.89 700.96 -0.0203819
66.9 700.96 -0.0204777
66.91 700.959 -0.0205736
66.92 700.959 -0.0206694
66.93 700.959 -0.0207653
66.94 700.959 -0.0208611
66.95 700.958 -0.0209569
66.96 700.958 -0.0210527
66.97 700.958 -0.0211484
66.98 700.958 -0.0212442
66.99 700.958 -0.0213399
67 700.957 -0.0214356
67.01 700.957 -0.0215312
67.02 700.957 -0.0216268
67.03 700.957 -0.0217224
67.04 700.957 -0.021818
67.05 700.956 -0.0219136
67.06 700.956 -0.0220092
67.07 700.956 -0.0221048
67.08 700.956 -0.0222003
67.09 700.955 -0.0222958
67.1 700.955 -0.0223912
67.11 700.955 -0.0224867
67.12 700.955 -0.0225821
67.13 700.955 -0.0226775
67.14 700.954 -0.0227729
67.15 700.954 -0.0228683
67.16 700.954 -0.0229636
67.17 700.954 -0.0230589
67.18 700.953 -0.0231542
67.19 700.953 -0.0232494
67.2 700.953 -0.0233447
67.21 700.953 -0.0234399
67.22 700.952 -0.0235351
67.23 700.952 -0.0236303
67.24 700.952 -0.0237254
67.25 700.952 -0.0238205
67.26 700.952 -0.0239156
67.27 700.951 -0.0240107
67.28 700.951 -0.0241057
67.29 700.951 -0.0242008
67.3 700.951 -0.0242958
67.31 700.95 -0.0243908
67.32 700.95 -0.0244857
67.33 700.95 -0.0245807
67.34 700.95 -0.0246756
67.35 700.949 -0.0247704
67.36 700.949 -0.0248653
67.37 700.949 -0.0249601
67.38 700.949 -0.0250549
67.39 700.948 -0.0251497
67.4 700.948 -0.0252444
67.41 700.948 -0.0253391
67.42 700.948 -0.0254339
67.43 700.947 -0.0255285
67.44 700.947 -0.0256232
67.45 700.947 -0.0257178
67.46 700.947 -0.0258124
67.47 700.946 -0.025907
67.48 700.946 -0.0260015
67.49 700.946 -0.0260961
67.5 700.945 -0.0261906
67.51 700.945 -0.026285
67.52 700.945 -0.0263795
67.53 700.945 -0.0264739
67.54 700.944 -0.0265683
67.55 700.944 -0.0266626
67.56 700.944 -0.026757
67.57 700.944 -0.0268513
67.58 700.943 -0.0269456
67.59 700.943 -0.0270398
67.6 700.943 -0.0271341
67.61 700.943 -0.0272283
67.62 700.942 -0.0273224
67.63 700.942 -0.0274166
67.64 700.942 -0.0275107
67.65 700.941 -0.0276048
67.66 700.941 -0.0276989
67.67 700.941 -0.0277929
67.68 700.941 -0.0278869
67.69 700.94 -0.0279809
67.7 700.94 -0.0280749
67.71 700.94 -0.0281688
67.72 700.939 -0.0282627
67.73 700.939 -0.0283565
67.74 700.939 -0.0284504
67.75 700.939 -0.0285442
67.76 700.938 -0.028638
67.77 700.938 -0.0287317
67.78 700.938 -0.0288255
67.79 700.937 -0.0289191
67.8 700.937 -0.0290128
67.81 700.937 -0.0291065
67.82 700.937 -0.0292001
67.83 700.936 -0.0292937
67.84 700.936 -0.0293872
67.85 700.936 -0.0294807
67.86 700.935 -0.0295742
67.87 700.935 -0.0296677
67.88 700.935 -0.0297612
67.89 700.935 -0.0298546
67.9 700.934 -0.0299479
67.91 700.934 -0.0300413
67.92 700.934 -0.0301346
67.93 700.933 -0.0302279
67.94 700.933 -0.0303212
67.95 700.933 -0.0304144
67.96 700.932 -0.0305076
67.97 700.932 -0.0306007
67.98 700.932 -0.0306939
67.99 700.932 -0.030787
68 700.931 -0.03088
68.01 700.931 -0.0309731
68.02 700.931 -0.0310661
68.03 700.93 -0.0311591
68.04 700.93 -0.031252
68.05 700.93 -0.0313449
68.06 700.929 -0.0314378
68.07 700.929 -0.0315307
68.08 700.929 -0.0316235
68.09 700.928 -0.0317163
68.1 700.928 -0.031809
68.11 700.928 -0.0319018
68.12 700.927 -0.0319945
68.13 700.927 -0.0320871
68.14 700.927 -0.0321798
68.15 700.926 -0.0322724
68.16 700.926 -0.0323649
68.17 700.926 -0.0324575
68.18 700.925 -0.03255
68.19 700.925 -0.0326424
68.2 700.925 -0.0327349
68.21 700.925 -0.0328273
68.22 700.924 -0.0329196
68.23 700.924 -0.033012
68.24 700.924 -0.0331043
68.25 700.923 -0.0331966
68.26 700.923 -0.0332888
68.27 700.923 -0.033381
68.28 700.922 -0.0334732
68.29 700.922 -0.0335653
68.3 700.922 -0.0336574
68.31 700.921 -0.0337495
68.32 700.921 -0.0338416
68.33 700.92 -0.0339336
68.34 700.92 -0.0340255
68.35 700.92 -0.0341175
68.36 700.919 -0.0342094
68.37 700.919 -0.0343013
68.38 700.919 -0.0343931
68.39 700.918 -0.0344849
68.4 700.918 -0.0345767
68.41 700.918 -0.0346684
68.42 700.917 -0.0347601
68.43 700.917 -0.0348517
68.44 700.917 -0.0349434
68.45 700.916 -0.035035
68.46 700.916 -0.0351265
68.47 700.916 -0.035218
68.48 700.915 -0.0353095
68.49 700.915 -0.035401
68.5 700.915 -0.0354924
68.51 700.914 -0.0355837
68.52 700.914 -0.0356751
68.53 700.914 -0.0357664
68.54 700.913 -0.0358577
68.55 700.913 -0.0359489
68.56 700.912 -0.0360401
68.57 700.912 -0.0361313
68.58 700.912 -0.0362224
68.59 700.911 -0.0363135
68.6 700.911 -0.0364046
68.61 700.911 -0.0364956
68.62 700.91 -0.0365866
68.63 700.91 -0.0366775
68.64 700.91 -0.0367684
68.65 700.909 -0.0368593
68.66 700.909 -0.0369502
68.67 700.908 -0.037041
68.68 700.908 -0.0371317
68.69 700.908 -0.0372224
68.7 700.907 -0.0373132
68.71 700.907 -0.0374038
68.72 700.907 -0.0374944
68.73 700.906 -0.037585
68.74 700.906 -0.0376755
68.75 700.905 -0.037766
68.76 700.905 -0.0378565
68.77 700.905 -0.0379469
68.78 700.904 -0.0380373
68.79 700.904 -0.0381276
68.8 700.904 -0.0382179
68.81 700.903 -0.0383082
68.82 700.903 -0.0383985
68.83 700.902 -0.0384887
68.84 700.902 -0.0385788
68.85 700.902 -0.0386689
68.86 700.901 -0.038759
68.87 700.901 -0.0388491
68.88 700.9 -0.0389391
68.89 700.9 -0.039029
68.9 700.9 -0.0391189
68.91 700.899 -0.0392088
68.92 700.899 -0.0392986
68.93 700.898 -0.0393885
68.94 700.898 -0.0394783
68.95 700.898 -0.039568
68.96 700.897 -0.0396577
68.97 700.897 -0.0397473
68.98 700.896 -0.0398369
68.99 700.896 -0.0399265
69 700.896 -0.040016
69.01 700.895 -0.0401055
69.02 700.895 -0.040195
69.03 700.894 -0.0402844
69.04 700.894 -0.0403738
69.05 700.894 -0.0404631
69.06 700.893 -0.0405523
69.07 700.893 -0.0406416
69.08 700.892 -0.0407308
69.09 700.892 -0.04082
69.1 700.892 -0.0409091
69.11 700.891 -0.0409982
69.12 700.891 -0.0410873
69.13 700.89 -0.0411762
69.14 700.89 -0.0412652
69.15 700.89 -0.0413541
69.16 700.889 -0.041443
69.17 700.889 -0.0415319
69.18 700.888 -0.0416207
69.19 700.888 -0.0417094
69.2 700.887 -0.0417981
69.21 700.887 -0.0418868
69.22 700.887 -0.0419754
69.23 700.886 -0.042064
69.24 700.886 -0.0421525
69.25 700.885 -0.042241
69.26 700.885 -0.0423295
69.27 700.885 -0.0424179
69.28 700.884 -0.0425063
69.29 700.884 -0.0425946
69.3 700.883 -0.0426829
69.31 700.883 -0.0427712
69.32 700.882 -0.0428594
69.33 700.882 -0.0429475
69.34 700.882 -0.0430356
69.35 700.881 -0.0431237
69.36 700.881 -0.0432117
69.37 700.88 -0.0432997
69.38 700.88 -0.0433877
69.39 700.879 -0.0434756
69.4 700.879 -0.0435635
69.41 700.879 -0.0436513
69.42 700.878 -0.0437391
69.43 700.878 -0.0438268
69.44 700.877 -0.0439145
69.45 700.877 -0.0440022
69.46 700.876 -0.0440897
69.47 700.876 -0.0441773
69.48 700.875 -0.0442648
69.49 700.875 -0.0443522
69.5 700.875 -0.0444396
69.51 700.874 -0.044527
69.52 700.874 -0.0446143
69.53 700.873 -0.0447016
69.54 700.873 -0.0447888
69.55 700.872 -0.0448761
69.56 700.872 -0.0449632
69.57 700.871 -0.0450504
69.58 700.871 -0.0451374
69.59 700.871 -0.0452245
69.6 700.87 -0.0453115
69.61 700.87 -0.0453984
69.62 700.869 -0.0454853
69.63 700.869 -0.0455721
69.64 700.868 -0.0456589
69.65 700.868 -0.0457457
69.66 700.867 -0.0458324
69.67 700.867 -0.045919
69.68 700.866 -0.0460057
69.69 700.866 -0.0460922
69.7 700.865 -0.0461787
69.71 700.865 -0.0462652
69.72 700.865 -0.0463516
69.73 700.864 -0.046438
69.74 700.864 -0.0465244
69.75 700.863 -0.0466106
69.76 700.863 -0.0466969
69.77 700.862 -0.0467831
69.78 700.862 -0.0468692
69.79 700.861 -0.0469553
69.8 700.861 -0.0470414
69.81 700.86 -0.0471274
69.82 700.86 -0.0472134
69.83 700.859 -0.0472993
69.84 700.859 -0.0473851
69.85 700.858 -0.047471
69.86 700.858 -0.0475567
69.87 700.857 -0.0476425
69.88 700.857 -0.0477281
69.89 700.857 -0.0478138
69.9 700.856 -0.0478994
69.91 700.856 -0.0479849
69.92 700.855 -0.0480704
69.93 700.855 -0.0481558
69.94 700.854 -0.0482413
69.95 700.854 -0.0483266
69.96 700.853 -0.0484118
69.97 700.853 -0.048497
69.98 700.852 -0.0485822
69.99 700.852 -0.0486673
70 700.851 -0.0487524
70.01 700.851 -0.0488374
70.02 700.85 -0.0489224
70.03 700.85 -0.0490074
70.04 700.849 -0.0490922
70.05 700.849 -0.0491771
70.06 700.848 -0.0492619
70.07 700.848 -0.0493466
70.08 700.847 -0.0494313
70.09 700.847 -0.049516
70.1 700.846 -0.0496006
70.11 700.846 -0.0496852
70.12 700.845 -0.0497697
70.13 700.845 -0.0498542
70.14 700.844 -0.0499385
70.15 700.844 -0.0500229
70.16 700.843 -0.0501072
70.17 700.843 -0.0501914
70.18 700.842 -0.0502756
70.19 700.842 -0.0503597
70.2 700.841 -0.0504438
70.21 700.841 -0.0505279
70.22 700.84 -0.0506119
70.23 700.84 -0.0506958
70.24 700.839 -0.0507798
70.25 700.839 -0.0508636
70.26 700.838 -0.0509474
70.27 700.838 -0.0510311
70.28 700.837 -0.0511148
70.29 700.837 -0.0511984
70.3 700.836 -0.051282
70.31 700.836 -0.0513656
70.32 700.835 -0.0514491
70.33 700.835 -0.0515325
70.34 700.834 -0.0516159
70.35 700.834 -0.0516993
70.36 700.833 -0.0517825
70.37 700.833 -0.0518657
70.38 700.832 -0.0519489
70.39 700.832 -0.052032
70.4 700.831 -0.0521151
70.41 700.83 -0.0521981
70.42 700.83 -0.0522811
70.43 700.829 -0.052364
70.44 700.829 -0.0524469
70.45 700.828 -0.0525297
70.46 700.828 -0.0526125
70.47 700.827 -0.0526952
70.48 700.827 -0.0527778
70.49 700.826 -0.0528604
70.5 700.826 -0.052943
70.51 700.825 -0.0530255
70.52 700.825 -0.0531079
70.53 700.824 -0.0531903
70.54 700.824 -0.0532726
70.55 700.823 -0.0533549
70.56 700.823 -0.0534371
70.57 700.822 -0.0535193
70.58 700.821 -0.0536015
70.59 700.821 -0.0536835
70.6 700.82 -0.0537655
70.61 700.82 -0.0538475
70.62 700.819 -0.0539294
70.63 700.819 -0.0540113
70.64 700.818 -0.0540931
70.65 700.818 -0.0541748
70.66 700.817 -0.0542565
70.67 700.817 -0.0543382
70.68 700.816 -0.0544197
70.69 700.816 -0.0545013
70.7 700.815 -0.0545828
70.71 700.814 -0.0546642
70.72 700.814 -0.0547455
70.73 700.813 -0.0548268
70.74 700.813 -0.0549081
70.75 700.812 -0.0549893
70.76 700.812 -0.0550705
70.77 700.811 -0.0551515
70.78 700.811 -0.0552326
70.79 700.81 -0.0553135
70.8 700.81 -0.0553945
70.81 700.809 -0.0554753
70.82 700.808 -0.0555561
70.83 700.808 -0.0556369
70.84 700.807 -0.0557176
70.85 700.807 -0.0557982
70.86 700.806 -0.0558788
70.87 700.806 -0.0559594
70.88 700.805 -0.0560399
70.89 700.804 -0.0561203
70.9 700.804 -0.0562007
70.91 700.803 -0.056281
70.92 700.803 -0.0563612
70.93 700.802 -0.0564414
70.94 700.802 -0.0565215
70.95 700.801 -0.0566016
70.96 700.801 -0.0566817
70.97 700.8 -0.0567616
70.98 700.799 -0.0568416
70.99 700.799 -0.0569214
71 700.798 -0.0570012
71.01 700.798 -0.057081
71.02 700.797 -0.0571607
71.03 700.797 -0.0572403
71.04 700.796 -0.0573199
71.05 700.795 -0.0573994
71.06 700.795 -0.0574789
71.07 700.794 -0.0575582
71.08 700.794 -0.0576376
71.09 700.793 -0.0577169
71.1 700.793 -0.0577961
71.11 700.792 -0.0578753
71.12 700.791 -0.0579544
71.13 700.791 -0.0580335
71.14 700.79 -0.0581124
71.15 700.79 -0.0581914
71.16 700.789 -0.0582702
71.17 700.788 -0.0583491
71.18 700.788 -0.0584278
71.19 700.787 -0.0585065
71.2 700.787 -0.0585852
71.21 700.786 -0.0586638
71.22 700.786 -0.0587423
71.23 700.785 -0.0588208
71.24 700.784 -0.0588992
71.25 700.784 -0.0589775
71.26 700.783 -0.0590558
71.27 700.783 -0.059134
71.28 700.782 -0.0592122
71.29 700.781 -0.0592904
71.3 700.781 -0.0593684
71.31 700.78 -0.0594464
71.32 700.78 -0.0595244
71.33 700.779 -0.0596022
71.34 700.778 -0.05968
71.35 700.778 -0.0597578
71.36 700.777 -0.0598355
71.37 700.777 -0.0599131
71.38 700.776 -0.0599907
71.39 700.775 -0.0600683
71.4 700.775 -0.0601457
71.41 700.774 -0.0602231
71.42 700.774 -0.0603005
71.43 700.773 -0.0603778
71.44 700.772 -0.060455
71.45 700.772 -0.0605321
71.46 700.771 -0.0606093
71.47 700.771 -0.0606863
71.48 700.77 -0.0607633
71.49 700.769 -0.0608402
71.5 700.769 -0.0609171
71.51 700.768 -0.0609939
71.52 700.768 -0.0610706
71.53 700.767 -0.0611473
71.54 700.766 -0.0612239
71.55 700.766 -0.0613004
71.56 700.765 -0.061377
71.57 700.764 -0.0614534
71.58 700.764 -0.0615297
71.59 700.763 -0.0616061
71.6 700.763 -0.0616823
71.61 700.762 -0.0617585
71.62 700.761 -0.0618346
71.63 700.761 -0.0619106
71.64 700.76 -0.0619866
71.65 700.76 -0.0620626
71.66 700.759 -0.0621384
71.67 700.758 -0.0622143
71.68 700.758 -0.06229
71.69 700.757 -0.0623657
71.7 700.756 -0.0624413
71.71 700.756 -0.0625169
71.72 700.755 -0.0625924
71.73 700.755 -0.0626678
71.74 700.754 -0.0627432
71.75 700.753 -0.0628185
71.76 700.753 -0.0628938
71.77 700.752 -0.062969
71.78 700.751 -0.0630441
71.79 700.751 -0.0631191
71.8 700.75 -0.0631941
71.81 700.749 -0.0632691
71.82 700.749 -0.063344
71.83 700.748 -0.0634187
71.84 700.748 -0.0634935
71.85 700.747 -0.0635682
71.86 700.746 -0.0636428
71.87 700.746 -0.0637173
71.88 700.745 -0.0637918
71.89 700.744 -0.0638662
71.9 700.744 -0.0639406
71.91 700.743 -0.0640149
71.92 700.742 -0.0640891
71.93 700.742 -0.0641633
71.94 700.741 -0.0642374
71.95 700.741 -0.0643115
71.96 700.74 -0.0643854
71.97 700.739 -0.0644593
71.98 700.739 -0.0645332
71.99 700.738 -0.064607
72 700.737 -0.0646807
72.01 700.737 -0.0647543
72.02 700.736 -0.0648279
72.03 700.735 -0.0649014
72.04 700.735 -0.0649749
72.05 700.734 -0.0650483
72.06 700.733 -0.0651217
72.07 700.733 -0.0651949
72.08 700.732 -0.0652681
72.09 700.731 -0.0653413
72.1 700.731 -0.0654143
72.11 700.73 -0.0654873
72.12 700.73 -0.0655603
72.13 700.729 -0.0656331
72.14 700.728 -0.065706
72.15 700.728 -0.0657787
72.16 700.727 -0.0658514
72.17 700.726 -0.065924
72.18 700.726 -0.0659965
72.19 700.725 -0.066069
72.2 700.724 -0.0661414
72.21 700.724 -0.0662138
72.22 700.723 -0.066286
72.23 700.722 -0.0663583
72.24 700.722 -0.0664304
72.25 700.721 -0.0665025
72.26 700.72 -0.0665745
72.27 700.72 -0.0666464
72.28 700.719 -0.0667183
72.29 700.718 -0.0667901
72.3 700.718 -0.0668619
72.31 700.717 -0.0669335
72.32 700.716 -0.0670052
72.33 700.716 -0.0670767
72.34 700.715 -0.0671482
72.35 700.714 -0.0672196
72.36 700.714 -0.0672909
72.37 700.713 -0.0673622
72.38 700.712 -0.0674334
72.39 700.712 -0.0675046
72.4 700.711 -0.0675756
72.41 700.71 -0.0676467
72.42 700.709 -0.0677176
72.43 700.709 -0.0677885
72.44 700.708 -0.0678593
72.45 700.707 -0.06793
72.46 700.707 -0.0680007
72.47 700.706 -0.0680713
72.48 700.705 -0.0681418
72.49 700.705 -0.0682123
72.5 700.704 -0.0682827
72.51 700.703 -0.068353
72.52 700.703 -0.0684233
72.53 700.702 -0.0684935
72.54 700.701 -0.0685636
72.55 700.701 -0.0686336
72.56 700.7 -0.0687036
72.57 700.699 -0.0687735
72.58 700.699 -0.0688434
72.59 700.698 -0.0689131
72.6 700.697 -0.0689828
72.61 700.696 -0.0690525
72.62 700.696 -0.0691221
72.63 700.695 -0.0691916
72.64 700.694 -0.069261
72.65 700.694 -0.0693304
72.66 700.693 -0.0693997
72.67 700.692 -0.0694689
72.68 700.692 -0.0695381
72.69 700.691 -0.0696072
72.7 700.69 -0.0696762
72.71 700.69 -0.0697452
72.72 700.689 -0.069814
72.73 700.688 -0.0698829
72.74 700.687 -0.0699516
72.75 700.687 -0.0700203
72.76 700.686 -0.0700889
72.77 700.685 -0.0701574
72.78 700.685 -0.0702259
72.79 700.684 -0.0702943
72.8 700.683 -0.0703626
72.81 700.683 -0.0704309
72.82 700.682 -0.070499
72.83 700.681 -0.0705671
72.84 700.68 -0.0706352
72.85 700.68 -0.0707032
72.86 700.679 -0.0707711
72.87 700.678 -0.0708389
72.88 700.678 -0.0709066
72.89 700.677 -0.0709743
72.9 700.676 -0.0710419
72.91 700.675 -0.0711094
72.92 700.675 -0.0711769
72.93 700.674 -0.0712443
72.94 700.673 -0.0713116
72.95 700.673 -0.0713788
72.96 700.672 -0.071446
72.97 700.671 -0.0715131
72.98 700.67 -0.0715802
72.99 700.67 -0.0716472
73 700.669 -0.0717141
73.01 700.668 -0.0717809
73.02 700.668 -0.0718477
73.03 700.667 -0.0719144
73.04 700.666 -0.0719809
73.05 700.665 -0.0720475
73.06 700.665 -0.0721139
73.07 700.664 -0.0721803
73.08 700.663 -0.0722467
73.09 700.663 -0.0723129
73.1 700.662 -0.0723791
73.11 700.661 -0.0724452
73.12 700.66 -0.0725112
73.13 700.66 -0.0725772
73.14 700.659 -0.0726431
73.15 700.658 -0.0727089
73.16 700.657 -0.0727746
73.17 700.657 -0.0728403
73.18 700.656 -0.0729059
73.19 700.655 -0.0729714
73.2 700.655 -0.0730369
73.21 700.654 -0.0731023
73.22 700.653 -0.0731675
73.23 700.652 -0.0732328
73.24 700.652 -0.0732979
73.25 700.651 -0.073363
73.26 700.65 -0.073428
73.27 700.649 -0.073493
73.28 700.649 -0.0735579
73.29 700.648 -0.0736226
73.3 700.647 -0.0736874
73.31 700.646 -0.073752
73.32 700.646 -0.0738166
73.33 700.645 -0.0738811
73.34 700.644 -0.0739455
73.35 700.644 -0.0740098
73.36 700.643 -0.0740741
73.37 700.642 -0.0741383
73.38 700.641 -0.0742024
73.39 700.641 -0.0742665
73.4 700.64 -0.0743304
73.41 700.639 -0.0743943
73.42 700.638 -0.0744582
73.43 700.638 -0.0745219
73.44 700.637 -0.0745856
73.45 700.636 -0.0746492
73.46 700.635 -0.0747127
73.47 700.635 -0.0747762
73.48 700.634 -0.0748395
73.49 700.633 -0.0749028
73.5 700.632 -0.0749661
73.51 700.632 -0.0750292
73.52 700.631 -0.0750923
73.53 700.63 -0.0751553
73.54 700.629 -0.0752182
73.55 700.629 -0.0752811
73.56 700.628 -0.0753439
73.57 700.627 -0.0754066
73.58 700.626 -0.0754692
73.59 700.626 -0.0755318
73.6 700.625 -0.0755942
73.61 700.624 -0.0756566
73.62 700.623 -0.0757189
73.63 700.623 -0.0757812
73.64 700.622 -0.0758434
73.65 700.621 -0.0759055
73.66 700.62 -0.0759675
73.67 700.619 -0.0760294
73.68 700.619 -0.0760913
73.69 700.618 -0.0761531
73.7 700.617 -0.0762148
73.71 700.616 -0.0762765
73.72 700.616 -0.076338
73.73 700.615 -0.0763996
73.74 700.614 -0.076461
73.75 700.613 -0.0765223
73.76 700.613 -0.0765836
73.77 700.612 -0.0766448
73.78 700.611 -0.0767059
73.79 700.61 -0.0767669
73.8 700.61 -0.0768279
73.81 700.609 -0.0768887
73.82 700.608 -0.0769495
73.83 700.607 -0.0770103
73.84 700.606 -0.0770709
73.85 700.606 -0.0771315
73.86 700.605 -0.077192
73.87 700.604 -0.0772524
73.88 700.603 -0.0773127
73.89 700.603 -0.077373
73.9 700.602 -0.0774331
73.91 700.601 -0.0774933
73.92 700.6 -0.0775533
73.93 700.6 -0.0776132
73.94 700.599 -0.0776731
73.95 700.598 -0.0777329
73.96 700.597 -0.0777926
73.97 700.596 -0.0778522
73.98 700.596 -0.0779118
73.99 700.595 -0.0779713
74 700.594 -0.0780307
74.01 700.593 -0.07809
74.02 700.593 -0.0781492
74.03 700.592 -0.0782084
74.04 700.591 -0.0782675
74.05 700.59 -0.0783265
74.06 700.589 -0.0783855
74.07 700.589 -0.0784443
74.08 700.588 -0.0785031
74.09 700.587 -0.0785618
74.1 700.586 -0.0786204
74.11 700.585 -0.078679
74.12 700.585 -0.0787375
74.13 700.584 -0.0787959
74.14 700.583 -0.0788542
74.15 700.582 -0.0789124
74.16 700.582 -0.0789705
74.17 700.581 -0.0790286
74.18 700.58 -0.0790866
74.19 700.579 -0.0791445
74.2 700.578 -0.0792023
74.21 700.578 -0.0792601
74.22 700.577 -0.0793178
74.23 700.576 -0.0793754
74.24 700.575 -0.0794329
74.25 700.574 -0.0794903
74.26 700.574 -0.0795477
74.27 700.573 -0.0796049
74.28 700.572 -0.0796621
74.29 700.571 -0.0797193
74.3 700.57 -0.0797763
74.31 700.57 -0.0798333
74.32 700.569 -0.0798902
74.33 700.568 -0.079947
74.34 700.567 -0.0800037
74.35 700.566 -0.0800603
74.36 700.566 -0.0801169
74.37 700.565 -0.0801734
74.38 700.564 -0.0802298
74.39 700.563 -0.0802861
74.4 700.562 -0.0803423
74.41 700.562 -0.0803985
74.42 700.561 -0.0804545
74.43 700.56 -0.0805106
74.44 700.559 -0.0805665
74.45 700.558 -0.0806223
74.46 700.558 -0.0806781
74.47 700.557 -0.0807337
74.48 700.556 -0.0807893
74.49 700.555 -0.0808449
74.5 700.554 -0.0809003
74.51 700.554 -0.0809556
74.52 700.553 -0.0810109
74.53 700.552 -0.0810661
74.54 700.551 -0.0811212
74.55 700.55 -0.0811763
74.56 700.549 -0.0812312
74.57 700.549 -0.0812861
74.58 700.548 -0.0813409
74.59 700.547 -0.0813956
74.6 700.546 -0.0814502
74.61 700.545 -0.0815047
74.62 700.545 -0.0815592
74.63 700.544 -0.0816136
74.64 700.543 -0.0816679
74.65 700.542 -0.0817221
74.66 700.541 -0.0817763
74.67 700.54 -0.0818303
74.68 700.54 -0.0818843
74.69 700.539 -0.0819382
74.7 700.538 -0.081992
74.71 700.537 -0.0820457
74.72 700.536 -0.0820993
74.73 700.536 -0.0821529
74.74 700.535 -0.0822064
74.75 700.534 -0.0822598
74.76 700.533 -0.0823131
74.77 700.532 -0.0823663
74.78 700.531 -0.0824194
74.79 700.531 -0.0824725
74.8 700.53 -0.0825255
74.81 700.529 -0.0825784
74.82 700.528 -0.0826312
74.83 700.527 -0.0826839
74.84 700.526 -0.0827366
74.85 700.526 -0.0827892
74.86 700.525 -0.0828417
74.87 700.524 -0.082894
74.88 700.523 -0.0829464
74.89 700.522 -0.0829986
74.9 700.522 -0.0830508
74.91 700.521 -0.0831028
74.92 700.52 -0.0831548
74.93 700.519 -0.0832067
74.94 700.518 -0.0832586
74.95 700.517 -0.0833103
74.96 700.517 -0.0833619
74.97 700.516 -0.0834135
74.98 700.515 -0.083465
74.99 700.514 -0.0835164
75 700.513 -0.0835678
75.01 700.512 -0.083619
75.02 700.511 -0.0836702
75.03 700.511 -0.0837212
75.04 700.51 -0.0837722
75.05 700.509 -0.0838231
75.06 700.508 -0.0838739
75.07 700.507 -0.0839247
75.08 700.506 -0.0839754
75.09 700.506 -0.0840259
75.1 700.505 -0.0840764
75.11 700.504 -0.0841268
75.12 700.503 -0.0841771
75.13 700.502 -0.0842274
75.14 700.501 -0.0842775
75.15 700.501 -0.0843276
75.16 700.5 -0.0843775
75.17 700.499 -0.0844275
75.18 700.498 -0.0844773
75.19 700.497 -0.084527
75.2 700.496 -0.0845767
75.21 700.496 -0.0846262
75.22 700.495 -0.0846757
75.23 700.494 -0.0847251
75.24 700.493 -0.0847744
75.25 700.492 -0.0848236
75.26 700.491 -0.0848727
75.27 700.49 -0.0849218
75.28 700.49 -0.0849707
75.29 700.489 -0.0850196
75.3 700.488 -0.0850684
75.31 700.487 -0.0851171
75.32 700.486 -0.0851657
75.33 700.485 -0.0852142
75.34 700.484 -0.0852627
75.35 700.484 -0.0853111
75.36 700.483 -0.0853594
75.37 700.482 -0.0854076
75.38 700.481 -0.0854557
75.39 700.48 -0.0855037
75.4 700.479 -0.0855517
75.41 700.478 -0.0855995
75.42 700.478 -0.0856473
75.43 700.477 -0.085695
75.44 700.476 -0.0857426
75.45 700.475 -0.0857901
75.46 700.474 -0.0858375
75.47 700.473 -0.0858848
75.48 700.472 -0.0859321
75.49 700.472 -0.0859793
75.5 700.471 -0.0860264
75.51 700.47 -0.0860733
75.52 700.469 -0.0861202
75.53 700.468 -0.0861671
75.54 700.467 -0.0862138
75.55 700.466 -0.0862605
75.56 700.466 -0.0863071
75.57 700.465 -0.0863535
75.58 700.464 -0.0863999
75.59 700.463 -0.0864462
75.6 700.462 -0.0864924
75.61 700.461 -0.0865386
75.62 700.46 -0.0865846
75.63 700.46 -0.0866306
75.64 700.459 -0.0866765
75.65 700.458 -0.0867222
75.66 700.457 -0.0867679
75.67 700.456 -0.0868136
75.68 700.455 -0.0868591
75.69 700.454 -0.0869045
75.7 700.453 -0.0869499
75.71 700.453 -0.0869952
75.72 700.452 -0.0870403
75.73 700.451 -0.0870854
75.74 700.45 -0.0871304
75.75 700.449 -0.0871754
75.76 700.448 -0.0872202
75.77 700.447 -0.087265
75.78 700.446 -0.0873096
75.79 700.446 -0.0873542
75.8 700.445 -0.0873987
75.81 700.444 -0.087443
75.82 700.443 -0.0874874
75.83 700.442 -0.0875316
75.84 700.441 -0.0875758
75.85 700.44 -0.0876198
75.86 700.439 -0.0876638
75.87 700.439 -0.0877076
75.88 700.438 -0.0877514
75.89 700.437 -0.0877951
75.9 700.436 -0.0878387
75.91 700.435 -0.0878822
75.92 700.434 -0.0879257
75.93 700.433 -0.087969
75.94 700.432 -0.0880123
75.95 700.432 -0.0880554
75.96 700.431 -0.0880985
75.97 700.43 -0.0881415
75.98 700.429 -0.0881844
75.99 700.428 -0.0882272
76 700.427 -0.0882699
76.01 700.426 -0.0883126
76.02 700.425 -0.0883551
76.03 700.425 -0.0883976
76.04 700.424 -0.08844
76.05 700.423 -0.0884823
76.06 700.422 -0.0885244
76.07 700.421 -0.0885665
76.08 700.42 -0.0886085
76.09 700.419 -0.0886505
76.1 700.418 -0.0886923
76.11 700.417 -0.0887341
76.12 700.417 -0.0887758
76.13 700.416 -0.0888173
76.14 700.415 -0.0888588
76.15 700.414 -0.0889002
76.16 700.413 -0.0889415
76.17 700.412 -0.0889827
76.18 700.411 -0.0890239
76.19 700.41 -0.0890649
76.2 700.409 -0.0891058
76.21 700.409 -0.0891467
76.22 700.408 -0.0891875
76.23 700.407 -0.0892282
76.24 700.406 -0.0892688
76.25 700.405 -0.0893093
76.26 700.404 -0.0893497
76.27 700.403 -0.0893901
76.28 700.402 -0.0894303
76.29 700.401 -0.0894704
76.3 700.4 -0.0895105
76.31 700.4 -0.0895504
76.32 700.399 -0.0895903
76.33 700.398 -0.0896301
76.34 700.397 -0.0896698
76.35 700.396 -0.0897095
76.36 700.395 -0.089749
76.37 700.394 -0.0897884
76.38 700.393 -0.0898278
76.39 700.392 -0.089867
76.4 700.392 -0.0899062
76.41 700.391 -0.0899453
76.42 700.39 -0.0899842
76.43 700.389 -0.0900231
76.44 700.388 -0.0900619
76.45 700.387 -0.0901006
76.46 700.386 -0.0901392
76.47 700.385 -0.0901777
76.48 700.384 -0.0902162
76.49 700.383 -0.0902546
76.5 700.382 -0.0902928
76.51 700.382 -0.090331
76.52 700.381 -0.0903691
76.53 700.38 -0.0904071
76.54 700.379 -0.090445
76.55 700.378 -0.0904828
76.56 700.377 -0.0905205
76.57 700.376 -0.0905582
76.58 700.375 -0.0905957
76.59 700.374 -0.0906331
76.6 700.373 -0.0906705
76.61 700.373 -0.0907077
76.62 700.372 -0.0907449
76.63 700.371 -0.090782
76.64 700.37 -0.0908189
76.65 700.369 -0.0908559
76.66 700.368 -0.0908927
76.67 700.367 -0.0909294
76.68 700.366 -0.0909661
76.69 700.365 -0.0910026
76.7 700.364 -0.0910391
76.71 700.363 -0.0910755
76.72 700.363 -0.0911118
76.73 700.362 -0.0911479
76.74 700.361 -0.091184
76.75 700.36 -0.09122
76.76 700.359 -0.0912559
76.77 700.358 -0.0912917
76.78 700.357 -0.0913274
76.79 700.356 -0.0913631
76.8 700.355 -0.0913986
76.81 700.354 -0.091434
76.82 700.353 -0.0914694
76.83 700.352 -0.0915046
76.84 700.352 -0.0915398
76.85 700.351 -0.0915749
76.86 700.35 -0.0916098
76.87 700.349 -0.0916447
76.88 700.348 -0.0916795
76.89 700.347 -0.0917142
76.9 700.346 -0.0917488
76.91 700.345 -0.0917834
76.92 700.344 -0.0918178
76.93 700.343 -0.0918522
76.94 700.342 -0.0918865
76.95 700.341 -0.0919207
76.96 700.341 -0.0919547
76.97 700.34 -0.0919887
76.98 700.339 -0.0920226
76.99 700.338 -0.0920564
77 700.337 -0.0920902
77.01 700.336 -0.0921238
77.02 700.335 -0.0921573
77.03 700.334 -0.0921907
77.04 700.333 -0.0922241
77.05 700.332 -0.0922573
77.06 700.331 -0.0922905
77.07 700.33 -0.0923235
77.08 700.33 -0.0923565
77.09 700.329 -0.0923894
77.1 700.328 -0.0924222
77.11 700.327 -0.0924549
77.12 700.326 -0.0924875
77.13 700.325 -0.09252
77.14 700.324 -0.0925524
77.15 700.323 -0.0925847
77.16 700.322 -0.0926169
77.17 700.321 -0.092649
77.18 700.32 -0.0926811
77.19 700.319 -0.092713
77.2 700.318 -0.0927449
77.21 700.317 -0.0927766
77.22 700.317 -0.0928083
77.23 700.316 -0.0928399
77.24 700.315 -0.0928713
77.25 700.314 -0.0929027
77.26 700.313 -0.092934
77.27 700.312 -0.0929652
77.28 700.311 -0.0929963
77.29 700.31 -0.0930273
77.3 700.309 -0.0930583
77.31 700.308 -0.0930891
77.32 700.307 -0.0931198
77.33 700.306 -0.0931505
77.34 700.305 -0.093181
77.35 700.304 -0.0932115
77.36 700.304 -0.0932418
77.37 700.303 -0.0932721
77.38 700.302 -0.0933023
77.39 700.301 -0.0933324
77.4 700.3 -0.0933623
77.41 700.299 -0.0933922
77.42 700.298 -0.093422
77.43 700.297 -0.0934517
77.44 700.296 -0.0934814
77.45 700.295 -0.0935109
77.46 700.294 -0.0935403
77.47 700.293 -0.0935697
77.48 700.292 -0.0935989
77.49 700.291 -0.093628
77.5 700.29 -0.0936571
77.51 700.289 -0.0936861
77.52 700.289 -0.0937149
77.53 700.288 -0.0937437
77.54 700.287 -0.0937724
77.55 700.286 -0.093801
77.56 700.285 -0.0938295
77.57 700.284 -0.0938579
77.58 700.283 -0.0938862
77.59 700.282 -0.0939144
77.6 700.281 -0.0939426
77.61 700.28 -0.0939706
77.62 700.279 -0.0939985
77.63 700.278 -0.0940264
77.64 700.277 -0.0940541
77.65 700.276 -0.0940818
77.66 700.275 -0.0941094
77.67 700.274 -0.0941368
77.68 700.274 -0.0941642
77.69 700.273 -0.0941915
77.7 700.272 -0.0942187
77.71 700.271 -0.0942458
77.72 700.27 -0.0942728
77.73 700.269 -0.0942997
77.74 700.268 -0.0943265
77.75 700.267 -0.0943533
77.76 700.266 -0.0943799
77.77 700.265 -0.0944064
77.78 700.264 -0.0944328
77.79 700.263 -0.0944591
77.8 700.262 -0.0944853
77.81 700.261 -0.0945115
77.82 700.26 -0.0945375
77.83 700.259 -0.0945634
77.84 700.258 -0.0945893
77.85 700.257 -0.094615
77.86 700.257 -0.0946407
77.87 700.256 -0.0946662
77.88 700.255 -0.0946917
77.89 700.254 -0.0947171
77.9 700.253 -0.0947424
77.91 700.252 -0.0947676
77.92 700.251 -0.0947927
77.93 700.25 -0.0948177
77.94 700.249 -0.0948426
77.95 700.248 -0.0948674
77.96 700.247 -0.0948921
77.97 700.246 -0.0949168
77.98 700.245 -0.0949413
77.99 700.244 -0.0949658
78 700.243 -0.0949901
78.01 700.242 -0.0950144
78.02 700.241 -0.0950385
78.03 700.24 -0.0950626
78.04 700.239 -0.0950866
78.05 700.238 -0.0951105
78.06 700.238 -0.0951342
78.07 700.237 -0.0951579
78.08 700.236 -0.0951814
78.09 700.235 -0.0952049
78.1 700.234 -0.0952283
78.11 700.233 -0.0952516
